time,enrolled,available,waitlisted,total
2023-05-25T01:14:07,0,9999,0,9999
2023-05-25T01:25:43,0,9999,0,9999
2023-05-25T01:37:19,0,9999,0,9999
2023-05-25T01:49:03,0,9999,0,9999
2023-05-25T02:00:39,0,9999,0,9999
2023-05-25T02:12:14,0,9999,0,9999
2023-05-25T02:23:51,0,9999,0,9999
2023-05-25T02:35:25,0,9999,0,9999
2023-05-25T02:46:58,0,9999,0,9999
2023-05-25T02:58:31,0,9999,0,9999
2023-05-25T03:10:07,0,9999,0,9999
2023-05-25T03:21:46,0,9999,0,9999
2023-05-25T03:33:43,0,9999,0,9999
2023-05-25T03:45:20,0,9999,0,9999
2023-05-25T03:56:55,0,9999,0,9999
2023-05-25T04:16:17,0,9999,0,9999
2023-05-25T04:28:19,0,9999,0,9999
2023-05-25T04:39:55,0,9999,0,9999
2023-05-25T04:51:31,0,9999,0,9999
2023-05-25T05:03:07,0,9999,0,9999
2023-05-25T05:14:44,0,9999,0,9999
2023-05-25T05:26:20,0,9999,0,9999
2023-05-25T05:37:57,0,9999,0,9999
2023-05-25T05:49:33,0,9999,0,9999
2023-05-25T06:01:10,0,9999,0,9999
2023-05-25T06:12:45,0,9999,0,9999
2023-05-25T06:24:20,0,9999,0,9999
2023-05-25T06:35:55,0,9999,0,9999
2023-05-25T06:47:30,0,9999,0,9999
2023-05-25T06:59:05,0,9999,0,9999
2023-05-25T07:10:41,0,9999,0,9999
2023-05-25T07:22:16,0,9999,0,9999
2023-05-25T07:33:49,0,9999,0,9999
2023-05-25T07:45:26,0,9999,0,9999
2023-05-25T07:57:02,0,9999,0,9999
2023-05-25T08:08:36,0,9999,0,9999
2023-05-25T08:20:11,0,9999,0,9999
2023-05-25T08:31:55,0,9999,0,9999
2023-05-25T08:43:28,0,9999,0,9999
2023-05-25T08:55:00,0,9999,0,9999
2023-05-25T09:06:34,0,9999,0,9999
2023-05-25T09:18:06,0,9999,0,9999
2023-05-25T09:29:39,0,9999,0,9999
2023-05-25T09:41:12,0,9999,0,9999
2023-05-25T09:52:44,0,9999,0,9999
2023-05-25T10:04:18,0,9999,0,9999
2023-05-25T10:16:02,0,9999,0,9999
2023-05-25T10:27:35,0,9999,0,9999
2023-05-25T10:39:08,0,9999,0,9999
2023-05-25T10:50:40,0,9999,0,9999
2023-05-25T11:02:23,0,9999,0,9999
2023-05-25T11:13:56,0,9999,0,9999
2023-05-25T11:25:29,0,9999,0,9999
2023-05-25T11:37:01,0,9999,0,9999
2023-05-25T11:48:34,0,9999,0,9999
2023-05-25T12:00:18,0,9999,0,9999
2023-05-25T12:11:51,0,9999,0,9999
2023-05-25T12:23:24,0,9999,0,9999
2023-05-25T12:34:57,0,9999,0,9999
2023-05-25T12:46:30,0,9999,0,9999
2023-05-25T12:58:03,0,9999,0,9999
2023-05-25T13:09:46,0,9999,0,9999
2023-05-25T13:21:18,0,9999,0,9999
2023-05-25T13:32:52,0,9999,0,9999
2023-05-25T13:44:25,0,9999,0,9999
2023-05-25T13:55:58,0,9999,0,9999
2023-05-25T14:07:43,0,9999,0,9999
2023-05-25T14:19:16,0,9999,0,9999
2023-05-25T14:30:49,0,9999,0,9999
2023-05-25T14:42:22,0,9999,0,9999
2023-05-25T14:53:56,0,9999,0,9999
2023-05-25T15:05:40,0,9999,0,9999
2023-05-25T15:17:14,0,9999,0,9999
2023-05-25T15:28:48,0,9999,0,9999
2023-05-25T15:40:23,0,9999,0,9999
2023-05-25T15:51:57,0,9999,0,9999
2023-05-25T16:03:32,0,9999,0,9999
2023-05-25T16:15:18,0,9999,0,9999
2023-05-25T16:26:53,0,9999,0,9999
2023-05-25T16:38:27,0,9999,0,9999
2023-05-25T16:50:03,0,9999,0,9999
2023-05-25T17:01:39,0,9999,0,9999
2023-05-25T17:13:16,0,9999,0,9999
2023-05-25T17:25:02,0,9999,0,9999
2023-05-25T17:36:38,0,9999,0,9999
2023-05-25T17:48:14,0,9999,0,9999
2023-05-25T17:59:49,0,9999,0,9999
2023-05-25T18:11:26,0,9999,0,9999
2023-05-25T18:23:02,0,9999,0,9999
2023-05-25T18:34:37,0,9999,0,9999
2023-05-25T18:46:22,0,9999,0,9999
2023-05-25T18:57:58,0,9999,0,9999
2023-05-25T19:09:35,0,9999,0,9999
2023-05-25T19:21:11,0,9999,0,9999
2023-05-25T19:32:46,0,9999,0,9999
2023-05-25T19:44:23,0,9999,0,9999
2023-05-25T19:56:08,0,9999,0,9999
2023-05-25T20:07:43,0,9999,0,9999
2023-05-25T20:19:19,0,9999,0,9999
2023-05-25T20:30:56,0,9999,0,9999
2023-05-25T20:42:31,0,9999,0,9999
2023-05-25T20:54:07,0,9999,0,9999
2023-05-25T21:05:42,0,9999,0,9999
2023-05-25T21:17:19,0,9999,0,9999
2023-05-25T21:29:05,0,9999,0,9999
2023-05-25T21:40:41,0,9999,0,9999
2023-05-25T21:52:17,0,9999,0,9999
2023-05-25T22:03:52,0,9999,0,9999
2023-05-25T22:15:27,0,9999,0,9999
2023-05-25T22:27:03,0,9999,0,9999
2023-05-25T22:38:38,0,9999,0,9999
2023-05-25T22:50:25,0,9999,0,9999
2023-05-25T23:02:01,0,9999,0,9999
2023-05-25T23:13:38,0,9999,0,9999
2023-05-25T23:25:14,0,9999,0,9999
2023-05-25T23:36:50,0,9999,0,9999
2023-05-25T23:48:26,0,9999,0,9999
2023-05-26T00:00:03,0,9999,0,9999
2023-05-26T00:12:00,0,9999,0,9999
2023-05-26T00:23:40,0,9999,0,9999
2023-05-26T00:35:19,0,9999,0,9999
2023-05-26T00:46:57,0,9999,0,9999
2023-05-26T00:58:36,0,9999,0,9999
2023-05-26T01:10:16,0,9999,0,9999
2023-05-26T01:21:54,0,9999,0,9999
2023-05-26T01:33:32,0,9999,0,9999
2023-05-26T01:45:20,0,9999,0,9999
2023-05-26T01:56:59,0,9999,0,9999
2023-05-26T02:08:40,0,9999,0,9999
2023-05-26T02:20:18,0,9999,0,9999
2023-05-26T02:31:55,0,9999,0,9999
2023-05-26T02:43:43,0,9999,0,9999
2023-05-26T02:55:24,0,9999,0,9999
2023-05-26T03:07:04,0,9999,0,9999
2023-05-26T03:18:46,0,9999,0,9999
2023-05-26T03:30:24,0,9999,0,9999
2023-05-26T03:42:02,0,9999,0,9999
2023-05-26T03:53:41,0,9999,0,9999
2023-05-26T04:05:19,0,9999,0,9999
2023-05-26T04:27:28,0,9999,0,9999
2023-05-26T04:39:32,0,9999,0,9999
2023-05-26T04:51:13,0,9999,0,9999
2023-05-26T05:02:53,0,9999,0,9999
2023-05-26T05:14:35,0,9999,0,9999
2023-05-26T05:26:13,0,9999,0,9999
2023-05-26T05:37:52,0,9999,0,9999
2023-05-26T05:49:31,0,9999,0,9999
2023-05-26T06:01:10,0,9999,0,9999
2023-05-26T06:12:49,0,9999,0,9999
2023-05-26T06:24:28,0,9999,0,9999
2023-05-26T06:36:07,0,9999,0,9999
2023-05-26T06:47:45,0,9999,0,9999
2023-05-26T06:59:23,0,9999,0,9999
2023-05-26T07:11:02,0,9999,0,9999
2023-05-26T07:22:41,0,9999,0,9999
2023-05-26T07:34:26,0,9999,0,9999
2023-05-26T07:46:03,0,9999,0,9999
2023-05-26T07:57:41,0,9999,0,9999
2023-05-26T08:09:16,0,9999,0,9999
2023-05-26T08:20:53,0,9999,0,9999
2023-05-26T08:32:29,0,9999,0,9999
2023-05-26T08:44:05,0,9999,0,9999
2023-05-26T08:55:41,0,9999,0,9999
2023-05-26T09:07:17,0,9999,0,9999
2023-05-26T09:18:54,0,9999,0,9999
2023-05-26T09:30:41,0,9999,0,9999
2023-05-26T09:42:17,0,9999,0,9999
2023-05-26T09:53:53,0,9999,0,9999
2023-05-26T10:05:29,0,9999,0,9999
2023-05-26T10:17:06,0,9999,0,9999
2023-05-26T10:28:42,0,9999,0,9999
2023-05-26T10:40:30,0,9999,0,9999
2023-05-26T10:52:07,0,9999,0,9999
2023-05-26T11:03:43,0,9999,0,9999
2023-05-26T11:15:20,0,9999,0,9999
2023-05-26T11:26:56,0,9999,0,9999
2023-05-26T11:38:42,0,9999,0,9999
2023-05-26T11:50:18,0,9999,0,9999
2023-05-26T12:01:54,0,9999,0,9999
2023-05-26T12:13:31,0,9999,0,9999
2023-05-26T12:25:06,0,9999,0,9999
2023-05-26T12:36:43,0,9999,0,9999
2023-05-26T12:48:30,0,9999,0,9999
2023-05-26T13:00:06,0,9999,0,9999
2023-05-26T13:11:42,0,9999,0,9999
2023-05-26T13:23:17,0,9999,0,9999
2023-05-26T13:35:04,0,9999,0,9999
2023-05-26T13:46:40,0,9999,0,9999
2023-05-26T13:58:15,0,9999,0,9999
2023-05-26T14:09:51,0,9999,0,9999
2023-05-26T14:21:38,0,9999,0,9999
2023-05-26T14:33:15,0,9999,0,9999
2023-05-26T14:44:51,0,9999,0,9999
2023-05-26T14:56:27,0,9999,0,9999
2023-05-26T15:08:05,0,9999,0,9999
2023-05-26T15:19:41,0,9999,0,9999
2023-05-26T15:31:27,0,9999,0,9999
2023-05-26T15:43:03,0,9999,0,9999
2023-05-26T15:54:39,0,9999,0,9999
2023-05-26T16:06:15,0,9999,0,9999
2023-05-26T16:17:51,0,9999,0,9999
2023-05-26T16:29:26,0,9999,0,9999
2023-05-26T16:41:12,0,9999,0,9999
2023-05-26T16:52:47,0,9999,0,9999
2023-05-26T17:04:23,0,9999,0,9999
2023-05-26T17:16:00,0,9999,0,9999
2023-05-26T17:27:36,0,9999,0,9999
2023-05-26T17:39:12,0,9999,0,9999
2023-05-26T17:50:58,0,9999,0,9999
2023-05-26T18:02:33,0,9999,0,9999
2023-05-26T18:14:09,0,9999,0,9999
2023-05-26T18:25:45,0,9999,0,9999
2023-05-26T18:37:20,0,9999,0,9999
2023-05-26T18:49:06,0,9999,0,9999
2023-05-26T19:00:42,0,9999,0,9999
2023-05-26T19:12:19,0,9999,0,9999
2023-05-26T19:23:54,0,9999,0,9999
2023-05-26T19:35:30,0,9999,0,9999
2023-05-26T19:47:06,0,9999,0,9999
2023-05-26T19:58:41,0,9999,0,9999
2023-05-26T20:10:17,0,9999,0,9999
2023-05-26T20:22:03,0,9999,0,9999
2023-05-26T20:33:39,0,9999,0,9999
2023-05-26T20:45:14,0,9999,0,9999
2023-05-26T20:56:49,0,9999,0,9999
2023-05-26T21:08:25,0,9999,0,9999
2023-05-26T21:20:02,0,9999,0,9999
2023-05-26T21:31:38,0,9999,0,9999
2023-05-26T21:43:24,0,9999,0,9999
2023-05-26T21:55:01,0,9999,0,9999
2023-05-26T22:06:36,0,9999,0,9999
2023-05-26T22:18:12,0,9999,0,9999
2023-05-26T22:29:48,0,9999,0,9999
2023-05-26T22:41:24,0,9999,0,9999
2023-05-26T22:53:00,0,9999,0,9999
2023-05-26T23:04:39,0,9999,0,9999
2023-05-26T23:16:25,0,9999,0,9999
2023-05-26T23:28:01,0,9999,0,9999
2023-05-26T23:39:38,0,9999,0,9999
2023-05-26T23:51:14,0,9999,0,9999
2023-05-27T00:02:51,0,9999,0,9999
2023-05-27T00:14:30,0,9999,0,9999
2023-05-27T00:26:10,0,9999,0,9999
2023-05-27T00:37:48,0,9999,0,9999
2023-05-27T00:49:27,0,9999,0,9999
2023-05-27T01:01:07,0,9999,0,9999
2023-05-27T01:12:45,0,9999,0,9999
2023-05-27T01:24:34,0,9999,0,9999
2023-05-27T01:36:13,0,9999,0,9999
2023-05-27T01:47:52,0,9999,0,9999
2023-05-27T01:59:31,0,9999,0,9999
2023-05-27T02:11:09,0,9999,0,9999
2023-05-27T02:22:47,0,9999,0,9999
2023-05-27T02:34:23,0,9999,0,9999
2023-05-27T02:46:00,0,9999,0,9999
2023-05-27T02:57:36,0,9999,0,9999
2023-05-27T03:09:13,0,9999,0,9999
2023-05-27T03:20:52,0,9999,0,9999
2023-05-27T03:32:29,0,9999,0,9999
2023-05-27T03:44:06,0,9999,0,9999
2023-05-27T03:55:44,0,9999,0,9999
2023-05-27T04:07:23,0,9999,0,9999
2023-05-27T04:19:27,0,9999,0,9999
2023-05-27T04:28:56,0,9999,0,9999
2023-05-27T04:41:52,0,9999,0,9999
2023-05-27T04:53:49,0,9999,0,9999
2023-05-27T05:05:28,0,9999,0,9999
2023-05-27T05:17:07,0,9999,0,9999
2023-05-27T05:28:46,0,9999,0,9999
2023-05-27T05:40:26,0,9999,0,9999
2023-05-27T05:52:05,0,9999,0,9999
2023-05-27T06:03:43,0,9999,0,9999
2023-05-27T06:15:21,0,9999,0,9999
2023-05-27T06:27:02,0,9999,0,9999
2023-05-27T06:38:41,0,9999,0,9999
2023-05-27T06:50:19,0,9999,0,9999
2023-05-27T07:01:58,0,9999,0,9999
2023-05-27T07:13:36,0,9999,0,9999
2023-05-27T07:25:14,0,9999,0,9999
2023-05-27T07:36:51,0,9999,0,9999
2023-05-27T07:48:29,0,9999,0,9999
2023-05-27T08:00:19,0,9999,0,9999
2023-05-27T08:11:57,0,9999,0,9999
2023-05-27T08:23:34,0,9999,0,9999
2023-05-27T08:35:13,0,9999,0,9999
2023-05-27T08:46:52,0,9999,0,9999
2023-05-27T08:58:29,0,9999,0,9999
2023-05-27T09:10:07,0,9999,0,9999
2023-05-27T09:21:44,0,9999,0,9999
2023-05-27T09:33:24,0,9999,0,9999
2023-05-27T09:45:02,0,9999,0,9999
2023-05-27T09:56:39,0,9999,0,9999
2023-05-27T10:08:34,0,9999,0,9999
2023-05-27T10:20:10,0,9999,0,9999
2023-05-27T10:31:49,0,9999,0,9999
2023-05-27T10:43:25,0,9999,0,9999
2023-05-27T10:55:02,0,9999,0,9999
2023-05-27T11:06:38,0,9999,0,9999
2023-05-27T11:18:13,0,9999,0,9999
2023-05-27T11:29:49,0,9999,0,9999
2023-05-27T11:41:23,0,9999,0,9999
2023-05-27T11:52:58,0,9999,0,9999
2023-05-27T12:04:42,0,9999,0,9999
2023-05-27T12:16:18,0,9999,0,9999
2023-05-27T12:27:53,0,9999,0,9999
2023-05-27T12:39:29,0,9999,0,9999
2023-05-27T12:51:04,0,9999,0,9999
2023-05-27T13:02:40,0,9999,0,9999
2023-05-27T13:14:15,0,9999,0,9999
2023-05-27T13:25:50,0,9999,0,9999
2023-05-27T13:37:45,0,9999,0,9999
2023-05-27T13:49:20,0,9999,0,9999
2023-05-27T14:00:55,0,9999,0,9999
2023-05-27T14:12:31,0,9999,0,9999
2023-05-27T14:24:07,0,9999,0,9999
2023-05-27T14:35:42,0,9999,0,9999
2023-05-27T14:47:17,0,9999,0,9999
2023-05-27T14:59:03,0,9999,0,9999
2023-05-27T15:10:38,0,9999,0,9999
2023-05-27T15:22:13,0,9999,0,9999
2023-05-27T15:33:48,0,9999,0,9999
2023-05-27T15:45:23,0,9999,0,9999
2023-05-27T15:56:58,0,9999,0,9999
2023-05-27T16:08:33,0,9999,0,9999
2023-05-27T16:20:08,0,9999,0,9999
2023-05-27T16:31:53,0,9999,0,9999
2023-05-27T16:43:29,0,9999,0,9999
2023-05-27T16:55:03,0,9999,0,9999
2023-05-27T17:06:40,0,9999,0,9999
2023-05-27T17:18:18,0,9999,0,9999
2023-05-27T17:29:53,0,9999,0,9999
2023-05-27T17:41:38,0,9999,0,9999
2023-05-27T17:53:14,0,9999,0,9999
2023-05-27T18:04:49,0,9999,0,9999
2023-05-27T18:16:25,0,9999,0,9999
2023-05-27T18:28:00,0,9999,0,9999
2023-05-27T18:39:35,0,9999,0,9999
2023-05-27T18:51:10,0,9999,0,9999
2023-05-27T19:02:46,0,9999,0,9999
2023-05-27T19:14:42,0,9999,0,9999
2023-05-27T19:26:17,0,9999,0,9999
2023-05-27T19:37:53,0,9999,0,9999
2023-05-27T19:49:29,0,9999,0,9999
2023-05-27T20:01:04,0,9999,0,9999
2023-05-27T20:12:39,0,9999,0,9999
2023-05-27T20:24:15,0,9999,0,9999
2023-05-27T20:35:50,0,9999,0,9999
2023-05-27T20:47:34,0,9999,0,9999
2023-05-27T20:59:09,0,9999,0,9999
2023-05-27T21:10:44,0,9999,0,9999
2023-05-27T21:22:20,0,9999,0,9999
2023-05-27T21:33:55,0,9999,0,9999
2023-05-27T21:45:31,0,9999,0,9999
2023-05-27T21:57:06,0,9999,0,9999
2023-05-27T22:08:42,0,9999,0,9999
2023-05-27T22:20:26,0,9999,0,9999
2023-05-27T22:32:02,0,9999,0,9999
2023-05-27T22:43:37,0,9999,0,9999
2023-05-27T22:55:12,0,9999,0,9999
2023-05-27T23:06:52,0,9999,0,9999
2023-05-27T23:18:28,0,9999,0,9999
2023-05-27T23:30:04,0,9999,0,9999
2023-05-27T23:41:56,0,9999,0,9999
2023-05-27T23:53:31,0,9999,0,9999
2023-05-28T00:05:09,0,9999,0,9999
2023-05-28T00:16:48,0,9999,0,9999
2023-05-28T00:28:25,0,9999,0,9999
2023-05-28T00:40:04,0,9999,0,9999
2023-05-28T00:51:41,0,9999,0,9999
2023-05-28T01:03:17,0,9999,0,9999
2023-05-28T01:14:54,0,9999,0,9999
2023-05-28T01:26:30,0,9999,0,9999
2023-05-28T01:38:15,0,9999,0,9999
2023-05-28T01:49:50,0,9999,0,9999
2023-05-28T02:01:26,0,9999,0,9999
2023-05-28T02:13:02,0,9999,0,9999
2023-05-28T02:24:38,0,9999,0,9999
2023-05-28T02:36:16,0,9999,0,9999
2023-05-28T02:47:57,0,9999,0,9999
2023-05-28T02:59:37,0,9999,0,9999
2023-05-28T03:11:18,0,9999,0,9999
2023-05-28T03:22:58,0,9999,0,9999
2023-05-28T03:34:37,0,9999,0,9999
2023-05-28T03:47:15,0,9999,0,9999
2023-05-28T03:59:24,0,9999,0,9999
2023-05-28T04:11:02,0,9999,0,9999
2023-05-28T04:25:01,0,9999,0,9999
2023-05-28T04:37:47,0,9999,0,9999
2023-05-28T04:49:56,0,9999,0,9999
2023-05-28T05:01:37,0,9999,0,9999
2023-05-28T05:13:14,0,9999,0,9999
2023-05-28T05:24:53,0,9999,0,9999
2023-05-28T05:36:34,0,9999,0,9999
2023-05-28T05:48:15,0,9999,0,9999
2023-05-28T05:59:55,0,9999,0,9999
2023-05-28T06:11:34,0,9999,0,9999
2023-05-28T06:23:12,0,9999,0,9999
2023-05-28T06:34:50,0,9999,0,9999
2023-05-28T06:46:28,0,9999,0,9999
2023-05-28T06:58:07,0,9999,0,9999
2023-05-28T07:09:44,0,9999,0,9999
2023-05-28T07:21:22,0,9999,0,9999
2023-05-28T07:33:02,0,9999,0,9999
2023-05-28T07:44:39,0,9999,0,9999
2023-05-28T07:56:20,0,9999,0,9999
2023-05-28T08:08:01,0,9999,0,9999
2023-05-28T08:19:39,0,9999,0,9999
2023-05-28T08:31:17,0,9999,0,9999
2023-05-28T08:42:55,0,9999,0,9999
2023-05-28T08:54:34,0,9999,0,9999
2023-05-28T09:06:12,0,9999,0,9999
2023-05-28T09:17:56,0,9999,0,9999
2023-05-28T09:29:32,0,9999,0,9999
2023-05-28T09:41:08,0,9999,0,9999
2023-05-28T09:52:44,0,9999,0,9999
2023-05-28T10:04:21,0,9999,0,9999
2023-05-28T10:15:57,0,9999,0,9999
2023-05-28T10:27:32,0,9999,0,9999
2023-05-28T10:39:08,0,9999,0,9999
2023-05-28T10:50:43,0,9999,0,9999
2023-05-28T11:02:19,0,9999,0,9999
2023-05-28T11:13:56,0,9999,0,9999
2023-05-28T11:25:31,0,9999,0,9999
2023-05-28T11:37:07,0,9999,0,9999
2023-05-28T11:48:43,0,9999,0,9999
2023-05-28T12:00:28,0,9999,0,9999
2023-05-28T12:12:03,0,9999,0,9999
2023-05-28T12:23:39,0,9999,0,9999
2023-05-28T12:35:15,0,9999,0,9999
2023-05-28T12:46:51,0,9999,0,9999
2023-05-28T12:58:27,0,9999,0,9999
2023-05-28T13:10:02,0,9999,0,9999
2023-05-28T13:21:38,0,9999,0,9999
2023-05-28T13:33:14,0,9999,0,9999
2023-05-28T13:44:50,0,9999,0,9999
2023-05-28T13:56:25,0,9999,0,9999
2023-05-28T14:08:09,0,9999,0,9999
2023-05-28T14:19:44,0,9999,0,9999
2023-05-28T14:31:20,0,9999,0,9999
2023-05-28T14:42:55,0,9999,0,9999
2023-05-28T14:54:31,0,9999,0,9999
2023-05-28T15:06:06,0,9999,0,9999
2023-05-28T15:17:43,0,9999,0,9999
2023-05-28T15:29:18,0,9999,0,9999
2023-05-28T15:40:53,0,9999,0,9999
2023-05-28T15:52:29,0,9999,0,9999
2023-05-28T16:04:05,0,9999,0,9999
2023-05-28T16:15:51,0,9999,0,9999
2023-05-28T16:27:27,0,9999,0,9999
2023-05-28T16:39:02,0,9999,0,9999
2023-05-28T16:50:37,0,9999,0,9999
2023-05-28T17:02:12,0,9999,0,9999
2023-05-28T17:13:48,0,9999,0,9999
2023-05-28T17:25:24,0,9999,0,9999
2023-05-28T17:36:59,0,9999,0,9999
2023-05-28T17:48:34,0,9999,0,9999
2023-05-28T18:00:20,0,9999,0,9999
2023-05-28T18:11:55,0,9999,0,9999
2023-05-28T18:23:31,0,9999,0,9999
2023-05-28T18:35:07,0,9999,0,9999
2023-05-28T18:46:42,0,9999,0,9999
2023-05-28T18:58:17,0,9999,0,9999
2023-05-28T19:09:55,0,9999,0,9999
2023-05-28T19:21:30,0,9999,0,9999
2023-05-28T19:33:05,0,9999,0,9999
2023-05-28T19:44:50,0,9999,0,9999
2023-05-28T19:56:26,0,9999,0,9999
2023-05-28T20:08:01,0,9999,0,9999
2023-05-28T20:19:37,0,9999,0,9999
2023-05-28T20:31:12,0,9999,0,9999
2023-05-28T20:42:47,0,9999,0,9999
2023-05-28T20:54:22,0,9999,0,9999
2023-05-28T21:05:57,0,9999,0,9999
2023-05-28T21:17:33,0,9999,0,9999
2023-05-28T21:29:18,0,9999,0,9999
2023-05-28T21:40:54,0,9999,0,9999
2023-05-28T21:52:29,0,9999,0,9999
2023-05-28T22:04:04,0,9999,0,9999
2023-05-28T22:15:40,0,9999,0,9999
2023-05-28T22:27:15,0,9999,0,9999
2023-05-28T22:38:51,0,9999,0,9999
2023-05-28T22:50:27,0,9999,0,9999
2023-05-28T23:02:15,0,9999,0,9999
2023-05-28T23:13:52,0,9999,0,9999
2023-05-28T23:25:28,0,9999,0,9999
2023-05-28T23:37:05,0,9999,0,9999
2023-05-28T23:48:41,0,9999,0,9999
2023-05-29T00:00:17,0,9999,0,9999
2023-05-29T00:12:03,0,9999,0,9999
2023-05-29T00:23:47,0,9999,0,9999
2023-05-29T00:35:29,0,9999,0,9999
2023-05-29T00:47:06,0,9999,0,9999
2023-05-29T00:58:56,0,9999,0,9999
2023-05-29T01:10:36,0,9999,0,9999
2023-05-29T01:22:15,0,9999,0,9999
2023-05-29T01:33:53,0,9999,0,9999
2023-05-29T01:45:32,0,9999,0,9999
2023-05-29T01:57:09,0,9999,0,9999
2023-05-29T02:08:55,0,9999,0,9999
2023-05-29T02:20:33,0,9999,0,9999
2023-05-29T02:32:10,0,9999,0,9999
2023-05-29T02:43:47,0,9999,0,9999
2023-05-29T02:55:23,0,9999,0,9999
2023-05-29T03:06:59,0,9999,0,9999
2023-05-29T03:18:37,0,9999,0,9999
2023-05-29T03:30:15,0,9999,0,9999
2023-05-29T03:42:01,0,9999,0,9999
2023-05-29T03:53:40,0,9999,0,9999
2023-05-29T04:05:18,0,9999,0,9999
2023-05-29T04:17:00,0,9999,0,9999
2023-05-29T04:28:02,0,9999,0,9999
2023-05-29T04:39:42,0,9999,0,9999
2023-05-29T04:52:50,0,9999,0,9999
2023-05-29T05:04:31,0,9999,0,9999
2023-05-29T05:16:10,0,9999,0,9999
2023-05-29T05:27:48,0,9999,0,9999
2023-05-29T05:39:27,0,9999,0,9999
2023-05-29T05:51:06,0,9999,0,9999
2023-05-29T06:02:45,0,9999,0,9999
2023-05-29T06:14:23,0,9999,0,9999
2023-05-29T06:26:02,0,9999,0,9999
2023-05-29T06:37:39,0,9999,0,9999
2023-05-29T06:49:17,0,9999,0,9999
2023-05-29T07:00:56,0,9999,0,9999
2023-05-29T07:12:33,0,9999,0,9999
2023-05-29T07:24:16,0,9999,0,9999
2023-05-29T07:35:51,0,9999,0,9999
2023-05-29T07:47:26,0,9999,0,9999
2023-05-29T07:59:02,0,9999,0,9999
2023-05-29T08:10:37,0,9999,0,9999
2023-05-29T08:22:12,0,9999,0,9999
2023-05-29T08:33:47,0,9999,0,9999
2023-05-29T08:45:23,0,9999,0,9999
2023-05-29T08:56:58,0,9999,0,9999
2023-05-29T09:08:33,0,9999,0,9999
2023-05-29T09:20:08,0,9999,0,9999
2023-05-29T09:31:43,0,9999,0,9999
2023-05-29T09:43:18,0,9999,0,9999
2023-05-29T09:55:05,0,9999,0,9999
2023-05-29T10:06:40,0,9999,0,9999
2023-05-29T10:18:15,0,9999,0,9999
2023-05-29T10:29:50,0,9999,0,9999
2023-05-29T10:41:26,0,9999,0,9999
2023-05-29T10:53:01,0,9999,0,9999
2023-05-29T11:04:36,0,9999,0,9999
2023-05-29T11:16:21,0,9999,0,9999
2023-05-29T11:27:56,0,9999,0,9999
2023-05-29T11:39:31,0,9999,0,9999
2023-05-29T11:51:06,0,9999,0,9999
2023-05-29T12:02:41,0,9999,0,9999
2023-05-29T12:14:16,0,9999,0,9999
2023-05-29T12:26:01,0,9999,0,9999
2023-05-29T12:37:37,0,9999,0,9999
2023-05-29T12:49:13,0,9999,0,9999
2023-05-29T13:00:49,0,9999,0,9999
2023-05-29T13:12:25,0,9999,0,9999
2023-05-29T13:24:10,0,9999,0,9999
2023-05-29T13:35:46,0,9999,0,9999
2023-05-29T13:47:22,0,9999,0,9999
2023-05-29T13:58:58,0,9999,0,9999
2023-05-29T14:10:44,0,9999,0,9999
2023-05-29T14:22:21,0,9999,0,9999
2023-05-29T14:33:57,0,9999,0,9999
2023-05-29T14:45:34,0,9999,0,9999
2023-05-29T14:57:22,0,9999,0,9999
2023-05-29T15:08:58,0,9999,0,9999
2023-05-29T15:20:34,0,9999,0,9999
2023-05-29T15:32:10,0,9999,0,9999
2023-05-29T15:43:46,0,9999,0,9999
2023-05-29T15:55:33,0,9999,0,9999
2023-05-29T16:07:09,0,9999,0,9999
2023-05-29T16:18:47,0,9999,0,9999
2023-05-29T16:30:24,0,9999,0,9999
2023-05-29T16:42:00,0,9999,0,9999
2023-05-29T16:53:47,0,9999,0,9999
2023-05-29T17:05:24,0,9999,0,9999
2023-05-29T17:17:03,0,9999,0,9999
2023-05-29T17:28:39,0,9999,0,9999
2023-05-29T17:40:24,0,9999,0,9999
2023-05-29T17:52:02,0,9999,0,9999
2023-05-29T18:03:40,0,9999,0,9999
2023-05-29T18:15:17,0,9999,0,9999
2023-05-29T18:26:53,0,9999,0,9999
2023-05-29T18:38:43,0,9999,0,9999
2023-05-29T18:50:20,0,9999,0,9999
2023-05-29T19:01:56,0,9999,0,9999
2023-05-29T19:13:33,0,9999,0,9999
2023-05-29T19:25:10,0,9999,0,9999
2023-05-29T19:36:55,0,9999,0,9999
2023-05-29T19:48:31,0,9999,0,9999
2023-05-29T20:00:09,0,9999,0,9999
2023-05-29T20:11:47,0,9999,0,9999
2023-05-29T20:23:23,0,9999,0,9999
2023-05-29T20:35:10,0,9999,0,9999
2023-05-29T20:46:46,0,9999,0,9999
2023-05-29T20:58:22,0,9999,0,9999
2023-05-29T21:09:59,0,9999,0,9999
2023-05-29T21:21:36,0,9999,0,9999
2023-05-29T21:33:26,0,9999,0,9999
2023-05-29T21:45:02,0,9999,0,9999
2023-05-29T21:56:40,0,9999,0,9999
2023-05-29T22:08:16,0,9999,0,9999
2023-05-29T22:19:52,0,9999,0,9999
2023-05-29T22:31:36,0,9999,0,9999
2023-05-29T22:43:12,0,9999,0,9999
2023-05-29T22:54:49,0,9999,0,9999
2023-05-29T23:06:26,0,9999,0,9999
2023-05-29T23:18:02,0,9999,0,9999
2023-05-29T23:29:38,0,9999,0,9999
2023-05-29T23:41:24,0,9999,0,9999
2023-05-29T23:53:01,0,9999,0,9999
2023-05-30T00:04:37,0,9999,0,9999
2023-05-30T00:16:15,0,9999,0,9999
2023-05-30T00:27:52,0,9999,0,9999
2023-05-30T00:39:30,0,9999,0,9999
2023-05-30T00:51:17,0,9999,0,9999
2023-05-30T01:02:54,0,9999,0,9999
2023-05-30T01:14:33,0,9999,0,9999
2023-05-30T01:26:10,0,9999,0,9999
2023-05-30T01:37:47,0,9999,0,9999
2023-05-30T01:49:22,0,9999,0,9999
2023-05-30T02:00:59,0,9999,0,9999
2023-05-30T02:12:36,0,9999,0,9999
2023-05-30T02:24:22,0,9999,0,9999
2023-05-30T02:35:59,0,9999,0,9999
2023-05-30T02:47:35,0,9999,0,9999
2023-05-30T02:59:22,0,9999,0,9999
2023-05-30T03:11:01,0,9999,0,9999
2023-05-30T03:22:39,0,9999,0,9999
2023-05-30T03:34:17,0,9999,0,9999
2023-05-30T03:45:55,0,9999,0,9999
2023-05-30T03:57:33,0,9999,0,9999
2023-05-30T04:09:10,0,9999,0,9999
2023-05-30T04:20:49,0,9999,0,9999
2023-05-30T04:31:18,0,9999,0,9999
2023-05-30T04:42:59,0,9999,0,9999
2023-05-30T04:54:39,0,9999,0,9999
2023-05-30T05:06:19,0,9999,0,9999
2023-05-30T05:17:58,0,9999,0,9999
2023-05-30T05:29:36,0,9999,0,9999
2023-05-30T05:41:15,0,9999,0,9999
2023-05-30T05:52:54,0,9999,0,9999
2023-05-30T06:04:33,0,9999,0,9999
2023-05-30T06:16:11,0,9999,0,9999
2023-05-30T06:27:50,0,9999,0,9999
2023-05-30T06:39:28,0,9999,0,9999
2023-05-30T06:51:07,0,9999,0,9999
2023-05-30T07:02:44,0,9999,0,9999
2023-05-30T07:14:22,0,9999,0,9999
2023-05-30T07:25:58,0,9999,0,9999
2023-05-30T07:37:34,0,9999,0,9999
2023-05-30T07:49:13,0,9999,0,9999
2023-05-30T08:00:48,0,9999,0,9999
2023-05-30T08:12:24,0,9999,0,9999
2023-05-30T08:24:11,0,9999,0,9999
2023-05-30T08:35:48,0,9999,0,9999
2023-05-30T08:47:24,0,9999,0,9999
2023-05-30T08:59:00,0,9999,0,9999
2023-05-30T09:10:37,0,9999,0,9999
2023-05-30T09:22:15,0,9999,0,9999
2023-05-30T09:34:04,1,9998,0,9999
2023-05-30T09:45:41,1,9998,0,9999
2023-05-30T09:57:18,1,9998,0,9999
2023-05-30T10:08:58,1,9998,0,9999
2023-05-30T10:20:37,1,9998,0,9999
2023-05-30T10:32:27,1,9998,0,9999
2023-05-30T10:44:10,1,9998,0,9999
2023-05-30T10:55:49,1,9998,0,9999
2023-05-30T11:07:44,1,9998,0,9999
2023-05-30T11:19:25,1,9998,0,9999
2023-05-30T11:31:17,1,9998,0,9999
2023-05-30T11:42:57,1,9998,0,9999
2023-05-30T11:54:36,1,9998,0,9999
2023-05-30T12:06:17,1,9998,0,9999
2023-05-30T12:18:05,1,9998,0,9999
2023-05-30T12:29:43,1,9998,0,9999
2023-05-30T12:41:26,1,9998,0,9999
2023-05-30T12:53:21,1,9998,0,9999
2023-05-30T13:05:03,1,9998,0,9999
2023-05-30T13:16:44,1,9998,0,9999
2023-05-30T13:28:36,1,9998,0,9999
2023-05-30T13:40:17,1,9998,0,9999
2023-05-30T13:51:59,1,9998,0,9999
2023-05-30T14:03:48,1,9998,0,9999
2023-05-30T14:15:31,1,9998,0,9999
2023-05-30T14:27:12,1,9998,0,9999
2023-05-30T14:39:05,1,9998,0,9999
2023-05-30T14:50:44,1,9998,0,9999
2023-05-30T15:02:25,1,9998,0,9999
2023-05-30T15:14:17,1,9998,0,9999
2023-05-30T15:25:56,1,9998,0,9999
2023-05-30T15:37:37,1,9998,0,9999
2023-05-30T15:49:29,1,9998,0,9999
2023-05-30T16:01:13,1,9998,0,9999
2023-05-30T16:12:56,1,9998,0,9999
2023-05-30T16:24:46,1,9998,0,9999
2023-05-30T16:36:28,1,9998,0,9999
2023-05-30T16:48:05,1,9998,0,9999
2023-05-30T16:59:55,1,9998,0,9999
2023-05-30T17:11:38,1,9998,0,9999
2023-05-30T17:23:16,1,9998,0,9999
2023-05-30T17:34:54,1,9998,0,9999
2023-05-30T17:46:44,1,9998,0,9999
2023-05-30T17:58:21,1,9998,0,9999
2023-05-30T18:10:10,1,9998,0,9999
2023-05-30T18:22:01,1,9998,0,9999
2023-05-30T18:33:41,1,9998,0,9999
2023-05-30T18:45:18,1,9998,0,9999
2023-05-30T18:56:56,1,9998,0,9999
2023-05-30T19:08:47,1,9998,0,9999
2023-05-30T19:20:28,1,9998,0,9999
2023-05-30T19:32:08,1,9998,0,9999
2023-05-30T19:43:47,1,9998,0,9999
2023-05-30T19:55:35,1,9998,0,9999
2023-05-30T20:07:13,1,9998,0,9999
2023-05-30T20:18:52,1,9998,0,9999
2023-05-30T20:30:31,1,9998,0,9999
2023-05-30T20:42:10,1,9998,0,9999
2023-05-30T20:54:00,1,9998,0,9999
2023-05-30T21:05:40,1,9998,0,9999
2023-05-30T21:17:17,1,9998,0,9999
2023-05-30T21:28:56,1,9998,0,9999
2023-05-30T21:40:47,1,9998,0,9999
2023-05-30T21:52:25,1,9998,0,9999
2023-05-30T22:04:01,1,9998,0,9999
2023-05-30T22:15:41,1,9998,0,9999
2023-05-30T22:27:17,1,9998,0,9999
2023-05-30T22:39:05,1,9998,0,9999
2023-05-30T22:50:40,1,9998,0,9999
2023-05-30T23:02:16,1,9998,0,9999
2023-05-30T23:13:55,1,9998,0,9999
2023-05-30T23:25:32,1,9998,0,9999
2023-05-30T23:37:20,1,9998,0,9999
2023-05-30T23:48:56,1,9998,0,9999
2023-05-31T00:00:33,1,9998,0,9999
2023-05-31T00:12:12,1,9998,0,9999
2023-05-31T00:23:53,1,9998,0,9999
2023-05-31T00:35:32,1,9998,0,9999
2023-05-31T00:47:10,1,9998,0,9999
2023-05-31T00:58:48,1,9998,0,9999
2023-05-31T01:10:37,1,9998,0,9999
2023-05-31T01:22:18,1,9998,0,9999
2023-05-31T01:33:58,1,9998,0,9999
2023-05-31T01:45:36,1,9998,0,9999
2023-05-31T01:57:15,1,9998,0,9999
2023-05-31T02:08:54,1,9998,0,9999
2023-05-31T02:20:32,1,9998,0,9999
2023-05-31T02:32:10,1,9998,0,9999
2023-05-31T02:43:48,1,9998,0,9999
2023-05-31T02:55:26,1,9998,0,9999
2023-05-31T03:07:05,1,9998,0,9999
2023-05-31T03:18:55,1,9998,0,9999
2023-05-31T03:30:34,1,9998,0,9999
2023-05-31T03:42:14,1,9998,0,9999
2023-05-31T03:53:55,1,9998,0,9999
2023-05-31T04:05:48,1,9998,0,9999
2023-05-31T04:17:29,1,9998,0,9999
2023-05-31T04:27:53,1,9998,0,9999
2023-05-31T04:41:03,1,9998,0,9999
2023-05-31T04:52:44,1,9998,0,9999
2023-05-31T05:04:26,1,9998,0,9999
2023-05-31T05:16:06,1,9998,0,9999
2023-05-31T05:27:46,1,9998,0,9999
2023-05-31T05:39:27,1,9998,0,9999
2023-05-31T05:51:07,1,9998,0,9999
2023-05-31T06:02:46,1,9998,0,9999
2023-05-31T06:14:25,1,9998,0,9999
2023-05-31T06:26:03,1,9998,0,9999
2023-05-31T06:37:43,1,9998,0,9999
2023-05-31T06:49:22,1,9998,0,9999
2023-05-31T07:01:01,1,9998,0,9999
2023-05-31T07:12:39,1,9998,0,9999
2023-05-31T07:24:16,1,9998,0,9999
2023-05-31T07:35:58,1,9998,0,9999
2023-05-31T07:47:35,1,9998,0,9999
2023-05-31T07:59:13,1,9998,0,9999
2023-05-31T08:11:01,1,9998,0,9999
2023-05-31T08:22:39,1,9998,0,9999
2023-05-31T08:34:18,1,9998,0,9999
2023-05-31T08:45:57,1,9998,0,9999
2023-05-31T08:57:36,1,9998,0,9999
2023-05-31T09:09:17,1,9998,0,9999
2023-05-31T09:20:58,1,9998,0,9999
2023-05-31T09:32:37,1,9998,0,9999
2023-05-31T09:44:27,1,9998,0,9999
2023-05-31T09:56:06,1,9998,0,9999
2023-05-31T10:07:45,1,9998,0,9999
2023-05-31T10:19:24,1,9998,0,9999
2023-05-31T10:31:05,1,9998,0,9999
2023-05-31T10:42:57,1,9998,0,9999
2023-05-31T10:54:38,1,9998,0,9999
2023-05-31T11:06:17,1,9998,0,9999
2023-05-31T11:17:57,1,9998,0,9999
2023-05-31T11:29:48,1,9998,0,9999
2023-05-31T11:41:28,1,9998,0,9999
2023-05-31T11:53:07,1,9998,0,9999
2023-05-31T12:04:46,1,9998,0,9999
2023-05-31T12:16:36,1,9998,0,9999
2023-05-31T12:28:15,1,9998,0,9999
2023-05-31T12:39:54,1,9998,0,9999
2023-05-31T12:51:32,1,9998,0,9999
2023-05-31T13:03:20,1,9998,0,9999
2023-05-31T13:14:58,1,9998,0,9999
2023-05-31T13:26:36,1,9998,0,9999
2023-05-31T13:38:15,1,9998,0,9999
2023-05-31T13:50:03,1,9998,0,9999
2023-05-31T14:01:41,1,9998,0,9999
2023-05-31T14:13:19,1,9998,0,9999
2023-05-31T14:24:57,1,9998,0,9999
2023-05-31T14:36:35,1,9998,0,9999
2023-05-31T14:48:24,1,9998,0,9999
2023-05-31T15:00:04,1,9998,0,9999
2023-05-31T15:11:44,1,9998,0,9999
2023-05-31T15:23:23,1,9998,0,9999
2023-05-31T15:35:01,1,9998,0,9999
2023-05-31T15:46:49,1,9998,0,9999
2023-05-31T15:58:27,1,9998,0,9999
2023-05-31T16:10:05,1,9998,0,9999
2023-05-31T16:21:43,1,9998,0,9999
2023-05-31T16:33:21,1,9998,0,9999
2023-05-31T16:45:10,1,9998,0,9999
2023-05-31T16:56:48,1,9998,0,9999
2023-05-31T17:08:27,1,9998,0,9999
2023-05-31T17:20:06,1,9998,0,9999
2023-05-31T17:31:44,1,9998,0,9999
2023-05-31T17:43:24,1,9998,0,9999
2023-05-31T17:55:12,1,9998,0,9999
2023-05-31T18:06:50,1,9998,0,9999
2023-05-31T18:18:28,1,9998,0,9999
2023-05-31T18:30:07,1,9998,0,9999
2023-05-31T18:41:45,1,9998,0,9999
2023-05-31T18:53:22,1,9998,0,9999
2023-05-31T19:05:02,1,9998,0,9999
2023-05-31T19:16:40,1,9998,0,9999
2023-05-31T19:28:29,1,9998,0,9999
2023-05-31T19:40:07,1,9998,0,9999
2023-05-31T19:51:45,1,9998,0,9999
2023-05-31T20:03:22,1,9998,0,9999
2023-05-31T20:15:01,1,9998,0,9999
2023-05-31T20:26:38,1,9998,0,9999
2023-05-31T20:38:16,1,9998,0,9999
2023-05-31T20:50:04,1,9998,0,9999
2023-05-31T21:01:42,1,9998,0,9999
2023-05-31T21:13:21,1,9998,0,9999
2023-05-31T21:24:59,1,9998,0,9999
2023-05-31T21:36:36,1,9998,0,9999
2023-05-31T21:48:14,1,9998,0,9999
2023-05-31T21:59:52,1,9998,0,9999
2023-05-31T22:11:30,1,9998,0,9999
2023-05-31T22:23:18,1,9998,0,9999
2023-05-31T22:34:57,1,9998,0,9999
2023-05-31T22:46:35,1,9998,0,9999
2023-05-31T22:58:13,1,9998,0,9999
2023-05-31T23:09:51,1,9998,0,9999
2023-05-31T23:21:30,1,9998,0,9999
2023-05-31T23:33:20,1,9998,0,9999
2023-05-31T23:44:58,1,9998,0,9999
2023-05-31T23:56:37,1,9998,0,9999
2023-06-01T00:08:18,1,9998,0,9999
2023-06-01T00:20:04,1,9998,0,9999
2023-06-01T00:31:44,1,9998,0,9999
2023-06-01T00:43:25,1,9998,0,9999
2023-06-01T00:55:07,1,9998,0,9999
2023-06-01T01:06:49,1,9998,0,9999
2023-06-01T01:18:30,1,9998,0,9999
2023-06-01T01:30:21,1,9998,0,9999
2023-06-01T01:42:01,1,9998,0,9999
2023-06-01T01:53:40,1,9998,0,9999
2023-06-01T02:05:19,1,9998,0,9999
2023-06-01T02:16:58,1,9998,0,9999
2023-06-01T02:28:36,1,9998,0,9999
2023-06-01T02:40:16,1,9998,0,9999
2023-06-01T02:51:56,1,9998,0,9999
2023-06-01T03:03:36,1,9998,0,9999
2023-06-01T03:15:18,1,9998,0,9999
2023-06-01T03:26:59,1,9998,0,9999
2023-06-01T03:38:40,1,9998,0,9999
2023-06-01T03:50:22,1,9998,0,9999
2023-06-01T04:02:03,1,9998,0,9999
2023-06-01T04:13:44,1,9998,0,9999
2023-06-01T04:27:38,1,9998,0,9999
2023-06-01T04:39:23,1,9998,0,9999
2023-06-01T04:52:25,1,9998,0,9999
2023-06-01T05:04:25,1,9998,0,9999
2023-06-01T05:16:07,1,9998,0,9999
2023-06-01T05:27:49,1,9998,0,9999
2023-06-01T05:39:30,1,9998,0,9999
2023-06-01T05:51:11,1,9998,0,9999
2023-06-01T06:02:53,1,9998,0,9999
2023-06-01T06:14:34,1,9998,0,9999
2023-06-01T06:26:15,1,9998,0,9999
2023-06-01T06:37:56,1,9998,0,9999
2023-06-01T06:49:37,1,9998,0,9999
2023-06-01T07:01:18,1,9998,0,9999
2023-06-01T07:12:59,1,9998,0,9999
2023-06-01T07:24:39,1,9998,0,9999
2023-06-01T07:36:19,1,9998,0,9999
2023-06-01T07:47:58,1,9998,0,9999
2023-06-01T07:59:39,1,9998,0,9999
2023-06-01T08:11:23,1,9998,0,9999
2023-06-01T08:23:03,1,9998,0,9999
2023-06-01T08:34:44,1,9998,0,9999
2023-06-01T08:46:34,1,9998,0,9999
2023-06-01T08:58:14,1,9998,0,9999
2023-06-01T09:09:54,1,9998,0,9999
2023-06-01T09:21:33,1,9998,0,9999
2023-06-01T09:33:12,1,9998,0,9999
2023-06-01T09:44:51,1,9998,0,9999
2023-06-01T09:56:31,1,9998,0,9999
2023-06-01T10:08:11,1,9998,0,9999
2023-06-01T10:19:49,1,9998,0,9999
2023-06-01T10:31:28,1,9998,0,9999
2023-06-01T10:43:17,1,9998,0,9999
2023-06-01T10:54:55,1,9998,0,9999
2023-06-01T11:06:33,1,9998,0,9999
2023-06-01T11:18:11,1,9998,0,9999
2023-06-01T11:29:49,1,9998,0,9999
2023-06-01T11:41:27,1,9998,0,9999
2023-06-01T11:53:16,1,9998,0,9999
2023-06-01T12:04:54,1,9998,0,9999
2023-06-01T12:16:32,1,9998,0,9999
2023-06-01T12:28:10,1,9998,0,9999
2023-06-01T12:39:48,1,9998,0,9999
2023-06-01T12:51:26,1,9998,0,9999
2023-06-01T13:03:06,1,9998,0,9999
2023-06-01T13:14:54,1,9998,0,9999
2023-06-01T13:26:33,1,9998,0,9999
2023-06-01T13:38:11,1,9998,0,9999
2023-06-01T13:49:50,1,9998,0,9999
2023-06-01T14:01:29,1,9998,0,9999
2023-06-01T14:13:19,1,9998,0,9999
2023-06-01T14:24:57,1,9998,0,9999
2023-06-01T14:36:36,1,9998,0,9999
2023-06-01T14:48:14,1,9998,0,9999
2023-06-01T14:59:53,1,9998,0,9999
2023-06-01T15:11:34,1,9998,0,9999
2023-06-01T15:23:24,1,9998,0,9999
2023-06-01T15:35:03,1,9998,0,9999
2023-06-01T15:46:42,1,9998,0,9999
2023-06-01T15:58:21,1,9998,0,9999
2023-06-01T16:10:00,1,9998,0,9999
2023-06-01T16:21:38,1,9998,0,9999
2023-06-01T16:33:17,1,9998,0,9999
2023-06-01T16:45:07,1,9998,0,9999
2023-06-01T16:56:46,1,9998,0,9999
2023-06-01T17:08:25,1,9998,0,9999
2023-06-01T17:20:06,1,9998,0,9999
2023-06-01T17:31:44,1,9998,0,9999
2023-06-01T17:43:23,1,9998,0,9999
2023-06-01T17:55:02,1,9998,0,9999
2023-06-01T18:06:51,1,9998,0,9999
2023-06-01T18:18:30,1,9998,0,9999
2023-06-01T18:30:11,1,9998,0,9999
2023-06-01T18:41:51,1,9998,0,9999
2023-06-01T18:53:32,1,9998,0,9999
2023-06-01T19:05:12,1,9998,0,9999
2023-06-01T19:16:53,1,9998,0,9999
2023-06-01T19:28:33,1,9998,0,9999
2023-06-01T19:40:14,1,9998,0,9999
2023-06-01T19:52:06,1,9998,0,9999
2023-06-01T20:03:47,1,9998,0,9999
2023-06-01T20:15:28,1,9998,0,9999
2023-06-01T20:27:08,1,9998,0,9999
2023-06-01T20:38:48,1,9998,0,9999
2023-06-01T20:50:29,1,9998,0,9999
2023-06-01T21:02:09,1,9998,0,9999
2023-06-01T21:13:50,1,9998,0,9999
2023-06-01T21:25:31,1,9998,0,9999
2023-06-01T21:37:22,1,9998,0,9999
2023-06-01T21:49:02,1,9998,0,9999
2023-06-01T22:00:43,1,9998,0,9999
2023-06-01T22:12:23,1,9998,0,9999
2023-06-01T22:24:04,1,9998,0,9999
2023-06-01T22:35:55,1,9998,0,9999
2023-06-01T22:47:35,1,9998,0,9999
2023-06-01T22:59:15,1,9998,0,9999
2023-06-01T23:10:56,1,9998,0,9999
2023-06-01T23:22:37,1,9998,0,9999
2023-06-01T23:34:18,1,9998,0,9999
2023-06-01T23:45:59,1,9998,0,9999
2023-06-01T23:57:40,1,9998,0,9999
2023-06-02T00:09:32,1,9998,0,9999
2023-06-02T00:21:18,1,9998,0,9999
2023-06-02T00:33:02,1,9998,0,9999
2023-06-02T00:44:47,1,9998,0,9999
2023-06-02T00:56:32,1,9998,0,9999
2023-06-02T01:08:17,1,9998,0,9999
2023-06-02T01:20:03,1,9998,0,9999
2023-06-02T01:31:47,1,9998,0,9999
2023-06-02T01:43:31,1,9998,0,9999
2023-06-02T01:55:16,1,9998,0,9999
2023-06-02T02:07:00,1,9998,0,9999
2023-06-02T02:18:43,1,9998,0,9999
2023-06-02T02:30:25,1,9998,0,9999
2023-06-02T02:42:08,1,9998,0,9999
2023-06-02T02:54:02,1,9998,0,9999
2023-06-02T03:05:45,1,9998,0,9999
2023-06-02T03:17:28,1,9998,0,9999
2023-06-02T03:29:12,1,9998,0,9999
2023-06-02T03:40:56,1,9998,0,9999
2023-06-02T03:52:39,1,9998,0,9999
2023-06-02T04:04:22,1,9998,0,9999
2023-06-02T04:24:56,1,9998,0,9999
2023-06-02T04:37:54,1,9998,0,9999
2023-06-02T04:49:55,1,9998,0,9999
2023-06-02T05:01:39,1,9998,0,9999
2023-06-02T05:13:23,1,9998,0,9999
2023-06-02T05:25:07,1,9998,0,9999
2023-06-02T05:37:08,1,9998,0,9999
2023-06-02T05:48:53,1,9998,0,9999
2023-06-02T06:00:38,1,9998,0,9999
2023-06-02T06:12:21,1,9998,0,9999
2023-06-02T06:24:04,1,9998,0,9999
2023-06-02T06:35:47,1,9998,0,9999
2023-06-02T06:47:30,1,9998,0,9999
2023-06-02T06:59:11,1,9998,0,9999
2023-06-02T07:10:54,1,9998,0,9999
2023-06-02T07:22:36,1,9998,0,9999
2023-06-02T07:34:18,1,9998,0,9999
2023-06-02T07:46:00,1,9998,0,9999
2023-06-02T07:57:43,1,9998,0,9999
2023-06-02T08:09:36,1,9998,0,9999
2023-06-02T08:21:18,1,9998,0,9999
2023-06-02T08:33:00,1,9998,0,9999
2023-06-02T08:44:42,1,9998,0,9999
2023-06-02T08:56:25,1,9998,0,9999
2023-06-02T09:08:08,1,9998,0,9999
2023-06-02T09:19:51,1,9998,0,9999
2023-06-02T09:31:33,1,9998,0,9999
2023-06-02T09:43:16,1,9998,0,9999
2023-06-02T09:54:58,1,9998,0,9999
2023-06-02T10:06:40,1,9998,0,9999
2023-06-02T10:18:32,1,9998,0,9999
2023-06-02T10:30:14,1,9998,0,9999
2023-06-02T10:41:54,1,9998,0,9999
2023-06-02T10:53:35,1,9998,0,9999
2023-06-02T11:05:16,1,9998,0,9999
2023-06-02T11:16:56,1,9998,0,9999
2023-06-02T11:28:37,1,9998,0,9999
2023-06-02T11:40:28,1,9998,0,9999
2023-06-02T11:52:09,1,9998,0,9999
2023-06-02T12:03:49,1,9998,0,9999
2023-06-02T12:15:29,1,9998,0,9999
2023-06-02T12:27:10,1,9998,0,9999
2023-06-02T12:38:50,1,9998,0,9999
2023-06-02T12:50:31,1,9998,0,9999
2023-06-02T13:02:23,1,9998,0,9999
2023-06-02T13:14:04,1,9998,0,9999
2023-06-02T13:25:44,1,9998,0,9999
2023-06-02T13:37:25,1,9998,0,9999
2023-06-02T13:49:05,1,9998,0,9999
2023-06-02T14:00:46,1,9998,0,9999
2023-06-02T14:12:26,1,9998,0,9999
2023-06-02T14:24:18,1,9998,0,9999
2023-06-02T14:35:59,1,9998,0,9999
2023-06-02T14:47:40,1,9998,0,9999
2023-06-02T14:59:21,1,9998,0,9999
2023-06-02T15:11:02,1,9998,0,9999
2023-06-02T15:22:43,1,9998,0,9999
2023-06-02T15:34:26,1,9998,0,9999
2023-06-02T15:46:17,1,9998,0,9999
2023-06-02T15:57:59,1,9998,0,9999
2023-06-02T16:09:41,1,9998,0,9999
2023-06-02T16:21:23,1,9998,0,9999
2023-06-02T16:33:04,1,9998,0,9999
2023-06-02T16:44:46,1,9998,0,9999
2023-06-02T16:56:28,1,9998,0,9999
2023-06-02T17:08:10,1,9998,0,9999
2023-06-02T17:20:03,1,9998,0,9999
2023-06-02T17:31:44,1,9998,0,9999
2023-06-02T17:43:25,1,9998,0,9999
2023-06-02T17:55:06,1,9998,0,9999
2023-06-02T18:06:47,1,9998,0,9999
2023-06-02T18:18:27,1,9998,0,9999
2023-06-02T18:30:08,1,9998,0,9999
2023-06-02T18:41:49,1,9998,0,9999
2023-06-02T18:53:30,1,9998,0,9999
2023-06-02T19:05:12,1,9998,0,9999
2023-06-02T19:16:53,1,9998,0,9999
2023-06-02T19:28:45,1,9998,0,9999
2023-06-02T19:40:27,1,9998,0,9999
2023-06-02T19:52:08,1,9998,0,9999
2023-06-02T20:03:50,1,9998,0,9999
2023-06-02T20:15:31,1,9998,0,9999
2023-06-02T20:27:12,1,9998,0,9999
2023-06-02T20:38:53,1,9998,0,9999
2023-06-02T20:50:34,1,9998,0,9999
2023-06-02T21:02:16,1,9998,0,9999
2023-06-02T21:13:57,1,9998,0,9999
2023-06-02T21:25:49,1,9998,0,9999
2023-06-02T21:37:30,1,9998,0,9999
2023-06-02T21:49:11,1,9998,0,9999
2023-06-02T22:00:52,1,9998,0,9999
2023-06-02T22:12:33,1,9998,0,9999
2023-06-02T22:24:14,1,9998,0,9999
2023-06-02T22:35:55,1,9998,0,9999
2023-06-02T22:47:36,1,9998,0,9999
2023-06-02T22:59:16,1,9998,0,9999
2023-06-02T23:10:59,1,9998,0,9999
2023-06-02T23:22:40,1,9998,0,9999
2023-06-02T23:34:33,1,9998,0,9999
2023-06-02T23:46:15,1,9998,0,9999
2023-06-02T23:57:56,1,9998,0,9999
2023-06-03T00:10:15,1,9998,0,9999
2023-06-03T00:22:05,1,9998,0,9999
2023-06-03T00:33:49,1,9998,0,9999
2023-06-03T00:45:33,1,9998,0,9999
2023-06-03T00:57:18,1,9998,0,9999
2023-06-03T01:09:02,1,9998,0,9999
2023-06-03T01:20:48,1,9998,0,9999
2023-06-03T01:32:32,1,9998,0,9999
2023-06-03T01:44:26,1,9998,0,9999
2023-06-03T01:56:10,1,9998,0,9999
2023-06-03T02:07:53,1,9998,0,9999
2023-06-03T02:19:36,1,9998,0,9999
2023-06-03T02:31:20,1,9998,0,9999
2023-06-03T02:43:02,1,9998,0,9999
2023-06-03T02:54:44,1,9998,0,9999
2023-06-03T03:06:27,1,9998,0,9999
2023-06-03T03:18:10,1,9998,0,9999
2023-06-03T03:29:52,1,9998,0,9999
2023-06-03T03:41:35,1,9998,0,9999
2023-06-03T03:53:18,1,9998,0,9999
2023-06-03T04:05:14,1,9998,0,9999
2023-06-03T04:20:11,1,9998,0,9999
2023-06-03T04:32:24,1,9998,0,9999
2023-06-03T04:44:09,1,9998,0,9999
2023-06-03T04:55:54,1,9998,0,9999
2023-06-03T05:07:39,1,9998,0,9999
2023-06-03T05:19:23,1,9998,0,9999
2023-06-03T05:31:09,1,9998,0,9999
2023-06-03T05:42:54,1,9998,0,9999
2023-06-03T05:54:38,1,9998,0,9999
2023-06-03T06:06:23,1,9998,0,9999
2023-06-03T06:18:07,1,9998,0,9999
2023-06-03T06:29:52,1,9998,0,9999
2023-06-03T06:41:41,1,9998,0,9999
2023-06-03T06:53:25,1,9998,0,9999
2023-06-03T07:05:09,1,9998,0,9999
2023-06-03T07:16:53,1,9998,0,9999
2023-06-03T07:28:45,1,9998,0,9999
2023-06-03T07:40:28,1,9998,0,9999
2023-06-03T07:52:12,1,9998,0,9999
2023-06-03T08:03:55,1,9998,0,9999
2023-06-03T08:15:39,1,9998,0,9999
2023-06-03T08:27:23,1,9998,0,9999
2023-06-03T08:39:08,1,9998,0,9999
2023-06-03T08:50:52,1,9998,0,9999
2023-06-03T09:02:36,1,9998,0,9999
2023-06-03T09:14:19,1,9998,0,9999
2023-06-03T09:26:02,1,9998,0,9999
2023-06-03T09:37:56,1,9998,0,9999
2023-06-03T09:49:38,1,9998,0,9999
2023-06-03T10:01:20,1,9998,0,9999
2023-06-03T10:13:02,1,9998,0,9999
2023-06-03T10:24:44,1,9998,0,9999
2023-06-03T10:36:26,1,9998,0,9999
2023-06-03T10:48:08,1,9998,0,9999
2023-06-03T10:59:49,1,9998,0,9999
2023-06-03T11:11:29,1,9998,0,9999
2023-06-03T11:23:10,1,9998,0,9999
2023-06-03T11:35:01,1,9998,0,9999
2023-06-03T11:46:42,1,9998,0,9999
2023-06-03T11:58:22,1,9998,0,9999
2023-06-03T12:10:03,1,9998,0,9999
2023-06-03T12:21:44,1,9998,0,9999
2023-06-03T12:33:24,1,9998,0,9999
2023-06-03T12:45:05,1,9998,0,9999
2023-06-03T12:56:45,1,9998,0,9999
2023-06-03T13:08:26,1,9998,0,9999
2023-06-03T13:20:06,1,9998,0,9999
2023-06-03T13:31:57,1,9998,0,9999
2023-06-03T13:43:37,1,9998,0,9999
2023-06-03T13:55:19,1,9998,0,9999
2023-06-03T14:07:00,1,9998,0,9999
2023-06-03T14:18:41,1,9998,0,9999
2023-06-03T14:30:21,1,9998,0,9999
2023-06-03T14:42:12,1,9998,0,9999
2023-06-03T14:53:52,1,9998,0,9999
2023-06-03T15:05:33,1,9998,0,9999
2023-06-03T15:17:13,1,9998,0,9999
2023-06-03T15:28:54,1,9998,0,9999
2023-06-03T15:40:35,1,9998,0,9999
2023-06-03T15:52:16,1,9998,0,9999
2023-06-03T16:03:56,1,9998,0,9999
2023-06-03T16:15:37,1,9998,0,9999
2023-06-03T16:27:18,1,9998,0,9999
2023-06-03T16:39:08,1,9998,0,9999
2023-06-03T16:50:48,1,9998,0,9999
2023-06-03T17:02:29,1,9998,0,9999
2023-06-03T17:14:12,1,9998,0,9999
2023-06-03T17:25:53,1,9998,0,9999
2023-06-03T17:37:34,1,9998,0,9999
2023-06-03T17:49:15,1,9998,0,9999
2023-06-03T18:00:55,1,9998,0,9999
2023-06-03T18:12:36,1,9998,0,9999
2023-06-03T18:24:16,1,9998,0,9999
2023-06-03T18:36:06,1,9998,0,9999
2023-06-03T18:47:47,1,9998,0,9999
2023-06-03T18:59:27,1,9998,0,9999
2023-06-03T19:11:09,1,9998,0,9999
2023-06-03T19:22:50,1,9998,0,9999
2023-06-03T19:34:30,1,9998,0,9999
2023-06-03T19:46:11,1,9998,0,9999
2023-06-03T19:57:52,1,9998,0,9999
2023-06-03T20:09:33,1,9998,0,9999
2023-06-03T20:21:14,1,9998,0,9999
2023-06-03T20:32:54,1,9998,0,9999
2023-06-03T20:44:45,1,9998,0,9999
2023-06-03T20:56:26,1,9998,0,9999
2023-06-03T21:08:07,1,9998,0,9999
2023-06-03T21:19:48,1,9998,0,9999
2023-06-03T21:31:29,1,9998,0,9999
2023-06-03T21:43:10,1,9998,0,9999
2023-06-03T21:54:52,1,9998,0,9999
2023-06-03T22:06:33,1,9998,0,9999
2023-06-03T22:18:14,1,9998,0,9999
2023-06-03T22:29:54,1,9998,0,9999
2023-06-03T22:41:35,1,9998,0,9999
2023-06-03T22:53:26,1,9998,0,9999
2023-06-03T23:05:07,1,9998,0,9999
2023-06-03T23:16:49,1,9998,0,9999
2023-06-03T23:28:30,1,9998,0,9999
2023-06-03T23:40:11,1,9998,0,9999
2023-06-03T23:51:53,1,9998,0,9999
2023-06-04T00:03:35,1,9998,0,9999
2023-06-04T00:15:23,1,9998,0,9999
2023-06-04T00:27:08,1,9998,0,9999
2023-06-04T00:38:52,1,9998,0,9999
2023-06-04T00:50:36,1,9998,0,9999
2023-06-04T01:02:20,1,9998,0,9999
2023-06-04T01:14:02,1,9998,0,9999
2023-06-04T01:25:56,1,9998,0,9999
2023-06-04T01:37:41,1,9998,0,9999
2023-06-04T01:49:25,1,9998,0,9999
2023-06-04T02:01:09,1,9998,0,9999
2023-06-04T02:13:09,1,9998,0,9999
2023-06-04T02:24:53,1,9998,0,9999
2023-06-04T02:36:38,1,9998,0,9999
2023-06-04T02:48:21,1,9998,0,9999
2023-06-04T03:00:04,1,9998,0,9999
2023-06-04T03:11:48,1,9998,0,9999
2023-06-04T03:23:32,1,9998,0,9999
2023-06-04T03:35:16,1,9998,0,9999
2023-06-04T03:47:00,1,9998,0,9999
2023-06-04T03:58:44,1,9998,0,9999
2023-06-04T04:10:28,1,9998,0,9999
2023-06-04T04:25:09,1,9998,0,9999
2023-06-04T04:38:33,1,9998,0,9999
2023-06-04T04:50:19,1,9998,0,9999
2023-06-04T05:02:05,1,9998,0,9999
2023-06-04T05:13:50,1,9998,0,9999
2023-06-04T05:25:34,1,9998,0,9999
2023-06-04T05:37:18,1,9998,0,9999
2023-06-04T05:49:02,1,9998,0,9999
2023-06-04T06:00:46,1,9998,0,9999
2023-06-04T06:12:29,1,9998,0,9999
2023-06-04T06:24:13,1,9998,0,9999
2023-06-04T06:35:57,1,9998,0,9999
2023-06-04T06:47:41,1,9998,0,9999
2023-06-04T06:59:24,1,9998,0,9999
2023-06-04T07:11:07,1,9998,0,9999
2023-06-04T07:22:49,1,9998,0,9999
2023-06-04T07:34:30,1,9998,0,9999
2023-06-04T07:46:11,1,9998,0,9999
2023-06-04T07:57:52,1,9998,0,9999
2023-06-04T08:09:45,1,9998,0,9999
2023-06-04T08:21:27,1,9998,0,9999
2023-06-04T08:33:10,1,9998,0,9999
2023-06-04T08:44:51,1,9998,0,9999
2023-06-04T08:56:33,1,9998,0,9999
2023-06-04T09:08:14,1,9998,0,9999
2023-06-04T09:19:56,1,9998,0,9999
2023-06-04T09:31:38,1,9998,0,9999
2023-06-04T09:43:19,1,9998,0,9999
2023-06-04T09:55:00,1,9998,0,9999
2023-06-04T10:06:41,1,9998,0,9999
2023-06-04T10:18:23,1,9998,0,9999
2023-06-04T10:30:04,1,9998,0,9999
2023-06-04T10:41:45,1,9998,0,9999
2023-06-04T10:53:26,1,9998,0,9999
2023-06-04T11:05:07,1,9998,0,9999
2023-06-04T11:16:50,1,9998,0,9999
2023-06-04T11:28:42,1,9998,0,9999
2023-06-04T11:40:24,1,9998,0,9999
2023-06-04T11:52:05,1,9998,0,9999
2023-06-04T12:03:45,1,9998,0,9999
2023-06-04T12:15:26,1,9998,0,9999
2023-06-04T12:27:07,1,9998,0,9999
2023-06-04T12:38:48,1,9998,0,9999
2023-06-04T12:50:28,1,9998,0,9999
2023-06-04T13:02:09,1,9998,0,9999
2023-06-04T13:13:49,1,9998,0,9999
2023-06-04T13:25:30,1,9998,0,9999
2023-06-04T13:37:11,1,9998,0,9999
2023-06-04T13:49:01,1,9998,0,9999
2023-06-04T14:00:42,1,9998,0,9999
2023-06-04T14:12:23,1,9998,0,9999
2023-06-04T14:24:03,1,9998,0,9999
2023-06-04T14:35:43,1,9998,0,9999
2023-06-04T14:47:24,1,9998,0,9999
2023-06-04T14:59:04,1,9998,0,9999
2023-06-04T15:10:45,1,9998,0,9999
2023-06-04T15:22:26,1,9998,0,9999
2023-06-04T15:34:17,1,9998,0,9999
2023-06-04T15:45:58,1,9998,0,9999
2023-06-04T15:57:39,1,9998,0,9999
2023-06-04T16:09:20,1,9998,0,9999
2023-06-04T16:21:01,1,9998,0,9999
2023-06-04T16:32:42,1,9998,0,9999
2023-06-04T16:44:24,1,9998,0,9999
2023-06-04T16:56:05,1,9998,0,9999
2023-06-04T17:07:46,1,9998,0,9999
2023-06-04T17:19:28,1,9998,0,9999
2023-06-04T17:31:20,1,9998,0,9999
2023-06-04T17:43:00,1,9998,0,9999
2023-06-04T17:54:41,1,9998,0,9999
2023-06-04T18:06:22,1,9998,0,9999
2023-06-04T18:18:03,1,9998,0,9999
2023-06-04T18:29:44,1,9998,0,9999
2023-06-04T18:41:25,1,9998,0,9999
2023-06-04T18:53:06,1,9998,0,9999
2023-06-04T19:04:49,1,9998,0,9999
2023-06-04T19:16:31,1,9998,0,9999
2023-06-04T19:28:22,1,9998,0,9999
2023-06-04T19:40:03,1,9998,0,9999
2023-06-04T19:51:44,1,9998,0,9999
2023-06-04T20:03:25,1,9998,0,9999
2023-06-04T20:15:06,1,9998,0,9999
2023-06-04T20:26:47,1,9998,0,9999
2023-06-04T20:38:28,1,9998,0,9999
2023-06-04T20:50:09,1,9998,0,9999
2023-06-04T21:01:50,1,9998,0,9999
2023-06-04T21:13:31,1,9998,0,9999
2023-06-04T21:25:23,1,9998,0,9999
2023-06-04T21:37:04,1,9998,0,9999
2023-06-04T21:48:46,1,9998,0,9999
2023-06-04T22:00:27,1,9998,0,9999
2023-06-04T22:12:08,1,9998,0,9999
2023-06-04T22:23:49,1,9998,0,9999
2023-06-04T22:35:31,1,9998,0,9999
2023-06-04T22:47:12,1,9998,0,9999
2023-06-04T22:58:52,1,9998,0,9999
2023-06-04T23:10:43,1,9998,0,9999
2023-06-04T23:22:25,1,9998,0,9999
2023-06-04T23:34:07,1,9998,0,9999
2023-06-04T23:45:49,1,9998,0,9999
2023-06-04T23:57:30,1,9998,0,9999
2023-06-05T00:09:13,1,9998,0,9999
2023-06-05T00:21:02,1,9998,0,9999
2023-06-05T00:33:00,1,9998,0,9999
2023-06-05T00:44:43,1,9998,0,9999
2023-06-05T00:56:27,1,9998,0,9999
2023-06-05T01:08:18,1,9998,0,9999
2023-06-05T01:20:08,1,9998,0,9999
2023-06-05T01:31:53,1,9998,0,9999
2023-06-05T01:43:37,1,9998,0,9999
2023-06-05T01:55:20,1,9998,0,9999
2023-06-05T02:07:10,1,9998,0,9999
2023-06-05T02:18:54,1,9998,0,9999
2023-06-05T02:30:36,1,9998,0,9999
2023-06-05T02:42:19,1,9998,0,9999
2023-06-05T02:54:02,1,9998,0,9999
2023-06-05T03:05:44,1,9998,0,9999
2023-06-05T03:17:29,1,9998,0,9999
2023-06-05T03:29:13,1,9998,0,9999
2023-06-05T03:40:56,1,9998,0,9999
2023-06-05T03:52:41,1,9998,0,9999
2023-06-05T04:04:26,1,9998,0,9999
2023-06-05T04:16:11,1,9998,0,9999
2023-06-05T04:28:54,1,9998,0,9999
2023-06-05T04:42:26,1,9998,0,9999
2023-06-05T04:54:13,1,9998,0,9999
2023-06-05T05:05:59,1,9998,0,9999
2023-06-05T05:17:43,1,9998,0,9999
2023-06-05T05:29:28,1,9998,0,9999
2023-06-05T05:41:13,1,9998,0,9999
2023-06-05T05:52:57,1,9998,0,9999
2023-06-05T06:04:42,1,9998,0,9999
2023-06-05T06:16:29,1,9998,0,9999
2023-06-05T06:28:14,1,9998,0,9999
2023-06-05T06:39:58,1,9998,0,9999
2023-06-05T06:51:42,1,9998,0,9999
2023-06-05T07:03:26,1,9998,0,9999
2023-06-05T07:15:11,1,9998,0,9999
2023-06-05T07:26:52,1,9998,0,9999
2023-06-05T07:38:33,1,9998,0,9999
2023-06-05T07:50:14,1,9998,0,9999
2023-06-05T08:01:55,1,9998,0,9999
2023-06-05T08:13:37,1,9998,0,9999
2023-06-05T08:25:19,1,9998,0,9999
2023-06-05T08:37:10,1,9998,0,9999
2023-06-05T08:48:52,1,9998,0,9999
2023-06-05T09:00:33,1,9998,0,9999
2023-06-05T09:12:14,1,9998,0,9999
2023-06-05T09:23:55,1,9998,0,9999
2023-06-05T09:35:36,1,9998,0,9999
2023-06-05T09:47:18,1,9998,0,9999
2023-06-05T09:58:59,1,9998,0,9999
2023-06-05T10:10:40,1,9998,0,9999
2023-06-05T10:22:32,1,9998,0,9999
2023-06-05T10:34:14,1,9998,0,9999
2023-06-05T10:45:55,1,9998,0,9999
2023-06-05T10:57:37,1,9998,0,9999
2023-06-05T11:09:18,1,9998,0,9999
2023-06-05T11:21:10,1,9998,0,9999
2023-06-05T11:32:51,1,9998,0,9999
2023-06-05T11:44:33,1,9998,0,9999
2023-06-05T11:56:14,1,9998,0,9999
2023-06-05T12:07:56,1,9998,0,9999
2023-06-05T12:19:38,1,9998,0,9999
2023-06-05T12:31:31,1,9998,0,9999
2023-06-05T12:43:13,1,9998,0,9999
2023-06-05T12:54:55,1,9998,0,9999
2023-06-05T13:06:37,1,9998,0,9999
2023-06-05T13:18:31,1,9998,0,9999
2023-06-05T13:30:12,1,9998,0,9999
2023-06-05T13:41:53,1,9998,0,9999
2023-06-05T13:53:34,1,9998,0,9999
2023-06-05T14:05:15,1,9998,0,9999
2023-06-05T14:17:07,1,9998,0,9999
2023-06-05T14:28:49,1,9998,0,9999
2023-06-05T14:40:33,1,9998,0,9999
2023-06-05T14:52:15,1,9998,0,9999
2023-06-05T15:04:08,1,9998,0,9999
2023-06-05T15:15:50,1,9998,0,9999
2023-06-05T15:27:32,1,9998,0,9999
2023-06-05T15:39:13,1,9998,0,9999
2023-06-05T15:51:06,1,9998,0,9999
2023-06-05T16:02:47,1,9998,0,9999
2023-06-05T16:14:28,1,9998,0,9999
2023-06-05T16:26:10,1,9998,0,9999
2023-06-05T16:37:53,1,9998,0,9999
2023-06-05T16:49:34,1,9998,0,9999
2023-06-05T17:01:26,1,9998,0,9999
2023-06-05T17:13:08,1,9998,0,9999
2023-06-05T17:24:50,1,9998,0,9999
2023-06-05T17:36:33,1,9998,0,9999
2023-06-05T17:48:14,1,9998,0,9999
2023-06-05T18:00:06,1,9998,0,9999
2023-06-05T18:11:47,1,9998,0,9999
2023-06-05T18:23:28,1,9998,0,9999
2023-06-05T18:35:09,1,9998,0,9999
2023-06-05T18:46:50,1,9998,0,9999
2023-06-05T18:58:31,1,9998,0,9999
2023-06-05T19:10:13,1,9998,0,9999
2023-06-05T19:22:05,1,9998,0,9999
2023-06-05T19:33:46,1,9998,0,9999
2023-06-05T19:45:27,1,9998,0,9999
2023-06-05T19:57:09,1,9998,0,9999
2023-06-05T20:08:51,1,9998,0,9999
2023-06-05T20:20:32,1,9998,0,9999
2023-06-05T20:32:14,1,9998,0,9999
2023-06-05T20:44:07,1,9998,0,9999
2023-06-05T20:55:49,1,9998,0,9999
2023-06-05T21:07:30,1,9998,0,9999
2023-06-05T21:19:11,1,9998,0,9999
2023-06-05T21:30:53,1,9998,0,9999
2023-06-05T21:42:34,1,9998,0,9999
2023-06-05T21:54:16,1,9998,0,9999
2023-06-05T22:06:09,1,9998,0,9999
2023-06-05T22:17:51,1,9998,0,9999
2023-06-05T22:29:32,1,9998,0,9999
2023-06-05T22:41:13,1,9998,0,9999
2023-06-05T22:52:55,1,9998,0,9999
2023-06-05T23:04:37,1,9998,0,9999
2023-06-05T23:16:30,1,9998,0,9999
2023-06-05T23:28:13,1,9998,0,9999
2023-06-05T23:39:54,1,9998,0,9999
2023-06-05T23:51:36,1,9998,0,9999
2023-06-06T00:03:19,1,9998,0,9999
2023-06-06T00:15:03,1,9998,0,9999
2023-06-06T00:26:46,1,9998,0,9999
2023-06-06T00:38:31,1,9998,0,9999
2023-06-06T00:50:27,1,9998,0,9999
2023-06-06T01:02:12,1,9998,0,9999
2023-06-06T01:13:57,1,9998,0,9999
2023-06-06T01:25:41,1,9998,0,9999
2023-06-06T01:37:25,1,9998,0,9999
2023-06-06T01:49:09,1,9998,0,9999
2023-06-06T02:00:55,1,9998,0,9999
2023-06-06T02:12:38,1,9998,0,9999
2023-06-06T02:24:22,1,9998,0,9999
2023-06-06T02:36:05,1,9998,0,9999
2023-06-06T02:47:48,1,9998,0,9999
2023-06-06T02:59:30,1,9998,0,9999
2023-06-06T03:11:13,1,9998,0,9999
2023-06-06T03:22:56,1,9998,0,9999
2023-06-06T03:34:40,1,9998,0,9999
2023-06-06T03:46:23,1,9998,0,9999
2023-06-06T03:58:08,1,9998,0,9999
2023-06-06T04:09:52,1,9998,0,9999
2023-06-06T04:25:53,1,9998,0,9999
2023-06-06T04:37:40,1,9998,0,9999
2023-06-06T04:51:06,1,9998,0,9999
2023-06-06T05:02:53,1,9998,0,9999
2023-06-06T05:14:38,1,9998,0,9999
2023-06-06T05:26:22,1,9998,0,9999
2023-06-06T05:38:08,1,9998,0,9999
2023-06-06T05:49:52,1,9998,0,9999
2023-06-06T06:01:36,1,9998,0,9999
2023-06-06T06:13:24,1,9998,0,9999
2023-06-06T06:25:09,1,9998,0,9999
2023-06-06T06:36:54,1,9998,0,9999
2023-06-06T06:48:37,1,9998,0,9999
2023-06-06T07:00:21,1,9998,0,9999
2023-06-06T07:12:06,1,9998,0,9999
2023-06-06T07:23:49,1,9998,0,9999
2023-06-06T07:35:33,1,9998,0,9999
2023-06-06T07:47:16,1,9998,0,9999
2023-06-06T07:58:59,1,9998,0,9999
2023-06-06T08:10:43,1,9998,0,9999
2023-06-06T08:22:25,1,9998,0,9999
2023-06-06T08:34:09,1,9998,0,9999
2023-06-06T08:45:52,1,9998,0,9999
2023-06-06T08:57:44,1,9998,0,9999
2023-06-06T09:09:29,1,9998,0,9999
2023-06-06T09:21:11,1,9998,0,9999
2023-06-06T09:32:54,1,9998,0,9999
2023-06-06T09:44:38,1,9998,0,9999
2023-06-06T09:56:19,1,9998,0,9999
2023-06-06T10:08:01,1,9998,0,9999
2023-06-06T10:19:54,1,9998,0,9999
2023-06-06T10:31:36,1,9998,0,9999
2023-06-06T10:43:18,1,9998,0,9999
2023-06-06T10:55:00,1,9998,0,9999
2023-06-06T11:06:43,1,9998,0,9999
2023-06-06T11:18:25,1,9998,0,9999
2023-06-06T11:30:18,1,9998,0,9999
2023-06-06T11:42:01,1,9998,0,9999
2023-06-06T11:53:42,1,9998,0,9999
2023-06-06T12:05:23,1,9998,0,9999
2023-06-06T12:17:17,1,9998,0,9999
2023-06-06T12:28:59,1,9998,0,9999
2023-06-06T12:40:41,1,9998,0,9999
2023-06-06T12:52:23,1,9998,0,9999
2023-06-06T13:04:16,1,9998,0,9999
2023-06-06T13:15:58,1,9998,0,9999
2023-06-06T13:27:40,1,9998,0,9999
2023-06-06T13:39:23,1,9998,0,9999
2023-06-06T13:51:18,1,9998,0,9999
2023-06-06T14:03:02,1,9998,0,9999
2023-06-06T14:14:45,1,9998,0,9999
2023-06-06T14:26:29,1,9998,0,9999
2023-06-06T14:38:22,1,9998,0,9999
2023-06-06T14:50:05,1,9998,0,9999
2023-06-06T15:01:47,1,9998,0,9999
2023-06-06T15:13:29,1,9998,0,9999
2023-06-06T15:25:25,1,9998,0,9999
2023-06-06T15:37:07,1,9998,0,9999
2023-06-06T15:48:50,1,9998,0,9999
2023-06-06T16:00:33,1,9998,0,9999
2023-06-06T16:12:16,1,9998,0,9999
2023-06-06T16:24:10,1,9998,0,9999
2023-06-06T16:35:53,1,9998,0,9999
2023-06-06T16:47:35,1,9998,0,9999
2023-06-06T16:59:18,1,9998,0,9999
2023-06-06T17:11:14,1,9998,0,9999
2023-06-06T17:22:57,1,9998,0,9999
2023-06-06T17:34:39,1,9998,0,9999
2023-06-06T17:46:22,1,9998,0,9999
2023-06-06T17:58:04,1,9998,0,9999
2023-06-06T18:10:01,1,9998,0,9999
2023-06-06T18:21:43,1,9998,0,9999
2023-06-06T18:33:26,1,9998,0,9999
2023-06-06T18:45:08,1,9998,0,9999
2023-06-06T18:57:02,1,9998,0,9999
2023-06-06T19:08:43,1,9998,0,9999
2023-06-06T19:20:23,1,9998,0,9999
2023-06-06T19:32:03,1,9998,0,9999
2023-06-06T19:43:42,1,9998,0,9999
2023-06-06T19:55:33,1,9998,0,9999
2023-06-06T20:07:12,1,9998,0,9999
2023-06-06T20:18:51,1,9998,0,9999
2023-06-06T20:30:31,1,9998,0,9999
2023-06-06T20:42:10,1,9998,0,9999
2023-06-06T20:53:49,1,9998,0,9999
2023-06-06T21:05:39,1,9998,0,9999
2023-06-06T21:17:18,1,9998,0,9999
2023-06-06T21:28:57,1,9998,0,9999
2023-06-06T21:40:36,1,9998,0,9999
2023-06-06T21:52:14,1,9998,0,9999
2023-06-06T22:03:53,1,9998,0,9999
2023-06-06T22:15:42,1,9998,0,9999
2023-06-06T22:27:21,1,9998,0,9999
2023-06-06T22:38:59,1,9998,0,9999
2023-06-06T22:50:37,1,9998,0,9999
2023-06-06T23:02:16,1,9998,0,9999
2023-06-06T23:13:56,1,9998,0,9999
2023-06-06T23:25:35,1,9998,0,9999
2023-06-06T23:37:14,1,9998,0,9999
2023-06-06T23:49:05,1,9998,0,9999
2023-06-07T00:00:44,1,9998,0,9999
2023-06-07T00:12:27,1,9998,0,9999
2023-06-07T00:24:11,1,9998,0,9999
2023-06-07T00:35:51,1,9998,0,9999
2023-06-07T00:47:33,1,9998,0,9999
2023-06-07T00:59:14,1,9998,0,9999
2023-06-07T01:10:57,1,9998,0,9999
2023-06-07T01:22:50,1,9998,0,9999
2023-06-07T01:34:32,1,9998,0,9999
2023-06-07T01:46:14,1,9998,0,9999
2023-06-07T01:57:56,1,9998,0,9999
2023-06-07T02:09:37,1,9998,0,9999
2023-06-07T02:21:17,1,9998,0,9999
2023-06-07T02:32:57,1,9998,0,9999
2023-06-07T02:44:39,1,9998,0,9999
2023-06-07T02:56:21,1,9998,0,9999
2023-06-07T03:08:04,1,9998,0,9999
2023-06-07T03:19:46,1,9998,0,9999
2023-06-07T03:31:28,1,9998,0,9999
2023-06-07T03:43:11,1,9998,0,9999
2023-06-07T03:54:53,1,9998,0,9999
2023-06-07T04:06:34,1,9998,0,9999
2023-06-07T04:17:15,1,9998,0,9999
2023-06-07T04:29:00,1,9998,0,9999
2023-06-07T04:42:13,1,9998,0,9999
2023-06-07T04:54:19,1,9998,0,9999
2023-06-07T05:06:06,1,9998,0,9999
2023-06-07T05:17:52,1,9998,0,9999
2023-06-07T05:29:37,1,9998,0,9999
2023-06-07T05:41:22,1,9998,0,9999
2023-06-07T05:53:07,1,9998,0,9999
2023-06-07T06:04:52,1,9998,0,9999
2023-06-07T06:16:37,1,9998,0,9999
2023-06-07T06:28:22,1,9998,0,9999
2023-06-07T06:40:07,1,9998,0,9999
2023-06-07T06:51:52,1,9998,0,9999
2023-06-07T07:03:36,1,9998,0,9999
2023-06-07T07:15:24,1,9998,0,9999
2023-06-07T07:27:08,1,9998,0,9999
2023-06-07T07:38:51,1,9998,0,9999
2023-06-07T07:50:34,1,9998,0,9999
2023-06-07T08:02:16,1,9998,0,9999
2023-06-07T08:13:59,1,9998,0,9999
2023-06-07T08:25:42,1,9998,0,9999
2023-06-07T08:37:34,1,9998,0,9999
2023-06-07T08:49:17,1,9998,0,9999
2023-06-07T09:01:00,1,9998,0,9999
2023-06-07T09:12:44,1,9998,0,9999
2023-06-07T09:24:26,1,9998,0,9999
2023-06-07T09:36:09,1,9998,0,9999
2023-06-07T09:47:51,1,9998,0,9999
2023-06-07T09:59:34,1,9998,0,9999
2023-06-07T10:11:29,1,9998,0,9999
2023-06-07T10:23:12,1,9998,0,9999
2023-06-07T10:34:55,1,9998,0,9999
2023-06-07T10:46:38,1,9998,0,9999
2023-06-07T10:58:31,1,9998,0,9999
2023-06-07T11:10:16,1,9998,0,9999
2023-06-07T11:22:01,1,9998,0,9999
2023-06-07T11:33:45,1,9998,0,9999
2023-06-07T11:45:50,1,9998,0,9999
2023-06-07T11:57:33,1,9998,0,9999
2023-06-07T12:09:16,1,9998,0,9999
2023-06-07T12:21:00,1,9998,0,9999
2023-06-07T12:32:53,1,9998,0,9999
2023-06-07T12:44:36,1,9998,0,9999
2023-06-07T12:56:18,1,9998,0,9999
2023-06-07T13:08:00,1,9998,0,9999
2023-06-07T13:19:52,1,9998,0,9999
2023-06-07T13:31:35,1,9998,0,9999
2023-06-07T13:43:18,1,9998,0,9999
2023-06-07T13:55:00,1,9998,0,9999
2023-06-07T14:07:00,1,9998,0,9999
2023-06-07T14:18:42,1,9998,0,9999
2023-06-07T14:30:24,1,9998,0,9999
2023-06-07T14:42:06,1,9998,0,9999
2023-06-07T14:53:59,1,9998,0,9999
2023-06-07T15:05:41,1,9998,0,9999
2023-06-07T15:17:25,1,9998,0,9999
2023-06-07T15:29:09,1,9998,0,9999
2023-06-07T15:41:12,1,9998,0,9999
2023-06-07T15:52:56,1,9998,0,9999
2023-06-07T16:04:39,1,9998,0,9999
2023-06-07T16:16:22,1,9998,0,9999
2023-06-07T16:28:06,1,9998,0,9999
2023-06-07T16:40:00,1,9998,0,9999
2023-06-07T16:51:43,1,9998,0,9999
2023-06-07T17:03:27,1,9998,0,9999
2023-06-07T17:15:32,1,9998,0,9999
2023-06-07T17:27:14,1,9998,0,9999
2023-06-07T17:38:56,1,9998,0,9999
2023-06-07T17:50:40,1,9998,0,9999
2023-06-07T18:02:23,1,9998,0,9999
2023-06-07T18:14:21,1,9998,0,9999
2023-06-07T18:26:04,1,9998,0,9999
2023-06-07T18:37:47,1,9998,0,9999
2023-06-07T18:49:30,1,9998,0,9999
2023-06-07T19:01:13,1,9998,0,9999
2023-06-07T19:13:07,1,9998,0,9999
2023-06-07T19:24:50,1,9998,0,9999
2023-06-07T19:36:33,1,9998,0,9999
2023-06-07T19:48:16,1,9998,0,9999
2023-06-07T19:59:58,1,9998,0,9999
2023-06-07T20:11:53,1,9998,0,9999
2023-06-07T20:23:35,1,9998,0,9999
2023-06-07T20:35:17,1,9998,0,9999
2023-06-07T20:46:59,1,9998,0,9999
2023-06-07T20:58:41,1,9998,0,9999
2023-06-07T21:10:24,1,9998,0,9999
2023-06-07T21:22:25,1,9998,0,9999
2023-06-07T21:34:09,1,9998,0,9999
2023-06-07T21:45:51,1,9998,0,9999
2023-06-07T21:57:34,1,9998,0,9999
2023-06-07T22:09:16,1,9998,0,9999
2023-06-07T22:21:09,1,9998,0,9999
2023-06-07T22:32:51,1,9998,0,9999
2023-06-07T22:44:34,1,9998,0,9999
2023-06-07T22:56:15,1,9998,0,9999
2023-06-07T23:07:58,1,9998,0,9999
2023-06-07T23:19:40,1,9998,0,9999
2023-06-07T23:31:34,1,9998,0,9999
2023-06-07T23:43:16,1,9998,0,9999
2023-06-07T23:54:59,1,9998,0,9999
2023-06-08T00:06:42,1,9998,0,9999
2023-06-08T00:18:29,1,9998,0,9999
2023-06-08T00:30:14,1,9998,0,9999
2023-06-08T00:42:01,1,9998,0,9999
2023-06-08T00:54:08,1,9998,0,9999
2023-06-08T01:05:54,1,9998,0,9999
2023-06-08T01:17:39,1,9998,0,9999
2023-06-08T01:29:24,1,9998,0,9999
2023-06-08T01:41:08,1,9998,0,9999
2023-06-08T01:52:54,1,9998,0,9999
2023-06-08T02:04:41,1,9998,0,9999
2023-06-08T02:16:25,1,9998,0,9999
2023-06-08T02:28:09,1,9998,0,9999
2023-06-08T02:39:53,1,9998,0,9999
2023-06-08T02:51:36,1,9998,0,9999
2023-06-08T03:03:19,1,9998,0,9999
2023-06-08T03:15:03,1,9998,0,9999
2023-06-08T03:26:58,1,9998,0,9999
2023-06-08T03:38:43,1,9998,0,9999
2023-06-08T03:50:27,1,9998,0,9999
2023-06-08T04:02:12,1,9998,0,9999
2023-06-08T04:14:00,1,9998,0,9999
2023-06-08T04:30:38,1,9998,0,9999
2023-06-08T04:42:52,1,9998,0,9999
2023-06-08T04:54:41,1,9998,0,9999
2023-06-08T05:06:27,1,9998,0,9999
2023-06-08T05:18:12,1,9998,0,9999
2023-06-08T05:29:57,1,9998,0,9999
2023-06-08T05:41:42,1,9998,0,9999
2023-06-08T05:55:03,1,9998,0,9999
2023-06-08T06:07:11,1,9998,0,9999
2023-06-08T06:18:56,1,9998,0,9999
2023-06-08T06:30:41,1,9998,0,9999
2023-06-08T06:42:26,1,9998,0,9999
2023-06-08T06:54:11,1,9998,0,9999
2023-06-08T07:05:57,1,9998,0,9999
2023-06-08T07:17:41,1,9998,0,9999
2023-06-08T07:29:27,1,9998,0,9999
2023-06-08T07:41:11,1,9998,0,9999
2023-06-08T07:52:55,1,9998,0,9999
2023-06-08T08:04:40,1,9998,0,9999
2023-06-08T08:16:23,1,9998,0,9999
2023-06-08T08:28:09,1,9998,0,9999
2023-06-08T08:40:09,1,9998,0,9999
2023-06-08T08:51:53,1,9998,0,9999
2023-06-08T09:03:37,1,9998,0,9999
2023-06-08T09:15:20,1,9998,0,9999
2023-06-08T09:27:03,1,9998,0,9999
2023-06-08T09:38:46,1,9998,0,9999
2023-06-08T09:50:29,1,9998,0,9999
2023-06-08T10:02:13,1,9998,0,9999
2023-06-08T10:14:08,1,9998,0,9999
2023-06-08T10:25:50,1,9998,0,9999
2023-06-08T10:37:32,1,9998,0,9999
2023-06-08T10:49:15,1,9998,0,9999
2023-06-08T11:00:59,1,9998,0,9999
2023-06-08T11:12:54,1,9998,0,9999
2023-06-08T11:24:37,1,9998,0,9999
2023-06-08T11:36:20,1,9998,0,9999
2023-06-08T11:48:03,1,9998,0,9999
2023-06-08T11:59:47,1,9998,0,9999
2023-06-08T12:11:31,1,9998,0,9999
2023-06-08T12:23:25,1,9998,0,9999
2023-06-08T12:35:08,1,9998,0,9999
2023-06-08T12:46:51,1,9998,0,9999
2023-06-08T12:58:34,1,9998,0,9999
2023-06-08T13:10:17,1,9998,0,9999
2023-06-08T13:22:09,1,9998,0,9999
2023-06-08T13:33:51,1,9998,0,9999
2023-06-08T13:45:34,1,9998,0,9999
2023-06-08T13:57:16,1,9998,0,9999
2023-06-08T14:09:00,1,9998,0,9999
2023-06-08T14:20:43,1,9998,0,9999
2023-06-08T14:32:35,1,9998,0,9999
2023-06-08T14:44:18,1,9998,0,9999
2023-06-08T14:56:00,1,9998,0,9999
2023-06-08T15:07:43,1,9998,0,9999
2023-06-08T15:19:25,1,9998,0,9999
2023-06-08T15:31:26,1,9998,0,9999
2023-06-08T15:43:08,1,9998,0,9999
2023-06-08T15:54:51,1,9998,0,9999
2023-06-08T16:06:33,1,9998,0,9999
2023-06-08T16:18:15,1,9998,0,9999
2023-06-08T16:29:57,1,9998,0,9999
2023-06-08T16:41:39,1,9998,0,9999
2023-06-08T16:53:32,1,9998,0,9999
2023-06-08T17:05:15,1,9998,0,9999
2023-06-08T17:16:59,1,9998,0,9999
2023-06-08T17:28:41,1,9998,0,9999
2023-06-08T17:40:24,1,9998,0,9999
2023-06-08T17:52:06,1,9998,0,9999
2023-06-08T18:03:49,1,9998,0,9999
2023-06-08T18:15:42,1,9998,0,9999
2023-06-08T18:27:24,1,9998,0,9999
2023-06-08T18:39:07,1,9998,0,9999
2023-06-08T18:50:48,1,9998,0,9999
2023-06-08T19:02:31,1,9998,0,9999
2023-06-08T19:14:14,1,9998,0,9999
2023-06-08T19:25:56,1,9998,0,9999
2023-06-08T19:37:39,1,9998,0,9999
2023-06-08T19:57:18,1,9998,0,9999
2023-06-08T20:09:01,1,9998,0,9999
2023-06-08T20:20:43,1,9998,0,9999
2023-06-08T20:32:26,1,9998,0,9999
2023-06-08T20:44:08,1,9998,0,9999
2023-06-08T20:55:50,1,9998,0,9999
2023-06-08T21:07:32,1,9998,0,9999
2023-06-08T21:19:15,1,9998,0,9999
2023-06-08T21:30:57,1,9998,0,9999
2023-06-08T21:42:39,1,9998,0,9999
2023-06-08T21:54:22,1,9998,0,9999
2023-06-08T22:06:15,1,9998,0,9999
2023-06-08T22:17:57,1,9998,0,9999
2023-06-08T22:29:40,1,9998,0,9999
2023-06-08T22:41:21,1,9998,0,9999
2023-06-08T22:53:03,1,9998,0,9999
2023-06-08T23:04:46,1,9998,0,9999
2023-06-08T23:16:29,1,9998,0,9999
2023-06-08T23:28:12,1,9998,0,9999
2023-06-08T23:39:55,1,9998,0,9999
2023-06-08T23:51:38,1,9998,0,9999
2023-06-09T00:03:21,1,9998,0,9999
2023-06-09T00:15:23,1,9998,0,9999
2023-06-09T00:27:10,1,9998,0,9999
2023-06-09T00:38:55,1,9998,0,9999
2023-06-09T00:50:42,1,9998,0,9999
2023-06-09T01:02:28,1,9998,0,9999
2023-06-09T01:14:13,1,9998,0,9999
2023-06-09T01:25:59,1,9998,0,9999
2023-06-09T01:37:46,1,9998,0,9999
2023-06-09T01:49:33,1,9998,0,9999
2023-06-09T02:01:19,1,9998,0,9999
2023-06-09T02:13:04,1,9998,0,9999
2023-06-09T02:24:48,1,9998,0,9999
2023-06-09T02:36:34,1,9998,0,9999
2023-06-09T02:48:50,1,9998,0,9999
2023-06-09T03:00:37,1,9998,0,9999
2023-06-09T03:12:23,1,9998,0,9999
2023-06-09T03:24:10,1,9998,0,9999
2023-06-09T03:35:56,1,9998,0,9999
2023-06-09T03:47:41,1,9998,0,9999
2023-06-09T03:59:26,1,9998,0,9999
2023-06-09T04:13:18,1,9998,0,9999
2023-06-09T04:23:42,1,9998,0,9999
2023-06-09T04:35:54,1,9998,0,9999
2023-06-09T04:47:42,1,9998,0,9999
2023-06-09T04:59:31,1,9998,0,9999
2023-06-09T05:11:20,1,9998,0,9999
2023-06-09T05:23:06,1,9998,0,9999
2023-06-09T05:34:52,1,9998,0,9999
2023-06-09T05:46:38,1,9998,0,9999
2023-06-09T05:58:24,1,9998,0,9999
2023-06-09T06:10:10,1,9998,0,9999
2023-06-09T06:21:56,1,9998,0,9999
2023-06-09T06:33:42,1,9998,0,9999
2023-06-09T06:45:28,1,9998,0,9999
2023-06-09T06:57:13,1,9998,0,9999
2023-06-09T07:08:58,1,9998,0,9999
2023-06-09T07:20:43,1,9998,0,9999
2023-06-09T07:32:31,1,9998,0,9999
2023-06-09T07:44:15,1,9998,0,9999
2023-06-09T07:55:58,1,9998,0,9999
2023-06-09T08:07:43,1,9998,0,9999
2023-06-09T08:19:26,1,9998,0,9999
2023-06-09T08:31:09,1,9998,0,9999
2023-06-09T08:42:52,1,9998,0,9999
2023-06-09T08:54:34,1,9998,0,9999
2023-06-09T09:06:28,1,9998,0,9999
2023-06-09T09:18:10,1,9998,0,9999
2023-06-09T09:29:53,1,9998,0,9999
2023-06-09T09:41:37,1,9998,0,9999
2023-06-09T09:53:22,1,9998,0,9999
2023-06-09T10:05:05,1,9998,0,9999
2023-06-09T10:16:47,1,9998,0,9999
2023-06-09T10:28:30,1,9998,0,9999
2023-06-09T10:40:12,1,9998,0,9999
2023-06-09T10:51:55,1,9998,0,9999
2023-06-09T11:03:38,1,9998,0,9999
2023-06-09T11:15:39,1,9998,0,9999
2023-06-09T11:27:21,1,9998,0,9999
2023-06-09T11:39:04,1,9998,0,9999
2023-06-09T11:50:46,1,9998,0,9999
2023-06-09T12:02:28,1,9998,0,9999
2023-06-09T12:14:11,1,9998,0,9999
2023-06-09T12:25:55,1,9998,0,9999
2023-06-09T12:37:39,1,9998,0,9999
2023-06-09T12:49:34,1,9998,0,9999
2023-06-09T13:01:18,1,9998,0,9999
2023-06-09T13:13:01,1,9998,0,9999
2023-06-09T13:24:45,1,9998,0,9999
2023-06-09T13:36:29,1,9998,0,9999
2023-06-09T13:48:14,1,9998,0,9999
2023-06-09T13:59:58,1,9998,0,9999
2023-06-09T14:11:59,1,9998,0,9999
2023-06-09T14:23:43,1,9998,0,9999
2023-06-09T14:35:27,1,9998,0,9999
2023-06-09T14:47:11,1,9998,0,9999
2023-06-09T14:58:56,1,9998,0,9999
2023-06-09T15:10:40,1,9998,0,9999
2023-06-09T15:22:24,1,9998,0,9999
2023-06-09T15:34:08,1,9998,0,9999
2023-06-09T15:46:03,1,9998,0,9999
2023-06-09T15:57:47,1,9998,0,9999
2023-06-09T16:09:32,1,9998,0,9999
2023-06-09T16:21:17,1,9998,0,9999
2023-06-09T16:33:02,1,9998,0,9999
2023-06-09T16:44:47,1,9998,0,9999
2023-06-09T16:56:32,1,9998,0,9999
2023-06-09T17:08:18,1,9998,0,9999
2023-06-09T17:20:15,1,9998,0,9999
2023-06-09T17:32:00,1,9998,0,9999
2023-06-09T17:43:45,1,9998,0,9999
2023-06-09T17:55:30,1,9998,0,9999
2023-06-09T18:07:15,1,9998,0,9999
2023-06-09T18:19:00,1,9998,0,9999
2023-06-09T18:30:45,1,9998,0,9999
2023-06-09T18:42:30,1,9998,0,9999
2023-06-09T18:54:26,1,9998,0,9999
2023-06-09T19:06:11,1,9998,0,9999
2023-06-09T19:17:57,1,9998,0,9999
2023-06-09T19:29:41,1,9998,0,9999
2023-06-09T19:41:27,1,9998,0,9999
2023-06-09T19:53:12,1,9998,0,9999
2023-06-09T20:04:57,1,9998,0,9999
2023-06-09T20:16:42,1,9998,0,9999
2023-06-09T20:28:28,1,9998,0,9999
2023-06-09T20:40:32,1,9998,0,9999
2023-06-09T20:52:17,1,9998,0,9999
2023-06-09T21:04:02,1,9998,0,9999
2023-06-09T21:15:47,1,9998,0,9999
2023-06-09T21:27:32,1,9998,0,9999
2023-06-09T21:39:17,1,9998,0,9999
2023-06-09T21:51:03,1,9998,0,9999
2023-06-09T22:02:48,1,9998,0,9999
2023-06-09T22:14:34,1,9998,0,9999
2023-06-09T22:26:19,1,9998,0,9999
2023-06-09T22:38:04,1,9998,0,9999
2023-06-09T22:50:00,1,9998,0,9999
2023-06-09T23:01:46,1,9998,0,9999
2023-06-09T23:13:32,1,9998,0,9999
2023-06-09T23:25:17,1,9998,0,9999
2023-06-09T23:37:04,1,9998,0,9999
2023-06-09T23:48:50,1,9998,0,9999
2023-06-10T00:00:36,1,9998,0,9999
2023-06-10T00:12:25,1,9998,0,9999
2023-06-10T00:24:15,1,9998,0,9999
2023-06-10T00:36:03,1,9998,0,9999
2023-06-10T00:47:52,1,9998,0,9999
2023-06-10T01:00:01,1,9998,0,9999
2023-06-10T01:11:50,1,9998,0,9999
2023-06-10T01:23:39,1,9998,0,9999
2023-06-10T01:35:29,1,9998,0,9999
2023-06-10T01:47:19,1,9998,0,9999
2023-06-10T01:59:09,1,9998,0,9999
2023-06-10T02:10:58,1,9998,0,9999
2023-06-10T02:22:45,1,9998,0,9999
2023-06-10T02:34:32,1,9998,0,9999
2023-06-10T02:46:18,1,9998,0,9999
2023-06-10T02:58:03,1,9998,0,9999
2023-06-10T03:09:50,1,9998,0,9999
2023-06-10T03:21:37,1,9998,0,9999
2023-06-10T03:33:24,1,9998,0,9999
2023-06-10T03:45:12,1,9998,0,9999
2023-06-10T03:57:00,1,9998,0,9999
2023-06-10T04:08:49,1,9998,0,9999
2023-06-10T04:27:18,1,9998,0,9999
2023-06-10T04:39:20,1,9998,0,9999
2023-06-10T04:52:34,1,9998,0,9999
2023-06-10T05:04:24,1,9998,0,9999
2023-06-10T05:16:13,1,9998,0,9999
2023-06-10T05:28:01,1,9998,0,9999
2023-06-10T05:39:49,1,9998,0,9999
2023-06-10T05:51:38,1,9998,0,9999
2023-06-10T06:03:27,1,9998,0,9999
2023-06-10T06:15:14,1,9998,0,9999
2023-06-10T06:27:02,1,9998,0,9999
2023-06-10T06:38:50,1,9998,0,9999
2023-06-10T06:50:39,1,9998,0,9999
2023-06-10T07:02:29,1,9998,0,9999
2023-06-10T07:14:17,1,9998,0,9999
2023-06-10T07:26:05,1,9998,0,9999
2023-06-10T07:37:53,1,9998,0,9999
2023-06-10T07:49:43,1,9998,0,9999
2023-06-10T08:01:31,1,9998,0,9999
2023-06-10T08:13:27,1,9998,0,9999
2023-06-10T08:25:15,1,9998,0,9999
2023-06-10T08:37:03,1,9998,0,9999
2023-06-10T08:48:52,1,9998,0,9999
2023-06-10T09:00:40,1,9998,0,9999
2023-06-10T09:12:28,1,9998,0,9999
2023-06-10T09:24:16,1,9998,0,9999
2023-06-10T09:36:03,1,9998,0,9999
2023-06-10T09:47:51,1,9998,0,9999
2023-06-10T09:59:39,1,9998,0,9999
2023-06-10T10:11:25,1,9998,0,9999
2023-06-10T10:23:11,1,9998,0,9999
2023-06-10T10:34:57,1,9998,0,9999
2023-06-10T10:46:44,1,9998,0,9999
2023-06-10T10:58:41,1,9998,0,9999
2023-06-10T11:10:27,1,9998,0,9999
2023-06-10T11:22:12,1,9998,0,9999
2023-06-10T11:33:57,1,9998,0,9999
2023-06-10T11:45:42,1,9998,0,9999
2023-06-10T11:57:26,1,9998,0,9999
2023-06-10T12:09:11,1,9998,0,9999
2023-06-10T12:20:56,1,9998,0,9999
2023-06-10T12:32:41,1,9998,0,9999
2023-06-10T12:44:26,1,9998,0,9999
2023-06-10T12:56:11,1,9998,0,9999
2023-06-10T13:07:56,1,9998,0,9999
2023-06-10T13:19:41,1,9998,0,9999
2023-06-10T13:31:35,1,9998,0,9999
2023-06-10T13:43:20,1,9998,0,9999
2023-06-10T13:55:05,1,9998,0,9999
2023-06-10T14:06:50,1,9998,0,9999
2023-06-10T14:18:35,1,9998,0,9999
2023-06-10T14:30:20,1,9998,0,9999
2023-06-10T14:42:05,1,9998,0,9999
2023-06-10T14:53:50,1,9998,0,9999
2023-06-10T15:05:34,1,9998,0,9999
2023-06-10T15:17:19,1,9998,0,9999
2023-06-10T15:29:04,1,9998,0,9999
2023-06-10T15:40:49,1,9998,0,9999
2023-06-10T15:52:34,1,9998,0,9999
2023-06-10T16:04:29,1,9998,0,9999
2023-06-10T16:16:13,1,9998,0,9999
2023-06-10T16:27:58,1,9998,0,9999
2023-06-10T16:39:42,1,9998,0,9999
2023-06-10T16:51:27,1,9998,0,9999
2023-06-10T17:03:13,1,9998,0,9999
2023-06-10T17:14:59,1,9998,0,9999
2023-06-10T17:26:44,1,9998,0,9999
2023-06-10T17:38:29,1,9998,0,9999
2023-06-10T17:50:14,1,9998,0,9999
2023-06-10T18:02:09,1,9998,0,9999
2023-06-10T18:13:54,1,9998,0,9999
2023-06-10T18:25:39,1,9998,0,9999
2023-06-10T18:37:24,1,9998,0,9999
2023-06-10T18:49:09,1,9998,0,9999
2023-06-10T19:00:54,1,9998,0,9999
2023-06-10T19:12:40,1,9998,0,9999
2023-06-10T19:24:25,1,9998,0,9999
2023-06-10T19:36:10,1,9998,0,9999
2023-06-10T19:47:55,1,9998,0,9999
2023-06-10T19:59:40,1,9998,0,9999
2023-06-10T20:11:25,1,9998,0,9999
2023-06-10T20:23:10,1,9998,0,9999
2023-06-10T20:34:55,1,9998,0,9999
2023-06-10T20:46:50,1,9998,0,9999
2023-06-10T20:58:35,1,9998,0,9999
2023-06-10T21:10:20,1,9998,0,9999
2023-06-10T21:22:05,1,9998,0,9999
2023-06-10T21:33:50,1,9998,0,9999
2023-06-10T21:45:35,1,9998,0,9999
2023-06-10T21:57:20,1,9998,0,9999
2023-06-10T22:09:05,1,9998,0,9999
2023-06-10T22:20:50,1,9998,0,9999
2023-06-10T22:32:35,1,9998,0,9999
2023-06-10T22:44:20,1,9998,0,9999
2023-06-10T22:56:04,1,9998,0,9999
2023-06-10T23:07:50,1,9998,0,9999
2023-06-10T23:19:35,1,9998,0,9999
2023-06-10T23:31:30,1,9998,0,9999
2023-06-10T23:43:15,1,9998,0,9999
2023-06-10T23:55:00,1,9998,0,9999
2023-06-11T00:06:47,1,9998,0,9999
2023-06-11T00:18:44,1,9998,0,9999
2023-06-11T00:30:31,1,9998,0,9999
2023-06-11T00:42:20,1,9998,0,9999
2023-06-11T00:54:09,1,9998,0,9999
2023-06-11T01:05:57,1,9998,0,9999
2023-06-11T01:17:43,1,9998,0,9999
2023-06-11T01:29:31,1,9998,0,9999
2023-06-11T01:41:20,1,9998,0,9999
2023-06-11T01:53:08,1,9998,0,9999
2023-06-11T02:04:56,1,9998,0,9999
2023-06-11T02:16:46,1,9998,0,9999
2023-06-11T02:28:33,1,9998,0,9999
2023-06-11T02:40:22,1,9998,0,9999
2023-06-11T02:52:09,1,9998,0,9999
2023-06-11T03:03:57,1,9998,0,9999
2023-06-11T03:15:45,1,9998,0,9999
2023-06-11T03:27:43,1,9998,0,9999
2023-06-11T03:39:32,1,9998,0,9999
2023-06-11T03:51:19,1,9998,0,9999
2023-06-11T04:03:08,1,9998,0,9999
2023-06-11T04:29:15,1,9998,0,9999
2023-06-11T04:41:05,1,9998,0,9999
2023-06-11T04:54:28,1,9998,0,9999
2023-06-11T05:06:18,1,9998,0,9999
2023-06-11T05:18:07,1,9998,0,9999
2023-06-11T05:29:54,1,9998,0,9999
2023-06-11T05:41:43,1,9998,0,9999
2023-06-11T05:53:31,1,9998,0,9999
2023-06-11T06:05:19,1,9998,0,9999
2023-06-11T06:17:07,1,9998,0,9999
2023-06-11T06:28:56,1,9998,0,9999
2023-06-11T06:40:44,1,9998,0,9999
2023-06-11T06:52:32,1,9998,0,9999
2023-06-11T07:04:19,1,9998,0,9999
2023-06-11T07:16:06,1,9998,0,9999
2023-06-11T07:27:51,1,9998,0,9999
2023-06-11T07:39:36,1,9998,0,9999
2023-06-11T07:51:21,1,9998,0,9999
2023-06-11T08:03:07,1,9998,0,9999
2023-06-11T08:14:53,1,9998,0,9999
2023-06-11T08:26:43,1,9998,0,9999
2023-06-11T08:38:28,1,9998,0,9999
2023-06-11T08:50:13,1,9998,0,9999
2023-06-11T09:01:58,1,9998,0,9999
2023-06-11T09:13:44,1,9998,0,9999
2023-06-11T09:25:29,1,9998,0,9999
2023-06-11T09:37:14,1,9998,0,9999
2023-06-11T09:49:06,1,9998,0,9999
2023-06-11T10:00:52,1,9998,0,9999
2023-06-11T10:12:37,1,9998,0,9999
2023-06-11T10:24:22,1,9998,0,9999
2023-06-11T10:36:07,1,9998,0,9999
2023-06-11T10:47:52,1,9998,0,9999
2023-06-11T10:59:38,1,9998,0,9999
2023-06-11T11:11:24,1,9998,0,9999
2023-06-11T11:23:10,1,9998,0,9999
2023-06-11T11:34:57,1,9998,0,9999
2023-06-11T11:46:43,1,9998,0,9999
2023-06-11T11:58:28,1,9998,0,9999
2023-06-11T12:10:15,1,9998,0,9999
2023-06-11T12:22:01,1,9998,0,9999
2023-06-11T12:33:56,1,9998,0,9999
2023-06-11T12:45:40,1,9998,0,9999
2023-06-11T12:57:26,1,9998,0,9999
2023-06-11T13:09:11,1,9998,0,9999
2023-06-11T13:20:56,1,9998,0,9999
2023-06-11T13:32:40,1,9998,0,9999
2023-06-11T13:44:26,1,9998,0,9999
2023-06-11T13:56:11,1,9998,0,9999
2023-06-11T14:07:56,1,9998,0,9999
2023-06-11T14:19:40,1,9998,0,9999
2023-06-11T14:31:25,1,9998,0,9999
2023-06-11T14:43:21,1,9998,0,9999
2023-06-11T14:55:06,1,9998,0,9999
2023-06-11T15:06:50,1,9998,0,9999
2023-06-11T15:18:35,1,9998,0,9999
2023-06-11T15:30:19,1,9998,0,9999
2023-06-11T15:42:04,1,9998,0,9999
2023-06-11T15:53:49,1,9998,0,9999
2023-06-11T16:05:34,1,9998,0,9999
2023-06-11T16:17:20,1,9998,0,9999
2023-06-11T16:29:06,1,9998,0,9999
2023-06-11T16:41:00,1,9998,0,9999
2023-06-11T16:52:45,1,9998,0,9999
2023-06-11T17:04:30,1,9998,0,9999
2023-06-11T17:16:16,1,9998,0,9999
2023-06-11T17:28:01,1,9998,0,9999
2023-06-11T17:39:46,1,9998,0,9999
2023-06-11T17:51:31,1,9998,0,9999
2023-06-11T18:03:16,1,9998,0,9999
2023-06-11T18:15:00,1,9998,0,9999
2023-06-11T18:26:46,1,9998,0,9999
2023-06-11T18:38:40,1,9998,0,9999
2023-06-11T18:50:25,1,9998,0,9999
2023-06-11T19:02:11,1,9998,0,9999
2023-06-11T19:13:57,1,9998,0,9999
2023-06-11T19:25:42,1,9998,0,9999
2023-06-11T19:37:28,1,9998,0,9999
2023-06-11T19:49:13,1,9998,0,9999
2023-06-11T20:00:57,1,9998,0,9999
2023-06-11T20:12:42,1,9998,0,9999
2023-06-11T20:24:27,1,9998,0,9999
2023-06-11T20:36:12,1,9998,0,9999
2023-06-11T20:48:06,1,9998,0,9999
2023-06-11T20:59:51,1,9998,0,9999
2023-06-11T21:11:37,1,9998,0,9999
2023-06-11T21:23:22,1,9998,0,9999
2023-06-11T21:35:08,1,9998,0,9999
2023-06-11T21:46:54,1,9998,0,9999
2023-06-11T21:58:39,1,9998,0,9999
2023-06-11T22:10:24,1,9998,0,9999
2023-06-11T22:22:09,1,9998,0,9999
2023-06-11T22:33:54,1,9998,0,9999
2023-06-11T22:45:40,1,9998,0,9999
2023-06-11T22:57:36,1,9998,0,9999
2023-06-11T23:09:21,1,9998,0,9999
2023-06-11T23:21:06,1,9998,0,9999
2023-06-11T23:32:52,1,9998,0,9999
2023-06-11T23:44:38,1,9998,0,9999
2023-06-11T23:56:24,1,9998,0,9999
2023-06-12T00:08:11,1,9998,0,9999
2023-06-12T00:20:03,1,9998,0,9999
2023-06-12T00:31:59,1,9998,0,9999
2023-06-12T00:44:00,1,9998,0,9999
2023-06-12T00:55:47,1,9998,0,9999
2023-06-12T01:07:34,1,9998,0,9999
2023-06-12T01:19:23,1,9998,0,9999
2023-06-12T01:31:12,1,9998,0,9999
2023-06-12T01:43:01,1,9998,0,9999
2023-06-12T01:54:49,1,9998,0,9999
2023-06-12T02:06:37,1,9998,0,9999
2023-06-12T02:18:24,1,9998,0,9999
2023-06-12T02:30:11,1,9998,0,9999
2023-06-12T02:41:58,1,9998,0,9999
2023-06-12T02:53:45,1,9998,0,9999
2023-06-12T03:05:31,1,9998,0,9999
2023-06-12T03:17:20,1,9998,0,9999
2023-06-12T03:29:09,1,9998,0,9999
2023-06-12T03:41:00,1,9998,0,9999
2023-06-12T03:52:48,1,9998,0,9999
2023-06-12T04:04:36,1,9998,0,9999
2023-06-12T04:16:25,1,9998,0,9999
2023-06-12T04:25:50,1,9998,0,9999
2023-06-12T04:37:42,1,9998,0,9999
2023-06-12T04:50:50,1,9998,0,9999
2023-06-12T05:03:00,1,9998,0,9999
2023-06-12T05:14:53,1,9998,0,9999
2023-06-12T05:26:38,1,9998,0,9999
2023-06-12T05:38:24,1,9998,0,9999
2023-06-12T05:50:12,1,9998,0,9999
2023-06-12T06:02:02,1,9998,0,9999
2023-06-12T06:13:51,1,9998,0,9999
2023-06-12T06:25:39,1,9998,0,9999
2023-06-12T06:37:28,1,9998,0,9999
2023-06-12T06:49:16,1,9998,0,9999
2023-06-12T07:01:05,1,9998,0,9999
2023-06-12T07:12:56,1,9998,0,9999
2023-06-12T07:24:44,1,9998,0,9999
2023-06-12T07:36:31,1,9998,0,9999
2023-06-12T07:48:18,1,9998,0,9999
2023-06-12T08:00:05,1,9998,0,9999
2023-06-12T08:11:52,1,9998,0,9999
2023-06-12T08:23:39,1,9998,0,9999
2023-06-12T08:35:27,1,9998,0,9999
2023-06-12T08:47:13,1,9998,0,9999
2023-06-12T08:59:07,1,9998,0,9999
2023-06-12T09:10:53,1,9998,0,9999
2023-06-12T09:22:38,1,9998,0,9999
2023-06-12T09:34:23,1,9998,0,9999
2023-06-12T09:46:08,1,9998,0,9999
2023-06-12T09:57:54,1,9998,0,9999
2023-06-12T10:09:39,1,9998,0,9999
2023-06-12T10:21:24,1,9998,0,9999
2023-06-12T10:33:09,1,9998,0,9999
2023-06-12T10:44:55,1,9998,0,9999
2023-06-12T10:56:40,1,9998,0,9999
2023-06-12T11:08:35,1,9998,0,9999
2023-06-12T11:20:21,1,9998,0,9999
2023-06-12T11:32:06,1,9998,0,9999
2023-06-12T11:43:51,1,9998,0,9999
2023-06-12T11:55:37,1,9998,0,9999
2023-06-12T12:07:24,1,9998,0,9999
2023-06-12T12:19:10,1,9998,0,9999
2023-06-12T12:30:55,1,9998,0,9999
2023-06-12T12:42:51,1,9998,0,9999
2023-06-12T12:54:36,1,9998,0,9999
2023-06-12T13:06:22,1,9998,0,9999
2023-06-12T13:18:08,1,9998,0,9999
2023-06-12T13:29:53,1,9998,0,9999
2023-06-12T13:41:39,1,9998,0,9999
2023-06-12T13:53:24,1,9998,0,9999
2023-06-12T14:05:20,1,9998,0,9999
2023-06-12T14:17:05,1,9998,0,9999
2023-06-12T14:28:51,1,9998,0,9999
2023-06-12T14:40:36,1,9998,0,9999
2023-06-12T14:52:21,1,9998,0,9999
2023-06-12T15:04:06,1,9998,0,9999
2023-06-12T15:15:51,1,9998,0,9999
2023-06-12T15:27:37,1,9998,0,9999
2023-06-12T15:39:33,1,9998,0,9999
2023-06-12T15:51:19,1,9998,0,9999
2023-06-12T16:03:04,1,9998,0,9999
2023-06-12T16:14:50,1,9998,0,9999
2023-06-12T16:26:34,1,9998,0,9999
2023-06-12T16:38:19,1,9998,0,9999
2023-06-12T16:50:05,1,9998,0,9999
2023-06-12T17:02:01,1,9998,0,9999
2023-06-12T17:13:48,1,9998,0,9999
2023-06-12T17:25:33,1,9998,0,9999
2023-06-12T17:37:19,1,9998,0,9999
2023-06-12T17:49:05,1,9998,0,9999
2023-06-12T18:00:50,1,9998,0,9999
2023-06-12T18:12:35,1,9998,0,9999
2023-06-12T18:24:30,1,9998,0,9999
2023-06-12T18:36:15,1,9998,0,9999
2023-06-12T18:48:00,1,9998,0,9999
2023-06-12T18:59:45,1,9998,0,9999
2023-06-12T19:11:31,1,9998,0,9999
2023-06-12T19:23:16,1,9998,0,9999
2023-06-12T19:35:01,1,9998,0,9999
2023-06-12T19:46:47,1,9998,0,9999
2023-06-12T19:58:32,1,9998,0,9999
2023-06-12T20:10:28,1,9998,0,9999
2023-06-12T20:22:12,1,9998,0,9999
2023-06-12T20:33:58,1,9998,0,9999
2023-06-12T20:45:42,1,9998,0,9999
2023-06-12T20:57:28,1,9998,0,9999
2023-06-12T21:09:13,1,9998,0,9999
2023-06-12T21:21:08,1,9998,0,9999
2023-06-12T21:32:54,1,9998,0,9999
2023-06-12T21:44:40,1,9998,0,9999
2023-06-12T21:56:25,1,9998,0,9999
2023-06-12T22:08:11,1,9998,0,9999
2023-06-12T22:19:57,1,9998,0,9999
2023-06-12T22:31:43,1,9998,0,9999
2023-06-12T22:43:28,1,9998,0,9999
2023-06-12T22:55:13,1,9998,0,9999
2023-06-12T23:06:59,1,9998,0,9999
2023-06-12T23:18:56,1,9998,0,9999
2023-06-12T23:30:42,1,9998,0,9999
2023-06-12T23:42:28,1,9998,0,9999
2023-06-12T23:54:14,1,9998,0,9999
2023-06-13T00:06:01,1,9998,0,9999
2023-06-13T00:17:51,1,9998,0,9999
2023-06-13T00:29:40,1,9998,0,9999
2023-06-13T00:41:29,1,9998,0,9999
2023-06-13T00:53:17,1,9998,0,9999
2023-06-13T01:05:06,1,9998,0,9999
2023-06-13T01:16:56,1,9998,0,9999
2023-06-13T01:28:45,1,9998,0,9999
2023-06-13T01:40:33,1,9998,0,9999
2023-06-13T01:52:32,1,9998,0,9999
2023-06-13T02:04:19,1,9998,0,9999
2023-06-13T02:16:04,1,9998,0,9999
2023-06-13T02:27:49,1,9998,0,9999
2023-06-13T02:39:35,1,9998,0,9999
2023-06-13T02:51:21,1,9998,0,9999
2023-06-13T03:03:09,1,9998,0,9999
2023-06-13T03:14:58,1,9998,0,9999
2023-06-13T03:26:45,1,9998,0,9999
2023-06-13T03:38:32,1,9998,0,9999
2023-06-13T03:50:20,1,9998,0,9999
2023-06-13T04:02:08,1,9998,0,9999
2023-06-13T04:19:40,1,9998,0,9999
2023-06-13T04:31:30,1,9998,0,9999
2023-06-13T04:44:41,1,9998,0,9999
2023-06-13T04:56:50,1,9998,0,9999
2023-06-13T05:08:38,1,9998,0,9999
2023-06-13T05:20:25,1,9998,0,9999
2023-06-13T05:32:26,1,9998,0,9999
2023-06-13T05:44:16,1,9998,0,9999
2023-06-13T05:56:05,1,9998,0,9999
2023-06-13T06:07:54,1,9998,0,9999
2023-06-13T06:19:42,1,9998,0,9999
2023-06-13T06:31:30,1,9998,0,9999
2023-06-13T06:43:18,1,9998,0,9999
2023-06-13T06:55:07,1,9998,0,9999
2023-06-13T07:06:55,1,9998,0,9999
2023-06-13T07:18:43,1,9998,0,9999
2023-06-13T07:30:30,1,9998,0,9999
2023-06-13T07:42:16,1,9998,0,9999
2023-06-13T07:54:03,1,9998,0,9999
2023-06-13T08:05:51,1,9998,0,9999
2023-06-13T08:17:39,1,9998,0,9999
2023-06-13T08:29:25,1,9998,0,9999
2023-06-13T08:41:21,1,9998,0,9999
2023-06-13T08:53:07,1,9998,0,9999
2023-06-13T09:04:55,1,9998,0,9999
2023-06-13T09:16:43,1,9998,0,9999
2023-06-13T09:28:29,1,9998,0,9999
2023-06-13T09:40:16,1,9998,0,9999
2023-06-13T09:52:04,1,9998,0,9999
2023-06-13T10:03:51,1,9998,0,9999
2023-06-13T10:15:38,1,9998,0,9999
2023-06-13T10:27:40,1,9998,0,9999
2023-06-13T10:39:27,1,9998,0,9999
2023-06-13T10:51:13,1,9998,0,9999
2023-06-13T11:02:59,1,9998,0,9999
2023-06-13T11:14:44,1,9998,0,9999
2023-06-13T11:26:31,1,9998,0,9999
2023-06-13T11:38:16,1,9998,0,9999
2023-06-13T11:50:02,1,9998,0,9999
2023-06-13T12:01:59,1,9998,0,9999
2023-06-13T12:13:46,1,9998,0,9999
2023-06-13T12:25:32,1,9998,0,9999
2023-06-13T12:37:18,1,9998,0,9999
2023-06-13T12:49:04,1,9998,0,9999
2023-06-13T13:00:49,1,9998,0,9999
2023-06-13T13:12:35,1,9998,0,9999
2023-06-13T13:24:20,1,9998,0,9999
2023-06-13T13:36:06,1,9998,0,9999
2023-06-13T13:48:04,1,9998,0,9999
2023-06-13T13:59:51,1,9998,0,9999
2023-06-13T14:11:40,1,9998,0,9999
2023-06-13T14:23:26,1,9998,0,9999
2023-06-13T14:35:14,1,9998,0,9999
2023-06-13T14:47:01,1,9998,0,9999
2023-06-13T14:58:48,1,9998,0,9999
2023-06-13T15:10:36,1,9998,0,9999
2023-06-13T15:22:35,1,9998,0,9999
2023-06-13T15:34:22,1,9998,0,9999
2023-06-13T15:46:10,1,9998,0,9999
2023-06-13T15:57:57,1,9998,0,9999
2023-06-13T16:09:44,1,9998,0,9999
2023-06-13T16:21:31,1,9998,0,9999
2023-06-13T16:33:18,1,9998,0,9999
2023-06-13T16:45:05,1,9998,0,9999
2023-06-13T16:57:03,1,9998,0,9999
2023-06-13T17:08:51,1,9998,0,9999
2023-06-13T17:20:39,1,9998,0,9999
2023-06-13T17:32:27,1,9998,0,9999
2023-06-13T17:44:15,1,9998,0,9999
2023-06-13T17:56:02,1,9998,0,9999
2023-06-13T18:07:49,1,9998,0,9999
2023-06-13T18:19:36,1,9998,0,9999
2023-06-13T18:31:23,1,9998,0,9999
2023-06-13T18:43:10,1,9998,0,9999
2023-06-13T18:55:07,1,9998,0,9999
2023-06-13T19:06:54,1,9998,0,9999
2023-06-13T19:18:41,1,9998,0,9999
2023-06-13T19:30:29,1,9998,0,9999
2023-06-13T19:42:16,1,9998,0,9999
2023-06-13T19:54:02,1,9998,0,9999
2023-06-13T20:05:50,1,9998,0,9999
2023-06-13T20:17:38,1,9998,0,9999
2023-06-13T20:29:25,1,9998,0,9999
2023-06-13T20:41:24,1,9998,0,9999
2023-06-13T20:53:11,1,9998,0,9999
2023-06-13T21:04:58,1,9998,0,9999
2023-06-13T21:16:44,1,9998,0,9999
2023-06-13T21:28:31,1,9998,0,9999
2023-06-13T21:40:19,1,9998,0,9999
2023-06-13T21:52:06,1,9998,0,9999
2023-06-13T22:03:54,1,9998,0,9999
2023-06-13T22:15:47,1,9998,0,9999
2023-06-13T22:27:34,1,9998,0,9999
2023-06-13T22:39:31,1,9998,0,9999
2023-06-13T22:51:18,1,9998,0,9999
2023-06-13T23:03:06,1,9998,0,9999
2023-06-13T23:14:54,1,9998,0,9999
2023-06-13T23:26:42,1,9998,0,9999
2023-06-13T23:38:29,1,9998,0,9999
2023-06-13T23:50:17,1,9998,0,9999
2023-06-14T00:02:05,1,9998,0,9999
2023-06-14T00:13:56,1,9998,0,9999
2023-06-14T00:25:47,1,9998,0,9999
2023-06-14T00:37:38,1,9998,0,9999
2023-06-14T00:49:28,1,9998,0,9999
2023-06-14T01:01:31,1,9998,0,9999
2023-06-14T01:13:22,1,9998,0,9999
2023-06-14T01:25:13,1,9998,0,9999
2023-06-14T01:37:05,1,9998,0,9999
2023-06-14T01:48:57,1,9998,0,9999
2023-06-14T02:00:49,1,9998,0,9999
2023-06-14T02:12:39,1,9998,0,9999
2023-06-14T02:24:29,1,9998,0,9999
2023-06-14T02:36:18,1,9998,0,9999
2023-06-14T02:48:08,1,9998,0,9999
2023-06-14T03:00:00,1,9998,0,9999
2023-06-14T03:11:50,1,9998,0,9999
2023-06-14T03:23:52,1,9998,0,9999
2023-06-14T03:35:45,1,9998,0,9999
2023-06-14T03:47:36,1,9998,0,9999
2023-06-14T03:59:26,1,9998,0,9999
2023-06-14T04:11:28,1,9998,0,9999
2023-06-14T04:27:48,1,9998,0,9999
2023-06-14T04:40:08,1,9998,0,9999
2023-06-14T04:52:02,1,9998,0,9999
2023-06-14T05:03:54,1,9998,0,9999
2023-06-14T05:15:45,1,9998,0,9999
2023-06-14T05:27:35,1,9998,0,9999
2023-06-14T05:39:26,1,9998,0,9999
2023-06-14T05:51:18,1,9998,0,9999
2023-06-14T06:03:09,1,9998,0,9999
2023-06-14T06:15:00,1,9998,0,9999
2023-06-14T06:26:50,1,9998,0,9999
2023-06-14T06:38:45,1,9998,0,9999
2023-06-14T06:50:44,1,9998,0,9999
2023-06-14T07:02:33,1,9998,0,9999
2023-06-14T07:14:24,1,9998,0,9999
2023-06-14T07:26:26,1,9998,0,9999
2023-06-14T07:38:14,1,9998,0,9999
2023-06-14T07:50:04,1,9998,0,9999
2023-06-14T08:01:53,1,9998,0,9999
2023-06-14T08:13:43,1,9998,0,9999
2023-06-14T08:25:41,1,9998,0,9999
2023-06-14T08:37:32,1,9998,0,9999
2023-06-14T08:49:21,1,9998,0,9999
2023-06-14T09:01:09,1,9998,0,9999
2023-06-14T09:12:57,1,9998,0,9999
2023-06-14T09:24:46,1,9998,0,9999
2023-06-14T09:36:34,1,9998,0,9999
2023-06-14T09:48:22,1,9998,0,9999
2023-06-14T10:00:22,1,9998,0,9999
2023-06-14T10:12:11,1,9998,0,9999
2023-06-14T10:24:00,1,9998,0,9999
2023-06-14T10:35:50,1,9998,0,9999
2023-06-14T10:47:39,1,9998,0,9999
2023-06-14T10:59:27,1,9998,0,9999
2023-06-14T11:11:17,1,9998,0,9999
2023-06-14T11:23:07,1,9998,0,9999
2023-06-14T11:35:08,1,9998,0,9999
2023-06-14T11:46:58,1,9998,0,9999
2023-06-14T11:58:48,1,9998,0,9999
2023-06-14T12:10:36,1,9998,0,9999
2023-06-14T12:22:24,1,9998,0,9999
2023-06-14T12:34:13,1,9998,0,9999
2023-06-14T12:46:01,1,9998,0,9999
2023-06-14T12:57:50,1,9998,0,9999
2023-06-14T13:09:40,1,9998,0,9999
2023-06-14T13:21:40,1,9998,0,9999
2023-06-14T13:33:31,1,9998,0,9999
2023-06-14T13:45:26,1,9998,0,9999
2023-06-14T13:57:26,1,9998,0,9999
2023-06-14T14:09:31,1,9998,0,9999
2023-06-14T14:21:40,1,9998,0,9999
2023-06-14T14:33:56,1,9998,0,9999
2023-06-14T14:46:11,1,9998,0,9999
2023-06-14T14:58:37,1,9998,0,9999
2023-06-14T15:10:51,1,9998,0,9999
2023-06-14T15:23:06,1,9998,0,9999
2023-06-14T15:35:21,1,9998,0,9999
2023-06-14T15:47:36,1,9998,0,9999
2023-06-14T15:59:51,1,9998,0,9999
2023-06-14T16:12:07,1,9998,0,9999
2023-06-14T16:24:32,1,9998,0,9999
2023-06-14T16:36:47,1,9998,0,9999
2023-06-14T16:49:02,1,9998,0,9999
2023-06-14T17:01:17,1,9998,0,9999
2023-06-14T17:13:34,1,9998,0,9999
2023-06-14T17:25:48,1,9998,0,9999
2023-06-14T17:38:02,1,9998,0,9999
2023-06-14T17:50:29,1,9998,0,9999
2023-06-14T18:02:43,1,9998,0,9999
2023-06-14T18:14:57,1,9998,0,9999
2023-06-14T18:27:11,1,9998,0,9999
2023-06-14T18:39:25,1,9998,0,9999
2023-06-14T18:51:39,1,9998,0,9999
2023-06-14T19:03:53,1,9998,0,9999
2023-06-14T19:16:20,1,9998,0,9999
2023-06-14T19:28:34,1,9998,0,9999
2023-06-14T19:40:48,1,9998,0,9999
2023-06-14T19:53:02,1,9998,0,9999
2023-06-14T20:05:20,1,9998,0,9999
2023-06-14T20:17:33,1,9998,0,9999
2023-06-14T20:29:47,1,9998,0,9999
2023-06-14T20:42:01,1,9998,0,9999
2023-06-14T20:54:26,1,9998,0,9999
2023-06-14T21:06:40,1,9998,0,9999
2023-06-14T21:18:54,1,9998,0,9999
2023-06-14T21:31:08,1,9998,0,9999
2023-06-14T21:43:22,1,9998,0,9999
2023-06-14T21:55:36,1,9998,0,9999
2023-06-14T22:07:50,1,9998,0,9999
2023-06-14T22:20:05,1,9998,0,9999
2023-06-14T22:32:19,1,9998,0,9999
2023-06-14T22:44:44,1,9998,0,9999
2023-06-14T22:56:59,1,9998,0,9999
2023-06-14T23:09:15,1,9998,0,9999
2023-06-14T23:21:29,1,9998,0,9999
2023-06-14T23:33:44,1,9998,0,9999
2023-06-14T23:45:58,1,9998,0,9999
2023-06-14T23:58:12,1,9998,0,9999
2023-06-15T00:10:27,1,9998,0,9999
2023-06-15T00:22:49,1,9998,0,9999
2023-06-15T00:35:06,1,9998,0,9999
2023-06-15T00:47:37,1,9998,0,9999
2023-06-15T00:59:57,1,9998,0,9999
2023-06-15T01:12:15,1,9998,0,9999
2023-06-15T01:24:32,1,9998,0,9999
2023-06-15T01:36:50,1,9998,0,9999
2023-06-15T01:49:07,1,9998,0,9999
2023-06-15T02:01:24,1,9998,0,9999
2023-06-15T02:13:40,1,9998,0,9999
2023-06-15T02:25:57,1,9998,0,9999
2023-06-15T02:38:14,1,9998,0,9999
2023-06-15T02:50:29,1,9998,0,9999
2023-06-15T03:02:55,1,9998,0,9999
2023-06-15T03:15:11,1,9998,0,9999
2023-06-15T03:27:28,1,9998,0,9999
2023-06-15T03:39:45,1,9998,0,9999
2023-06-15T03:52:01,1,9998,0,9999
2023-06-15T04:04:18,1,9998,0,9999
2023-06-15T04:20:20,1,9998,0,9999
2023-06-15T04:32:41,1,9998,0,9999
2023-06-15T04:45:01,1,9998,0,9999
2023-06-15T04:58:58,1,9998,0,9999
2023-06-15T05:11:17,1,9998,0,9999
2023-06-15T05:23:36,1,9998,0,9999
2023-06-15T05:35:54,1,9998,0,9999
2023-06-15T05:48:13,1,9998,0,9999
2023-06-15T06:00:30,1,9998,0,9999
2023-06-15T06:12:47,1,9998,0,9999
2023-06-15T06:25:04,1,9998,0,9999
2023-06-15T06:37:20,1,9998,0,9999
2023-06-15T06:49:37,1,9998,0,9999
2023-06-15T07:01:53,1,9998,0,9999
2023-06-15T07:14:10,1,9998,0,9999
2023-06-15T07:26:28,1,9998,0,9999
2023-06-15T07:38:54,1,9998,0,9999
2023-06-15T07:51:10,1,9998,0,9999
2023-06-15T08:03:26,1,9998,0,9999
2023-06-15T08:15:42,1,9998,0,9999
2023-06-15T08:27:59,1,9998,0,9999
2023-06-15T08:40:15,1,9998,0,9999
2023-06-15T08:52:30,1,9998,0,9999
2023-06-15T09:04:47,1,9998,0,9999
2023-06-15T09:17:02,1,9998,0,9999
2023-06-15T09:29:17,1,9998,0,9999
2023-06-15T09:41:33,1,9998,0,9999
2023-06-15T09:53:48,1,9998,0,9999
2023-06-15T10:06:12,1,9998,0,9999
2023-06-15T10:18:26,1,9998,0,9999
2023-06-15T10:30:40,1,9998,0,9999
2023-06-15T10:42:54,1,9998,0,9999
2023-06-15T10:55:08,1,9998,0,9999
2023-06-15T11:07:22,1,9998,0,9999
2023-06-15T11:19:36,1,9998,0,9999
2023-06-15T11:31:50,1,9998,0,9999
2023-06-15T11:44:16,1,9998,0,9999
2023-06-15T11:56:30,1,9998,0,9999
2023-06-15T12:08:47,1,9998,0,9999
2023-06-15T12:21:01,1,9998,0,9999
2023-06-15T12:33:17,1,9998,0,9999
2023-06-15T12:45:31,1,9998,0,9999
2023-06-15T12:57:45,1,9998,0,9999
2023-06-15T13:09:59,1,9998,0,9999
2023-06-15T13:22:23,1,9998,0,9999
2023-06-15T13:34:38,1,9998,0,9999
2023-06-15T13:46:52,1,9998,0,9999
2023-06-15T13:59:07,1,9998,0,9999
2023-06-15T14:11:22,1,9998,0,9999
2023-06-15T14:23:35,1,9998,0,9999
2023-06-15T14:36:01,1,9998,0,9999
2023-06-15T14:48:15,1,9998,0,9999
2023-06-15T15:00:30,1,9998,0,9999
2023-06-15T15:12:44,1,9998,0,9999
2023-06-15T15:24:57,1,9998,0,9999
2023-06-15T15:37:12,1,9998,0,9999
2023-06-15T15:49:26,1,9998,0,9999
2023-06-15T16:01:40,1,9998,0,9999
2023-06-15T16:14:06,1,9998,0,9999
2023-06-15T16:26:19,1,9998,0,9999
2023-06-15T16:38:33,1,9998,0,9999
2023-06-15T16:50:47,1,9998,0,9999
2023-06-15T17:03:01,1,9998,0,9999
2023-06-15T17:15:16,1,9998,0,9999
2023-06-15T17:27:30,1,9998,0,9999
2023-06-15T17:39:44,1,9998,0,9999
2023-06-15T17:52:08,1,9998,0,9999
2023-06-15T18:04:23,1,9998,0,9999
2023-06-15T18:16:37,1,9998,0,9999
2023-06-15T18:28:52,1,9998,0,9999
2023-06-15T18:41:06,1,9998,0,9999
2023-06-15T18:53:21,1,9998,0,9999
2023-06-15T19:05:35,1,9998,0,9999
2023-06-15T19:17:50,1,9998,0,9999
2023-06-15T19:30:15,1,9998,0,9999
2023-06-15T19:42:29,1,9998,0,9999
2023-06-15T19:54:43,1,9998,0,9999
2023-06-15T20:06:58,1,9998,0,9999
2023-06-15T20:19:12,1,9998,0,9999
2023-06-15T20:31:26,1,9998,0,9999
2023-06-15T20:43:40,1,9998,0,9999
2023-06-15T20:55:54,1,9998,0,9999
2023-06-15T21:08:20,1,9998,0,9999
2023-06-15T21:20:34,1,9998,0,9999
2023-06-15T21:32:50,1,9998,0,9999
2023-06-15T21:45:04,1,9998,0,9999
2023-06-15T21:57:19,1,9998,0,9999
2023-06-15T22:09:33,1,9998,0,9999
2023-06-15T22:21:47,1,9998,0,9999
2023-06-15T22:34:02,1,9998,0,9999
2023-06-15T22:46:16,1,9998,0,9999
2023-06-15T22:58:31,1,9998,0,9999
2023-06-15T23:10:57,1,9998,0,9999
2023-06-15T23:23:12,1,9998,0,9999
2023-06-15T23:35:28,1,9998,0,9999
2023-06-15T23:47:43,1,9998,0,9999
2023-06-15T23:59:57,1,9998,0,9999
2023-06-16T00:12:13,1,9998,0,9999
2023-06-16T00:24:30,1,9998,0,9999
2023-06-16T00:36:43,1,9998,0,9999
2023-06-16T00:48:57,1,9998,0,9999
2023-06-16T01:01:12,1,9998,0,9999
2023-06-16T01:13:28,1,9998,0,9999
2023-06-16T01:25:53,1,9998,0,9999
2023-06-16T01:38:08,1,9998,0,9999
2023-06-16T01:50:22,1,9998,0,9999
2023-06-16T02:02:36,1,9998,0,9999
2023-06-16T02:14:53,1,9998,0,9999
2023-06-16T02:27:08,1,9998,0,9999
2023-06-16T02:39:23,1,9998,0,9999
2023-06-16T02:51:39,1,9998,0,9999
2023-06-16T03:03:56,1,9998,0,9999
2023-06-16T03:16:13,1,9998,0,9999
2023-06-16T03:28:33,1,9998,0,9999
2023-06-16T03:40:50,1,9998,0,9999
2023-06-16T03:53:07,1,9998,0,9999
2023-06-16T04:05:25,1,9998,0,9999
2023-06-16T04:16:18,1,9998,0,9999
2023-06-16T04:28:39,1,9998,0,9999
2023-06-16T04:40:59,1,9998,0,9999
2023-06-16T04:54:45,1,9998,0,9999
2023-06-16T05:07:25,1,9998,0,9999
2023-06-16T05:19:42,1,9998,0,9999
2023-06-16T05:32:00,1,9998,0,9999
2023-06-16T05:44:18,1,9998,0,9999
2023-06-16T05:56:37,1,9998,0,9999
2023-06-16T06:08:55,1,9998,0,9999
2023-06-16T06:21:12,1,9998,0,9999
2023-06-16T06:33:29,1,9998,0,9999
2023-06-16T06:45:47,1,9998,0,9999
2023-06-16T06:58:05,1,9998,0,9999
2023-06-16T07:10:22,1,9998,0,9999
2023-06-16T07:22:38,1,9998,0,9999
2023-06-16T07:34:53,1,9998,0,9999
2023-06-16T07:47:08,1,9998,0,9999
2023-06-16T07:59:25,1,9998,0,9999
2023-06-16T08:11:41,1,9998,0,9999
2023-06-16T08:24:08,1,9998,0,9999
2023-06-16T08:36:26,1,9998,0,9999
2023-06-16T08:48:43,1,9998,0,9999
2023-06-16T09:01:01,1,9998,0,9999
2023-06-16T09:13:17,1,9998,0,9999
2023-06-16T09:25:34,1,9998,0,9999
2023-06-16T09:37:49,1,9998,0,9999
2023-06-16T09:50:04,1,9998,0,9999
2023-06-16T10:02:20,1,9998,0,9999
2023-06-16T10:14:35,1,9998,0,9999
2023-06-16T10:59:24,1,9998,0,9999
2023-06-16T11:11:40,1,9998,0,9999
2023-06-16T11:23:56,1,9998,0,9999
2023-06-16T11:36:11,1,9998,0,9999
2023-06-16T11:48:26,1,9998,0,9999
2023-06-16T12:00:52,1,9998,0,9999
2023-06-16T12:13:08,1,9998,0,9999
2023-06-16T12:25:24,1,9998,0,9999
2023-06-16T12:37:39,1,9998,0,9999
2023-06-16T12:49:54,1,9998,0,9999
2023-06-16T13:02:09,1,9998,0,9999
2023-06-16T13:14:25,1,9998,0,9999
2023-06-16T13:26:41,1,9998,0,9999
2023-06-16T13:38:56,1,9998,0,9999
2023-06-16T13:51:22,1,9998,0,9999
2023-06-16T14:03:38,1,9998,0,9999
2023-06-16T14:15:53,1,9998,0,9999
2023-06-16T14:28:09,1,9998,0,9999
2023-06-16T14:40:24,1,9998,0,9999
2023-06-16T14:52:40,1,9998,0,9999
2023-06-16T15:04:55,1,9998,0,9999
2023-06-16T15:17:23,1,9998,0,9999
2023-06-16T15:29:38,1,9998,0,9999
2023-06-16T15:41:53,1,9998,0,9999
2023-06-16T15:54:09,1,9998,0,9999
2023-06-16T16:06:25,1,9998,0,9999
2023-06-16T16:18:41,1,9998,0,9999
2023-06-16T16:30:56,1,9998,0,9999
2023-06-16T16:43:11,1,9998,0,9999
2023-06-16T16:55:27,1,9998,0,9999
2023-06-16T17:07:42,1,9998,0,9999
2023-06-16T17:20:09,1,9998,0,9999
2023-06-16T17:32:24,1,9998,0,9999
2023-06-16T17:44:40,1,9998,0,9999
2023-06-16T17:56:55,1,9998,0,9999
2023-06-16T18:09:10,1,9998,0,9999
2023-06-16T18:21:26,1,9998,0,9999
2023-06-16T18:33:42,1,9998,0,9999
2023-06-16T18:45:57,1,9998,0,9999
2023-06-16T18:58:13,1,9998,0,9999
2023-06-16T19:10:29,1,9998,0,9999
2023-06-16T19:22:57,1,9998,0,9999
2023-06-16T19:35:13,1,9998,0,9999
2023-06-16T19:47:28,1,9998,0,9999
2023-06-16T19:59:44,1,9998,0,9999
2023-06-16T20:12:01,1,9998,0,9999
2023-06-16T20:24:16,1,9998,0,9999
2023-06-16T20:36:31,1,9998,0,9999
2023-06-16T20:48:48,1,9998,0,9999
2023-06-16T21:01:03,1,9998,0,9999
2023-06-16T21:13:19,1,9998,0,9999
2023-06-16T21:25:45,1,9998,0,9999
2023-06-16T21:38:00,1,9998,0,9999
2023-06-16T21:50:16,1,9998,0,9999
2023-06-16T22:02:32,1,9998,0,9999
2023-06-16T22:14:47,1,9998,0,9999
2023-06-16T22:27:03,1,9998,0,9999
2023-06-16T22:39:18,1,9998,0,9999
2023-06-16T22:51:33,1,9998,0,9999
2023-06-16T23:03:51,1,9998,0,9999
2023-06-16T23:16:18,1,9998,0,9999
2023-06-16T23:28:34,1,9998,0,9999
2023-06-16T23:40:50,1,9998,0,9999
2023-06-16T23:53:06,1,9998,0,9999
2023-06-17T00:05:23,1,9998,0,9999
2023-06-17T00:17:47,1,9998,0,9999
2023-06-17T00:30:07,1,9998,0,9999
2023-06-17T00:42:27,1,9998,0,9999
2023-06-17T00:54:46,1,9998,0,9999
2023-06-17T01:07:06,1,9998,0,9999
2023-06-17T01:19:25,1,9998,0,9999
2023-06-17T01:31:45,1,9998,0,9999
2023-06-17T01:44:04,1,9998,0,9999
2023-06-17T01:56:23,1,9998,0,9999
2023-06-17T02:08:52,1,9998,0,9999
2023-06-17T02:21:13,1,9998,0,9999
2023-06-17T02:33:31,1,9998,0,9999
2023-06-17T02:45:49,1,9998,0,9999
2023-06-17T02:58:05,1,9998,0,9999
2023-06-17T03:10:22,1,9998,0,9999
2023-06-17T03:22:40,1,9998,0,9999
2023-06-17T03:34:57,1,9998,0,9999
2023-06-17T03:47:15,1,9998,0,9999
2023-06-17T03:59:33,1,9998,0,9999
2023-06-17T04:11:52,1,9998,0,9999
2023-06-17T04:28:23,1,9998,0,9999
2023-06-17T04:40:43,1,9998,0,9999
2023-06-17T04:54:36,1,9998,0,9999
2023-06-17T05:06:56,1,9998,0,9999
2023-06-17T05:19:12,1,9998,0,9999
2023-06-17T05:31:29,1,9998,0,9999
2023-06-17T05:44:04,1,9998,0,9999
2023-06-17T05:56:23,1,9998,0,9999
2023-06-17T06:08:45,1,9998,0,9999
2023-06-17T06:21:03,1,9998,0,9999
2023-06-17T06:33:22,1,9998,0,9999
2023-06-17T06:45:41,1,9998,0,9999
2023-06-17T06:58:00,1,9998,0,9999
2023-06-17T07:10:19,1,9998,0,9999
2023-06-17T07:22:37,1,9998,0,9999
2023-06-17T07:34:55,1,9998,0,9999
2023-06-17T07:47:26,1,9998,0,9999
2023-06-17T07:59:45,1,9998,0,9999
2023-06-17T08:12:04,1,9998,0,9999
2023-06-17T08:24:22,1,9998,0,9999
2023-06-17T08:36:41,1,9998,0,9999
2023-06-17T08:48:59,1,9998,0,9999
2023-06-17T09:01:18,1,9998,0,9999
2023-06-17T09:13:36,1,9998,0,9999
2023-06-17T09:25:56,1,9998,0,9999
2023-06-17T09:38:14,1,9998,0,9999
2023-06-17T09:50:44,1,9998,0,9999
2023-06-17T10:03:02,1,9998,0,9999
2023-06-17T10:15:20,1,9998,0,9999
2023-06-17T10:27:39,1,9998,0,9999
2023-06-17T10:39:57,1,9998,0,9999
2023-06-17T10:52:15,1,9998,0,9999
2023-06-17T11:04:34,1,9998,0,9999
2023-06-17T11:16:52,1,9998,0,9999
2023-06-17T11:29:10,1,9998,0,9999
2023-06-17T11:41:27,1,9998,0,9999
2023-06-17T11:53:56,1,9998,0,9999
2023-06-17T12:06:14,1,9998,0,9999
2023-06-17T12:18:29,1,9998,0,9999
2023-06-17T12:30:44,1,9998,0,9999
2023-06-17T12:42:59,1,9998,0,9999
2023-06-17T12:55:14,1,9998,0,9999
2023-06-17T13:07:30,1,9998,0,9999
2023-06-17T13:19:45,1,9998,0,9999
2023-06-17T13:32:19,1,9998,0,9999
2023-06-17T13:44:36,1,9998,0,9999
2023-06-17T13:56:52,1,9998,0,9999
2023-06-17T14:09:07,1,9998,0,9999
2023-06-17T14:21:22,1,9998,0,9999
2023-06-17T14:33:38,1,9998,0,9999
2023-06-17T14:45:54,1,9998,0,9999
2023-06-17T14:58:09,1,9998,0,9999
2023-06-17T15:10:24,1,9998,0,9999
2023-06-17T15:22:40,1,9998,0,9999
2023-06-17T15:34:55,1,9998,0,9999
2023-06-17T15:47:20,1,9998,0,9999
2023-06-17T15:59:35,1,9998,0,9999
2023-06-17T16:11:50,1,9998,0,9999
2023-06-17T16:24:05,1,9998,0,9999
2023-06-17T16:36:20,1,9998,0,9999
2023-06-17T16:48:36,1,9998,0,9999
2023-06-17T17:00:51,1,9998,0,9999
2023-06-17T17:13:07,1,9998,0,9999
2023-06-17T17:25:22,1,9998,0,9999
2023-06-17T17:37:38,1,9998,0,9999
2023-06-17T17:49:53,1,9998,0,9999
2023-06-17T18:02:18,1,9998,0,9999
2023-06-17T18:14:34,1,9998,0,9999
2023-06-17T18:26:49,1,9998,0,9999
2023-06-17T18:39:05,1,9998,0,9999
2023-06-17T18:51:21,1,9998,0,9999
2023-06-17T19:03:37,1,9998,0,9999
2023-06-17T19:15:52,1,9998,0,9999
2023-06-17T19:28:07,1,9998,0,9999
2023-06-17T19:40:23,1,9998,0,9999
2023-06-17T19:52:38,1,9998,0,9999
2023-06-17T20:04:53,1,9998,0,9999
2023-06-17T20:17:09,1,9998,0,9999
2023-06-17T20:29:24,1,9998,0,9999
2023-06-17T20:41:50,1,9998,0,9999
2023-06-17T20:54:05,1,9998,0,9999
2023-06-17T21:06:20,1,9998,0,9999
2023-06-17T21:18:36,1,9998,0,9999
2023-06-17T21:30:51,1,9998,0,9999
2023-06-17T21:43:07,1,9998,0,9999
2023-06-17T21:55:22,1,9998,0,9999
2023-06-17T22:07:37,1,9998,0,9999
2023-06-17T22:19:53,1,9998,0,9999
2023-06-17T22:32:08,1,9998,0,9999
2023-06-17T22:44:24,1,9998,0,9999
2023-06-17T22:56:40,1,9998,0,9999
2023-06-17T23:09:08,1,9998,0,9999
2023-06-17T23:21:24,1,9998,0,9999
2023-06-17T23:33:40,1,9998,0,9999
2023-06-17T23:45:56,1,9998,0,9999
2023-06-17T23:58:13,1,9998,0,9999
2023-06-18T00:10:29,1,9998,0,9999
2023-06-18T00:22:47,1,9998,0,9999
2023-06-18T00:35:03,1,9998,0,9999
2023-06-18T00:47:22,1,9998,0,9999
2023-06-18T01:16:44,1,9998,0,9999
2023-06-18T01:29:03,1,9998,0,9999
2023-06-18T01:41:23,1,9998,0,9999
2023-06-18T01:53:42,1,9998,0,9999
2023-06-18T02:06:02,1,9998,0,9999
2023-06-18T02:19:07,1,9998,0,9999
2023-06-18T02:31:25,1,9998,0,9999
2023-06-18T02:43:44,1,9998,0,9999
2023-06-18T02:56:04,1,9998,0,9999
2023-06-18T03:08:24,1,9998,0,9999
2023-06-18T03:20:44,1,9998,0,9999
2023-06-18T03:33:14,1,9998,0,9999
2023-06-18T03:45:32,1,9998,0,9999
2023-06-18T03:57:50,1,9998,0,9999
2023-06-18T04:10:08,1,9998,0,9999
2023-06-18T04:29:09,1,9998,0,9999
2023-06-18T04:41:55,1,9998,0,9999
2023-06-18T04:54:16,1,9998,0,9999
2023-06-18T05:06:37,1,9998,0,9999
2023-06-18T05:18:56,1,9998,0,9999
2023-06-18T05:31:14,1,9998,0,9999
2023-06-18T05:43:33,1,9998,0,9999
2023-06-18T05:55:51,1,9998,0,9999
2023-06-18T06:08:11,1,9998,0,9999
2023-06-18T06:20:29,1,9998,0,9999
2023-06-18T06:32:48,1,9998,0,9999
2023-06-18T06:45:05,1,9998,0,9999
2023-06-18T06:57:25,1,9998,0,9999
2023-06-18T07:09:43,1,9998,0,9999
2023-06-18T07:22:01,1,9998,0,9999
2023-06-18T07:34:18,1,9998,0,9999
2023-06-18T07:46:35,1,9998,0,9999
2023-06-18T07:58:54,1,9998,0,9999
2023-06-18T08:11:11,1,9998,0,9999
2023-06-18T08:23:26,1,9998,0,9999
2023-06-18T08:35:42,1,9998,0,9999
2023-06-18T08:47:58,1,9998,0,9999
2023-06-18T09:00:27,1,9998,0,9999
2023-06-18T09:12:42,1,9998,0,9999
2023-06-18T09:24:57,1,9998,0,9999
2023-06-18T09:37:12,1,9998,0,9999
2023-06-18T09:49:27,1,9998,0,9999
2023-06-18T10:01:44,1,9998,0,9999
2023-06-18T10:14:04,1,9998,0,9999
2023-06-18T10:26:20,1,9998,0,9999
2023-06-18T10:38:36,1,9998,0,9999
2023-06-18T10:50:53,1,9998,0,9999
2023-06-18T11:03:10,1,9998,0,9999
2023-06-18T11:15:29,1,9998,0,9999
2023-06-18T11:27:47,1,9998,0,9999
2023-06-18T11:40:14,1,9998,0,9999
2023-06-18T11:52:31,1,9998,0,9999
2023-06-18T12:04:46,1,9998,0,9999
2023-06-18T12:17:01,1,9998,0,9999
2023-06-18T12:29:16,1,9998,0,9999
2023-06-18T12:41:31,1,9998,0,9999
2023-06-18T12:53:46,1,9998,0,9999
2023-06-18T13:06:18,1,9998,0,9999
2023-06-18T13:18:33,1,9998,0,9999
2023-06-18T13:30:48,1,9998,0,9999
2023-06-18T13:43:03,1,9998,0,9999
2023-06-18T13:55:18,1,9998,0,9999
2023-06-18T14:07:33,1,9998,0,9999
2023-06-18T14:19:48,1,9998,0,9999
2023-06-18T14:32:03,1,9998,0,9999
2023-06-18T14:44:18,1,9998,0,9999
2023-06-18T14:56:43,1,9998,0,9999
2023-06-18T15:08:57,1,9998,0,9999
2023-06-18T15:21:12,1,9998,0,9999
2023-06-18T15:33:27,1,9998,0,9999
2023-06-18T15:45:43,1,9998,0,9999
2023-06-18T15:57:59,1,9998,0,9999
2023-06-18T16:10:14,1,9998,0,9999
2023-06-18T16:22:29,1,9998,0,9999
2023-06-18T16:34:45,1,9998,0,9999
2023-06-18T16:47:11,1,9998,0,9999
2023-06-18T16:59:25,1,9998,0,9999
2023-06-18T17:11:41,1,9998,0,9999
2023-06-18T17:23:56,1,9998,0,9999
2023-06-18T17:36:12,1,9998,0,9999
2023-06-18T17:48:26,1,9998,0,9999
2023-06-18T18:00:41,1,9998,0,9999
2023-06-18T18:12:57,1,9998,0,9999
2023-06-18T18:25:12,1,9998,0,9999
2023-06-18T18:37:37,1,9998,0,9999
2023-06-18T18:49:52,1,9998,0,9999
2023-06-18T19:02:08,1,9998,0,9999
2023-06-18T19:14:25,1,9998,0,9999
2023-06-18T19:26:40,1,9998,0,9999
2023-06-18T19:38:55,1,9998,0,9999
2023-06-18T19:51:10,1,9998,0,9999
2023-06-18T20:03:25,1,9998,0,9999
2023-06-18T20:15:40,1,9998,0,9999
2023-06-18T20:28:06,1,9998,0,9999
2023-06-18T20:40:21,1,9998,0,9999
2023-06-18T20:52:36,1,9998,0,9999
2023-06-18T21:04:51,1,9998,0,9999
2023-06-18T21:17:06,1,9998,0,9999
2023-06-18T21:29:22,1,9998,0,9999
2023-06-18T21:41:38,1,9998,0,9999
2023-06-18T21:53:54,1,9998,0,9999
2023-06-18T22:06:19,1,9998,0,9999
2023-06-18T22:18:34,1,9998,0,9999
2023-06-18T22:30:50,1,9998,0,9999
2023-06-18T22:43:05,1,9998,0,9999
2023-06-18T22:55:20,1,9998,0,9999
2023-06-18T23:07:37,1,9998,0,9999
2023-06-18T23:19:53,1,9998,0,9999
2023-06-18T23:32:09,1,9998,0,9999
2023-06-18T23:44:45,1,9998,0,9999
2023-06-18T23:57:01,1,9998,0,9999
2023-06-19T00:09:22,1,9998,0,9999
2023-06-19T00:21:53,1,9998,0,9999
2023-06-19T00:34:26,1,9998,0,9999
2023-06-19T00:46:55,1,9998,0,9999
2023-06-19T00:59:14,1,9998,0,9999
2023-06-19T01:11:36,1,9998,0,9999
2023-06-19T01:23:56,1,9998,0,9999
2023-06-19T01:36:27,1,9998,0,9999
2023-06-19T01:48:46,1,9998,0,9999
2023-06-19T02:01:06,1,9998,0,9999
2023-06-19T02:13:35,1,9998,0,9999
2023-06-19T02:25:52,1,9998,0,9999
2023-06-19T02:38:10,1,9998,0,9999
2023-06-19T02:50:27,1,9998,0,9999
2023-06-19T03:02:43,1,9998,0,9999
2023-06-19T03:15:03,1,9998,0,9999
2023-06-19T03:27:22,1,9998,0,9999
2023-06-19T03:39:39,1,9998,0,9999
2023-06-19T03:51:58,1,9998,0,9999
2023-06-19T04:04:36,1,9998,0,9999
2023-06-19T04:21:05,1,9998,0,9999
2023-06-19T04:33:25,1,9998,0,9999
2023-06-19T04:47:07,1,9998,0,9999
2023-06-19T04:59:46,1,9998,0,9999
2023-06-19T05:12:08,1,9998,0,9999
2023-06-19T05:24:26,1,9998,0,9999
2023-06-19T05:36:46,1,9998,0,9999
2023-06-19T05:49:09,1,9998,0,9999
2023-06-19T06:01:28,1,9998,0,9999
2023-06-19T06:13:47,1,9998,0,9999
2023-06-19T06:26:06,1,9998,0,9999
2023-06-19T06:38:25,1,9998,0,9999
2023-06-19T06:50:43,1,9998,0,9999
2023-06-19T07:03:02,1,9998,0,9999
2023-06-19T07:15:21,1,9998,0,9999
2023-06-19T07:27:37,1,9998,0,9999
2023-06-19T07:39:52,1,9998,0,9999
2023-06-19T07:52:07,1,9998,0,9999
2023-06-19T08:04:33,1,9998,0,9999
2023-06-19T08:16:49,1,9998,0,9999
2023-06-19T08:29:06,1,9998,0,9999
2023-06-19T08:41:22,1,9998,0,9999
2023-06-19T08:53:37,1,9998,0,9999
2023-06-19T09:05:53,1,9998,0,9999
2023-06-19T09:18:08,1,9998,0,9999
2023-06-19T09:30:24,1,9998,0,9999
2023-06-19T09:42:41,1,9998,0,9999
2023-06-19T09:55:06,1,9998,0,9999
2023-06-19T10:07:22,1,9998,0,9999
2023-06-19T10:19:37,1,9998,0,9999
2023-06-19T10:31:55,1,9998,0,9999
2023-06-19T10:44:11,1,9998,0,9999
2023-06-19T10:56:26,1,9998,0,9999
2023-06-19T11:08:43,1,9998,0,9999
2023-06-19T11:21:08,1,9998,0,9999
2023-06-19T11:33:23,1,9998,0,9999
2023-06-19T11:45:38,1,9998,0,9999
2023-06-19T11:57:54,1,9998,0,9999
2023-06-19T12:10:10,1,9998,0,9999
2023-06-19T12:22:26,1,9998,0,9999
2023-06-19T12:34:42,1,9998,0,9999
2023-06-19T12:47:08,1,9998,0,9999
2023-06-19T12:59:24,1,9998,0,9999
2023-06-19T13:11:39,1,9998,0,9999
2023-06-19T13:23:55,1,9998,0,9999
2023-06-19T13:36:11,1,9998,0,9999
2023-06-19T13:48:27,1,9998,0,9999
2023-06-19T14:00:54,1,9998,0,9999
2023-06-19T14:13:10,1,9998,0,9999
2023-06-19T14:25:27,1,9998,0,9999
2023-06-19T14:37:42,1,9998,0,9999
2023-06-19T14:49:58,1,9998,0,9999
2023-06-19T15:02:16,1,9998,0,9999
2023-06-19T15:14:42,1,9998,0,9999
2023-06-19T15:26:58,1,9998,0,9999
2023-06-19T15:39:13,1,9998,0,9999
2023-06-19T15:51:30,1,9998,0,9999
2023-06-19T16:03:45,1,9998,0,9999
2023-06-19T16:16:00,1,9998,0,9999
2023-06-19T16:28:15,1,9998,0,9999
2023-06-19T16:40:41,1,9998,0,9999
2023-06-19T16:52:58,1,9998,0,9999
2023-06-19T17:05:14,1,9998,0,9999
2023-06-19T17:17:31,1,9998,0,9999
2023-06-19T17:29:46,1,9998,0,9999
2023-06-19T17:42:03,1,9998,0,9999
2023-06-19T17:54:19,1,9998,0,9999
2023-06-19T18:06:45,1,9998,0,9999
2023-06-19T18:19:00,1,9998,0,9999
2023-06-19T18:31:16,1,9998,0,9999
2023-06-19T18:43:32,1,9998,0,9999
2023-06-19T18:55:48,1,9998,0,9999
2023-06-19T19:08:04,1,9998,0,9999
2023-06-19T19:20:25,1,9998,0,9999
2023-06-19T19:32:40,1,9998,0,9999
2023-06-19T19:45:06,1,9998,0,9999
2023-06-19T19:57:22,1,9998,0,9999
2023-06-19T20:09:37,1,9998,0,9999
2023-06-19T20:21:53,1,9998,0,9999
2023-06-19T20:34:08,1,9998,0,9999
2023-06-19T20:46:23,1,9998,0,9999
2023-06-19T20:58:39,1,9998,0,9999
2023-06-19T21:11:06,1,9998,0,9999
2023-06-19T21:23:21,1,9998,0,9999
2023-06-19T21:35:38,1,9998,0,9999
2023-06-19T21:47:54,1,9998,0,9999
2023-06-19T22:00:10,1,9998,0,9999
2023-06-19T22:12:26,1,9998,0,9999
2023-06-19T22:24:53,1,9998,0,9999
2023-06-19T22:37:08,1,9998,0,9999
2023-06-19T22:49:24,1,9998,0,9999
2023-06-19T23:01:40,1,9998,0,9999
2023-06-19T23:13:57,1,9998,0,9999
2023-06-19T23:26:25,1,9998,0,9999
2023-06-19T23:38:41,1,9998,0,9999
2023-06-19T23:50:57,1,9998,0,9999
2023-06-20T00:03:14,1,9998,0,9999
2023-06-20T00:15:33,1,9998,0,9999
2023-06-20T00:27:53,1,9998,0,9999
2023-06-20T00:40:12,1,9998,0,9999
2023-06-20T00:52:30,1,9998,0,9999
2023-06-20T01:05:01,1,9998,0,9999
2023-06-20T01:17:21,1,9998,0,9999
2023-06-20T01:29:40,1,9998,0,9999
2023-06-20T01:42:00,1,9998,0,9999
2023-06-20T01:54:18,1,9998,0,9999
2023-06-20T02:07:05,1,9998,0,9999
2023-06-20T02:19:24,1,9998,0,9999
2023-06-20T02:31:42,1,9998,0,9999
2023-06-20T02:44:00,1,9998,0,9999
2023-06-20T02:56:16,1,9998,0,9999
2023-06-20T03:08:33,1,9998,0,9999
2023-06-20T03:20:53,1,9998,0,9999
2023-06-20T03:33:11,1,9998,0,9999
2023-06-20T03:45:40,1,9998,0,9999
2023-06-20T03:57:59,1,9998,0,9999
2023-06-20T04:10:17,1,9998,0,9999
2023-06-20T04:27:32,1,9998,0,9999
2023-06-20T04:40:17,1,9998,0,9999
2023-06-20T04:52:38,1,9998,0,9999
2023-06-20T05:05:01,1,9998,0,9999
2023-06-20T05:17:19,1,9998,0,9999
2023-06-20T05:29:38,1,9998,0,9999
2023-06-20T05:41:57,1,9998,0,9999
2023-06-20T05:54:17,1,9998,0,9999
2023-06-20T06:06:38,1,9998,0,9999
2023-06-20T06:18:56,1,9998,0,9999
2023-06-20T06:31:15,1,9998,0,9999
2023-06-20T06:43:33,1,9998,0,9999
2023-06-20T06:55:52,1,9998,0,9999
2023-06-20T07:08:11,1,9998,0,9999
2023-06-20T07:20:27,1,9998,0,9999
2023-06-20T07:32:54,1,9998,0,9999
2023-06-20T07:45:09,1,9998,0,9999
2023-06-20T07:57:24,1,9998,0,9999
2023-06-20T08:09:40,1,9998,0,9999
2023-06-20T08:21:57,1,9998,0,9999
2023-06-20T08:34:14,1,9998,0,9999
2023-06-20T08:46:32,1,9998,0,9999
2023-06-20T08:58:50,1,9998,0,9999
2023-06-20T09:11:07,1,9998,0,9999
2023-06-20T09:23:34,1,9998,0,9999
2023-06-20T09:35:50,1,9998,0,9999
2023-06-20T09:48:06,1,9998,0,9999
2023-06-20T10:00:21,1,9998,0,9999
2023-06-20T10:12:38,1,9998,0,9999
2023-06-20T10:24:54,1,9998,0,9999
2023-06-20T10:37:22,1,9998,0,9999
2023-06-20T10:49:39,1,9998,0,9999
2023-06-20T11:01:55,1,9998,0,9999
2023-06-20T11:14:11,1,9998,0,9999
2023-06-20T11:26:27,1,9998,0,9999
2023-06-20T11:38:56,1,9998,0,9999
2023-06-20T11:51:12,1,9998,0,9999
2023-06-20T12:03:28,1,9998,0,9999
2023-06-20T12:15:45,1,9998,0,9999
2023-06-20T12:28:13,1,9998,0,9999
2023-06-20T12:40:29,1,9998,0,9999
2023-06-20T12:52:45,1,9998,0,9999
2023-06-20T13:05:02,1,9998,0,9999
2023-06-20T13:17:18,1,9998,0,9999
2023-06-20T13:29:45,1,9998,0,9999
2023-06-20T13:42:01,1,9998,0,9999
2023-06-20T13:54:17,1,9998,0,9999
2023-06-20T14:06:33,1,9998,0,9999
2023-06-20T14:18:50,1,9998,0,9999
2023-06-20T14:31:17,1,9998,0,9999
2023-06-20T14:43:33,1,9998,0,9999
2023-06-20T14:55:49,1,9998,0,9999
2023-06-20T15:08:06,1,9998,0,9999
2023-06-20T15:20:23,1,9998,0,9999
2023-06-20T15:32:52,1,9998,0,9999
2023-06-20T15:45:09,1,9998,0,9999
2023-06-20T15:57:26,1,9998,0,9999
2023-06-20T16:09:42,1,9998,0,9999
2023-06-20T16:22:01,1,9998,0,9999
2023-06-20T16:34:28,1,9998,0,9999
2023-06-20T16:46:44,1,9998,0,9999
2023-06-20T16:59:01,1,9998,0,9999
2023-06-20T17:11:18,1,9998,0,9999
2023-06-20T17:23:35,1,9998,0,9999
2023-06-20T17:36:03,1,9998,0,9999
2023-06-20T17:48:19,1,9998,0,9999
2023-06-20T18:00:36,1,9998,0,9999
2023-06-20T18:12:52,1,9998,0,9999
2023-06-20T18:25:11,1,9998,0,9999
2023-06-20T18:37:41,1,9998,0,9999
2023-06-20T18:49:58,1,9998,0,9999
2023-06-20T19:02:14,1,9998,0,9999
2023-06-20T19:14:31,1,9998,0,9999
2023-06-20T19:26:48,1,9998,0,9999
2023-06-20T19:39:17,1,9998,0,9999
2023-06-20T19:51:33,1,9998,0,9999
2023-06-20T20:03:51,1,9998,0,9999
2023-06-20T20:16:08,1,9998,0,9999
2023-06-20T20:28:25,1,9998,0,9999
2023-06-20T20:40:42,1,9998,0,9999
2023-06-20T20:53:13,1,9998,0,9999
2023-06-20T21:05:29,1,9998,0,9999
2023-06-20T21:17:46,1,9998,0,9999
2023-06-20T21:30:02,1,9998,0,9999
2023-06-20T21:42:19,1,9998,0,9999
2023-06-20T21:54:47,1,9998,0,9999
2023-06-20T22:07:03,1,9998,0,9999
2023-06-20T22:19:20,1,9998,0,9999
2023-06-20T22:31:37,1,9998,0,9999
2023-06-20T22:43:54,1,9998,0,9999
2023-06-20T22:56:23,1,9998,0,9999
2023-06-20T23:08:41,1,9998,0,9999
2023-06-20T23:20:59,1,9998,0,9999
2023-06-20T23:33:16,1,9998,0,9999
2023-06-20T23:45:33,1,9998,0,9999
2023-06-20T23:57:50,1,9998,0,9999
2023-06-21T00:10:23,1,9998,0,9999
2023-06-21T00:22:52,1,9998,0,9999
2023-06-21T00:35:14,1,9998,0,9999
2023-06-21T00:47:35,1,9998,0,9999
2023-06-21T00:59:55,1,9998,0,9999
2023-06-21T01:12:17,1,9998,0,9999
2023-06-21T01:24:39,1,9998,0,9999
2023-06-21T01:37:12,1,9998,0,9999
2023-06-21T01:49:32,1,9998,0,9999
2023-06-21T02:01:57,1,9998,0,9999
2023-06-21T02:14:17,1,9998,0,9999
2023-06-21T02:26:37,1,9998,0,9999
2023-06-21T02:38:56,1,9998,0,9999
2023-06-21T02:51:13,1,9998,0,9999
2023-06-21T03:03:29,1,9998,0,9999
2023-06-21T03:15:48,1,9998,0,9999
2023-06-21T03:28:19,1,9998,0,9999
2023-06-21T03:40:36,1,9998,0,9999
2023-06-21T03:52:55,1,9998,0,9999
2023-06-21T04:05:13,1,9998,0,9999
2023-06-21T04:18:03,1,9998,0,9999
2023-06-21T04:31:00,1,9998,0,9999
2023-06-21T04:44:38,1,9998,0,9999
2023-06-21T04:56:57,1,9998,0,9999
2023-06-21T05:09:17,1,9998,0,9999
2023-06-21T05:21:35,1,9998,0,9999
2023-06-21T05:33:53,1,9998,0,9999
2023-06-21T05:46:11,1,9998,0,9999
2023-06-21T05:58:28,1,9998,0,9999
2023-06-21T06:10:46,1,9998,0,9999
2023-06-21T06:23:02,1,9998,0,9999
2023-06-21T06:35:22,1,9998,0,9999
2023-06-21T06:47:49,1,9998,0,9999
2023-06-21T07:00:18,1,9998,0,9999
2023-06-21T07:12:39,1,9998,0,9999
2023-06-21T07:24:57,1,9998,0,9999
2023-06-21T07:37:15,1,9998,0,9999
2023-06-21T07:49:32,1,9998,0,9999
2023-06-21T08:01:52,1,9998,0,9999
2023-06-21T08:14:12,1,9998,0,9999
2023-06-21T08:26:43,1,9998,0,9999
2023-06-21T08:39:03,1,9998,0,9999
2023-06-21T08:51:22,1,9998,0,9999
2023-06-21T09:03:40,1,9998,0,9999
2023-06-21T09:16:00,1,9998,0,9999
2023-06-21T09:28:31,1,9998,0,9999
2023-06-21T09:40:50,1,9998,0,9999
2023-06-21T09:53:11,1,9998,0,9999
2023-06-21T10:05:31,1,9998,0,9999
2023-06-21T10:18:04,1,9998,0,9999
2023-06-21T10:30:24,1,9998,0,9999
2023-06-21T10:42:44,1,9998,0,9999
2023-06-21T10:55:08,1,9998,0,9999
2023-06-21T11:07:40,1,9998,0,9999
2023-06-21T11:20:02,1,9998,0,9999
2023-06-21T11:32:25,1,9998,0,9999
2023-06-21T11:44:58,1,9998,0,9999
2023-06-21T11:57:18,1,9998,0,9999
2023-06-21T12:09:37,1,9998,0,9999
2023-06-21T12:21:57,1,9998,0,9999
2023-06-21T12:34:25,1,9998,0,9999
2023-06-21T12:46:43,1,9998,0,9999
2023-06-21T12:59:01,1,9998,0,9999
2023-06-21T13:11:18,1,9998,0,9999
2023-06-21T13:23:46,1,9998,0,9999
2023-06-21T13:36:05,1,9998,0,9999
2023-06-21T13:48:25,1,9998,0,9999
2023-06-21T14:00:42,1,9998,0,9999
2023-06-21T14:13:10,1,9998,0,9999
2023-06-21T14:25:29,1,9998,0,9999
2023-06-21T14:37:47,1,9998,0,9999
2023-06-21T14:50:05,1,9998,0,9999
2023-06-21T15:02:38,1,9998,0,9999
2023-06-21T15:14:57,1,9998,0,9999
2023-06-21T15:27:16,1,9998,0,9999
2023-06-21T15:39:35,1,9998,0,9999
2023-06-21T15:51:54,1,9998,0,9999
2023-06-21T16:04:25,1,9998,0,9999
2023-06-21T16:16:44,1,9998,0,9999
2023-06-21T16:29:03,1,9998,0,9999
2023-06-21T16:41:22,1,9998,0,9999
2023-06-21T16:53:53,1,9998,0,9999
2023-06-21T17:06:13,1,9998,0,9999
2023-06-21T17:18:34,1,9998,0,9999
2023-06-21T17:30:53,1,9998,0,9999
2023-06-21T17:43:24,1,9998,0,9999
2023-06-21T17:55:43,1,9998,0,9999
2023-06-21T18:08:03,1,9998,0,9999
2023-06-21T18:20:26,1,9998,0,9999
2023-06-21T18:32:45,1,9998,0,9999
2023-06-21T18:45:15,1,9998,0,9999
2023-06-21T18:57:34,1,9998,0,9999
2023-06-21T19:09:54,1,9998,0,9999
2023-06-21T19:22:12,1,9998,0,9999
2023-06-21T19:34:31,1,9998,0,9999
2023-06-21T19:47:01,1,9998,0,9999
2023-06-21T19:59:20,1,9998,0,9999
2023-06-21T20:11:39,1,9998,0,9999
2023-06-21T20:23:58,1,9998,0,9999
2023-06-21T20:36:18,1,9998,0,9999
2023-06-21T20:48:50,1,9998,0,9999
2023-06-21T21:01:11,1,9998,0,9999
2023-06-21T21:13:31,1,9998,0,9999
2023-06-21T21:25:50,1,9998,0,9999
2023-06-21T21:38:11,1,9998,0,9999
2023-06-21T21:50:41,1,9998,0,9999
2023-06-21T22:03:01,1,9998,0,9999
2023-06-21T22:15:20,1,9998,0,9999
2023-06-21T22:27:40,1,9998,0,9999
2023-06-21T22:39:59,1,9998,0,9999
2023-06-21T22:52:18,1,9998,0,9999
2023-06-21T23:04:53,1,9998,0,9999
2023-06-21T23:17:13,1,9998,0,9999
2023-06-21T23:29:33,1,9998,0,9999
2023-06-21T23:41:52,1,9998,0,9999
2023-06-21T23:54:11,1,9998,0,9999
2023-06-22T00:06:33,1,9998,0,9999
2023-06-22T00:19:13,1,9998,0,9999
2023-06-22T00:31:35,1,9998,0,9999
2023-06-22T00:43:58,1,9998,0,9999
2023-06-22T00:56:21,1,9998,0,9999
2023-06-22T01:08:44,1,9998,0,9999
2023-06-22T01:21:20,1,9998,0,9999
2023-06-22T01:33:43,1,9998,0,9999
2023-06-22T01:46:05,1,9998,0,9999
2023-06-22T01:58:30,1,9998,0,9999
2023-06-22T02:10:51,1,9998,0,9999
2023-06-22T02:23:11,1,9998,0,9999
2023-06-22T02:35:32,1,9998,0,9999
2023-06-22T02:48:06,1,9998,0,9999
2023-06-22T03:00:26,1,9998,0,9999
2023-06-22T03:12:48,1,9998,0,9999
2023-06-22T03:25:12,1,9998,0,9999
2023-06-22T03:37:32,1,9998,0,9999
2023-06-22T03:49:54,1,9998,0,9999
2023-06-22T04:02:16,1,9998,0,9999
2023-06-22T04:14:36,1,9998,0,9999
2023-06-22T04:27:22,1,9998,0,9999
2023-06-22T04:40:13,1,9998,0,9999
2023-06-22T04:52:36,1,9998,0,9999
2023-06-22T05:04:59,1,9998,0,9999
2023-06-22T05:17:19,1,9998,0,9999
2023-06-22T05:29:39,1,9998,0,9999
2023-06-22T05:41:59,1,9998,0,9999
2023-06-22T05:54:22,1,9998,0,9999
2023-06-22T06:06:44,1,9998,0,9999
2023-06-22T06:19:10,1,9998,0,9999
2023-06-22T06:31:32,1,9998,0,9999
2023-06-22T06:43:53,1,9998,0,9999
2023-06-22T06:56:15,1,9998,0,9999
2023-06-22T07:08:48,1,9998,0,9999
2023-06-22T07:21:10,1,9998,0,9999
2023-06-22T07:33:31,1,9998,0,9999
2023-06-22T07:45:52,1,9998,0,9999
2023-06-22T07:58:12,1,9998,0,9999
2023-06-22T08:10:32,1,9998,0,9999
2023-06-22T08:22:52,1,9998,0,9999
2023-06-22T08:35:13,1,9998,0,9999
2023-06-22T08:47:43,1,9998,0,9999
2023-06-22T09:00:03,1,9998,0,9999
2023-06-22T09:12:23,1,9998,0,9999
2023-06-22T09:24:43,1,9998,0,9999
2023-06-22T09:37:05,1,9998,0,9999
2023-06-22T09:49:37,1,9998,0,9999
2023-06-22T10:01:57,1,9998,0,9999
2023-06-22T10:14:17,1,9998,0,9999
2023-06-22T10:26:38,1,9998,0,9999
2023-06-22T10:39:11,1,9998,0,9999
2023-06-22T10:51:32,1,9998,0,9999
2023-06-22T11:03:53,1,9998,0,9999
2023-06-22T11:16:14,1,9998,0,9999
2023-06-22T11:28:34,1,9998,0,9999
2023-06-22T11:41:06,1,9998,0,9999
2023-06-22T11:53:25,1,9998,0,9999
2023-06-22T12:05:45,1,9998,0,9999
2023-06-22T12:18:04,1,9998,0,9999
2023-06-22T12:30:35,1,9998,0,9999
2023-06-22T12:42:54,1,9998,0,9999
2023-06-22T12:55:14,1,9998,0,9999
2023-06-22T13:07:34,1,9998,0,9999
2023-06-22T13:19:54,1,9998,0,9999
2023-06-22T13:32:28,1,9998,0,9999
2023-06-22T13:44:50,1,9998,0,9999
2023-06-22T13:57:10,1,9998,0,9999
2023-06-22T14:09:42,1,9998,0,9999
2023-06-22T14:22:01,1,9998,0,9999
2023-06-22T14:34:20,1,9998,0,9999
2023-06-22T14:46:42,1,9998,0,9999
2023-06-22T14:59:01,1,9998,0,9999
2023-06-22T15:11:20,1,9998,0,9999
2023-06-22T15:23:54,1,9998,0,9999
2023-06-22T15:36:14,1,9998,0,9999
2023-06-22T15:48:33,1,9998,0,9999
2023-06-22T16:00:53,1,9998,0,9999
2023-06-22T16:13:13,1,9998,0,9999
2023-06-22T16:25:43,1,9998,0,9999
2023-06-22T16:38:02,1,9998,0,9999
2023-06-22T16:50:21,1,9998,0,9999
2023-06-22T17:02:40,1,9998,0,9999
2023-06-22T17:15:01,1,9998,0,9999
2023-06-22T17:27:20,1,9998,0,9999
2023-06-22T17:39:51,1,9998,0,9999
2023-06-22T17:52:10,1,9998,0,9999
2023-06-22T18:04:30,1,9998,0,9999
2023-06-22T18:16:51,1,9998,0,9999
2023-06-22T18:29:11,1,9998,0,9999
2023-06-22T18:41:30,1,9998,0,9999
2023-06-22T18:54:04,1,9998,0,9999
2023-06-22T19:06:23,1,9998,0,9999
2023-06-22T19:18:42,1,9998,0,9999
2023-06-22T19:31:01,1,9998,0,9999
2023-06-22T19:43:20,1,9998,0,9999
2023-06-22T19:55:40,1,9998,0,9999
2023-06-22T20:07:59,1,9998,0,9999
2023-06-22T20:20:30,1,9998,0,9999
2023-06-22T20:32:50,1,9998,0,9999
2023-06-22T20:45:08,1,9998,0,9999
2023-06-22T20:57:27,1,9998,0,9999
2023-06-22T21:09:47,1,9998,0,9999
2023-06-22T21:22:06,1,9998,0,9999
2023-06-22T21:34:25,1,9998,0,9999
2023-06-22T21:46:56,1,9998,0,9999
2023-06-22T21:59:15,1,9998,0,9999
2023-06-22T22:11:34,1,9998,0,9999
2023-06-22T22:23:53,1,9998,0,9999
2023-06-22T22:36:13,1,9998,0,9999
2023-06-22T22:48:33,1,9998,0,9999
2023-06-22T23:00:51,1,9998,0,9999
2023-06-22T23:13:26,1,9998,0,9999
2023-06-22T23:25:46,1,9998,0,9999
2023-06-22T23:38:06,1,9998,0,9999
2023-06-22T23:50:26,1,9998,0,9999
2023-06-23T00:02:46,1,9998,0,9999
2023-06-23T00:15:07,1,9998,0,9999
2023-06-23T00:27:28,1,9998,0,9999
2023-06-23T00:40:04,1,9998,0,9999
2023-06-23T00:52:26,1,9998,0,9999
2023-06-23T01:04:50,1,9998,0,9999
2023-06-23T01:17:14,1,9998,0,9999
2023-06-23T01:29:49,1,9998,0,9999
2023-06-23T01:42:15,1,9998,0,9999
2023-06-23T01:54:39,1,9998,0,9999
2023-06-23T02:07:02,1,9998,0,9999
2023-06-23T02:19:23,1,9998,0,9999
2023-06-23T02:31:46,1,9998,0,9999
2023-06-23T02:44:07,1,9998,0,9999
2023-06-23T02:56:26,1,9998,0,9999
2023-06-23T03:08:45,1,9998,0,9999
2023-06-23T03:21:05,1,9998,0,9999
2023-06-23T03:33:36,1,9998,0,9999
2023-06-23T03:45:54,1,9998,0,9999
2023-06-23T03:58:12,1,9998,0,9999
2023-06-23T04:16:34,1,9998,0,9999
2023-06-23T04:29:20,1,9998,0,9999
2023-06-23T04:41:40,1,9998,0,9999
2023-06-23T04:54:02,1,9998,0,9999
2023-06-23T05:06:25,1,9998,0,9999
2023-06-23T05:18:58,1,9998,0,9999
2023-06-23T05:31:24,1,9998,0,9999
2023-06-23T05:43:48,1,9998,0,9999
2023-06-23T05:56:12,1,9998,0,9999
2023-06-23T06:08:34,1,9998,0,9999
2023-06-23T06:21:05,1,9998,0,9999
2023-06-23T06:33:28,1,9998,0,9999
2023-06-23T06:45:51,1,9998,0,9999
2023-06-23T06:58:13,1,9998,0,9999
2023-06-23T07:10:36,1,9998,0,9999
2023-06-23T07:22:59,1,9998,0,9999
2023-06-23T07:35:20,1,9998,0,9999
2023-06-23T07:47:42,1,9998,0,9999
2023-06-23T08:00:03,1,9998,0,9999
2023-06-23T08:12:25,1,9998,0,9999
2023-06-23T08:24:46,1,9998,0,9999
2023-06-23T08:37:09,1,9998,0,9999
2023-06-23T08:49:29,1,9998,0,9999
2023-06-23T09:02:00,1,9998,0,9999
2023-06-23T09:14:19,1,9998,0,9999
2023-06-23T09:26:39,1,9998,0,9999
2023-06-23T09:38:58,1,9998,0,9999
2023-06-23T09:51:17,1,9998,0,9999
2023-06-23T10:03:37,1,9998,0,9999
2023-06-23T10:15:57,1,9998,0,9999
2023-06-23T10:28:17,1,9998,0,9999
2023-06-23T10:40:47,1,9998,0,9999
2023-06-23T10:53:06,1,9998,0,9999
2023-06-23T11:05:25,1,9998,0,9999
2023-06-23T11:17:45,1,9998,0,9999
2023-06-23T11:30:05,1,9998,0,9999
2023-06-23T11:42:25,1,9998,0,9999
2023-06-23T11:54:54,1,9998,0,9999
2023-06-23T12:07:13,1,9998,0,9999
2023-06-23T12:19:33,1,9998,0,9999
2023-06-23T12:31:52,1,9998,0,9999
2023-06-23T12:44:12,1,9998,0,9999
2023-06-23T12:56:32,1,9998,0,9999
2023-06-23T13:09:02,1,9998,0,9999
2023-06-23T13:21:23,1,9998,0,9999
2023-06-23T13:33:42,1,9998,0,9999
2023-06-23T13:46:02,1,9998,0,9999
2023-06-23T13:58:23,1,9998,0,9999
2023-06-23T14:10:43,1,9998,0,9999
2023-06-23T14:23:17,1,9998,0,9999
2023-06-23T14:35:37,1,9998,0,9999
2023-06-23T14:47:56,1,9998,0,9999
2023-06-23T15:00:16,1,9998,0,9999
2023-06-23T15:12:35,1,9998,0,9999
2023-06-23T15:24:55,1,9998,0,9999
2023-06-23T15:37:15,1,9998,0,9999
2023-06-23T15:49:46,1,9998,0,9999
2023-06-23T16:02:06,1,9998,0,9999
2023-06-23T16:14:26,1,9998,0,9999
2023-06-23T16:26:46,1,9998,0,9999
2023-06-23T16:39:06,1,9998,0,9999
2023-06-23T16:51:25,1,9998,0,9999
2023-06-23T17:03:56,1,9998,0,9999
2023-06-23T17:16:17,1,9998,0,9999
2023-06-23T17:28:36,1,9998,0,9999
2023-06-23T17:40:56,1,9998,0,9999
2023-06-23T17:53:15,1,9998,0,9999
2023-06-23T18:05:35,1,9998,0,9999
2023-06-23T18:17:54,1,9998,0,9999
2023-06-23T18:30:24,1,9998,0,9999
2023-06-23T18:42:43,1,9998,0,9999
2023-06-23T18:55:02,1,9998,0,9999
2023-06-23T19:07:23,1,9998,0,9999
2023-06-23T19:19:43,1,9998,0,9999
2023-06-23T19:32:02,1,9998,0,9999
2023-06-23T19:44:33,1,9998,0,9999
2023-06-23T19:56:53,1,9998,0,9999
2023-06-23T20:09:13,1,9998,0,9999
2023-06-23T20:21:32,1,9998,0,9999
2023-06-23T20:33:52,1,9998,0,9999
2023-06-23T20:46:11,1,9998,0,9999
2023-06-23T20:58:42,1,9998,0,9999
2023-06-23T21:11:02,1,9998,0,9999
2023-06-23T21:23:21,1,9998,0,9999
2023-06-23T21:35:41,1,9998,0,9999
2023-06-23T21:48:01,1,9998,0,9999
2023-06-23T22:00:21,1,9998,0,9999
2023-06-23T22:12:43,1,9998,0,9999
2023-06-23T22:25:13,1,9998,0,9999
2023-06-23T22:37:33,1,9998,0,9999
2023-06-23T22:49:52,1,9998,0,9999
2023-06-23T23:02:13,1,9998,0,9999
2023-06-23T23:14:33,1,9998,0,9999
2023-06-23T23:26:54,1,9998,0,9999
2023-06-23T23:39:15,1,9998,0,9999
2023-06-23T23:51:47,1,9998,0,9999
2023-06-24T00:04:09,1,9998,0,9999
2023-06-24T00:16:33,1,9998,0,9999
2023-06-24T00:28:58,1,9998,0,9999
2023-06-24T00:41:21,1,9998,0,9999
2023-06-24T00:53:44,1,9998,0,9999
2023-06-24T01:06:09,1,9998,0,9999
2023-06-24T01:18:32,1,9998,0,9999
2023-06-24T01:30:56,1,9998,0,9999
2023-06-24T01:43:22,1,9998,0,9999
2023-06-24T01:55:58,1,9998,0,9999
2023-06-24T02:08:21,1,9998,0,9999
2023-06-24T02:20:45,1,9998,0,9999
2023-06-24T02:33:09,1,9998,0,9999
2023-06-24T02:45:29,1,9998,0,9999
2023-06-24T02:57:48,1,9998,0,9999
2023-06-24T03:10:09,1,9998,0,9999
2023-06-24T03:22:32,1,9998,0,9999
2023-06-24T03:34:54,1,9998,0,9999
2023-06-24T03:47:15,1,9998,0,9999
2023-06-24T03:59:37,1,9998,0,9999
2023-06-24T04:19:25,1,9998,0,9999
2023-06-24T04:32:13,1,9998,0,9999
2023-06-24T04:44:36,1,9998,0,9999
2023-06-24T04:57:02,1,9998,0,9999
2023-06-24T05:09:23,1,9998,0,9999
2023-06-24T05:21:46,1,9998,0,9999
2023-06-24T05:34:15,1,9998,0,9999
2023-06-24T05:46:38,1,9998,0,9999
2023-06-24T05:59:01,1,9998,0,9999
2023-06-24T06:11:23,1,9998,0,9999
2023-06-24T06:23:46,1,9998,0,9999
2023-06-24T06:36:08,1,9998,0,9999
2023-06-24T06:48:30,1,9998,0,9999
2023-06-24T07:00:53,1,9998,0,9999
2023-06-24T07:13:25,1,9998,0,9999
2023-06-24T07:25:48,1,9998,0,9999
2023-06-24T07:38:10,1,9998,0,9999
2023-06-24T07:50:33,1,9998,0,9999
2023-06-24T08:02:55,1,9998,0,9999
2023-06-24T08:15:17,1,9998,0,9999
2023-06-24T08:27:39,1,9998,0,9999
2023-06-24T08:40:01,1,9998,0,9999
2023-06-24T08:52:23,1,9998,0,9999
2023-06-24T09:04:45,1,9998,0,9999
2023-06-24T09:17:16,1,9998,0,9999
2023-06-24T09:29:38,1,9998,0,9999
2023-06-24T09:42:00,1,9998,0,9999
2023-06-24T09:54:23,1,9998,0,9999
2023-06-24T10:06:46,1,9998,0,9999
2023-06-24T10:19:08,1,9998,0,9999
2023-06-24T10:31:30,1,9998,0,9999
2023-06-24T10:43:54,1,9998,0,9999
2023-06-24T10:56:17,1,9998,0,9999
2023-06-24T11:08:49,1,9998,0,9999
2023-06-24T11:21:10,1,9998,0,9999
2023-06-24T11:33:31,1,9998,0,9999
2023-06-24T11:45:53,1,9998,0,9999
2023-06-24T11:58:13,1,9998,0,9999
2023-06-24T12:10:35,1,9998,0,9999
2023-06-24T12:22:55,1,9998,0,9999
2023-06-24T12:35:15,1,9998,0,9999
2023-06-24T12:47:35,1,9998,0,9999
2023-06-24T12:59:54,1,9998,0,9999
2023-06-24T13:12:25,1,9998,0,9999
2023-06-24T13:24:44,1,9998,0,9999
2023-06-24T13:37:03,1,9998,0,9999
2023-06-24T13:49:22,1,9998,0,9999
2023-06-24T14:01:41,1,9998,0,9999
2023-06-24T14:13:59,1,9998,0,9999
2023-06-24T14:26:19,1,9998,0,9999
2023-06-24T14:38:38,1,9998,0,9999
2023-06-24T14:50:57,1,9998,0,9999
2023-06-24T15:03:25,1,9998,0,9999
2023-06-24T15:15:44,1,9998,0,9999
2023-06-24T15:28:03,1,9998,0,9999
2023-06-24T15:40:22,1,9998,0,9999
2023-06-24T15:52:41,1,9998,0,9999
2023-06-24T16:05:00,1,9998,0,9999
2023-06-24T16:17:19,1,9998,0,9999
2023-06-24T16:29:38,1,9998,0,9999
2023-06-24T16:41:57,1,9998,0,9999
2023-06-24T16:54:26,1,9998,0,9999
2023-06-24T17:06:46,1,9998,0,9999
2023-06-24T17:19:06,1,9998,0,9999
2023-06-24T17:31:26,1,9998,0,9999
2023-06-24T17:43:45,1,9998,0,9999
2023-06-24T17:56:04,1,9998,0,9999
2023-06-24T18:08:25,1,9998,0,9999
2023-06-24T18:20:44,1,9998,0,9999
2023-06-24T18:33:04,1,9998,0,9999
2023-06-24T18:45:34,1,9998,0,9999
2023-06-24T18:57:54,1,9998,0,9999
2023-06-24T19:10:14,1,9998,0,9999
2023-06-24T19:22:33,1,9998,0,9999
2023-06-24T19:34:53,1,9998,0,9999
2023-06-24T19:47:12,1,9998,0,9999
2023-06-24T19:59:32,1,9998,0,9999
2023-06-24T20:12:02,1,9998,0,9999
2023-06-24T20:24:21,1,9998,0,9999
2023-06-24T20:36:41,1,9998,0,9999
2023-06-24T20:48:59,1,9998,0,9999
2023-06-24T21:01:19,1,9998,0,9999
2023-06-24T21:13:38,1,9998,0,9999
2023-06-24T21:25:57,1,9998,0,9999
2023-06-24T21:38:16,1,9998,0,9999
2023-06-24T21:50:36,1,9998,0,9999
2023-06-24T22:03:07,1,9998,0,9999
2023-06-24T22:15:26,1,9998,0,9999
2023-06-24T22:27:46,1,9998,0,9999
2023-06-24T22:40:05,1,9998,0,9999
2023-06-24T22:52:24,1,9998,0,9999
2023-06-24T23:04:44,1,9998,0,9999
2023-06-24T23:17:04,1,9998,0,9999
2023-06-24T23:29:24,1,9998,0,9999
2023-06-24T23:41:44,1,9998,0,9999
2023-06-24T23:54:16,1,9998,0,9999
2023-06-25T00:06:37,1,9998,0,9999
2023-06-25T00:19:02,1,9998,0,9999
2023-06-25T00:31:25,1,9998,0,9999
2023-06-25T00:43:48,1,9998,0,9999
2023-06-25T00:56:12,1,9998,0,9999
2023-06-25T01:08:35,1,9998,0,9999
2023-06-25T01:20:56,1,9998,0,9999
2023-06-25T01:33:30,1,9998,0,9999
2023-06-25T01:45:53,1,9998,0,9999
2023-06-25T01:58:16,1,9998,0,9999
2023-06-25T02:10:47,1,9998,0,9999
2023-06-25T02:23:10,1,9998,0,9999
2023-06-25T02:35:34,1,9998,0,9999
2023-06-25T02:47:56,1,9998,0,9999
2023-06-25T03:00:18,1,9998,0,9999
2023-06-25T03:12:40,1,9998,0,9999
2023-06-25T03:25:03,1,9998,0,9999
2023-06-25T03:37:37,1,9998,0,9999
2023-06-25T03:49:59,1,9998,0,9999
2023-06-25T04:02:22,1,9998,0,9999
2023-06-25T04:20:00,1,9998,0,9999
2023-06-25T04:32:25,1,9998,0,9999
2023-06-25T04:46:15,1,9998,0,9999
2023-06-25T04:58:58,1,9998,0,9999
2023-06-25T05:11:21,1,9998,0,9999
2023-06-25T05:23:44,1,9998,0,9999
2023-06-25T05:36:07,1,9998,0,9999
2023-06-25T05:48:30,1,9998,0,9999
2023-06-25T06:00:52,1,9998,0,9999
2023-06-25T06:13:15,1,9998,0,9999
2023-06-25T06:25:37,1,9998,0,9999
2023-06-25T06:38:00,1,9998,0,9999
2023-06-25T06:50:30,1,9998,0,9999
2023-06-25T07:02:51,1,9998,0,9999
2023-06-25T07:15:12,1,9998,0,9999
2023-06-25T07:27:32,1,9998,0,9999
2023-06-25T07:39:52,1,9998,0,9999
2023-06-25T07:52:11,1,9998,0,9999
2023-06-25T08:04:31,1,9998,0,9999
2023-06-25T08:16:50,1,9998,0,9999
2023-06-25T08:29:11,1,9998,0,9999
2023-06-25T08:41:40,1,9998,0,9999
2023-06-25T08:53:59,1,9998,0,9999
2023-06-25T09:06:19,1,9998,0,9999
2023-06-25T09:18:39,1,9998,0,9999
2023-06-25T09:30:59,1,9998,0,9999
2023-06-25T09:43:18,1,9998,0,9999
2023-06-25T09:55:39,1,9998,0,9999
2023-06-25T10:07:59,1,9998,0,9999
2023-06-25T10:20:18,1,9998,0,9999
2023-06-25T10:32:48,1,9998,0,9999
2023-06-25T10:45:08,1,9998,0,9999
2023-06-25T10:57:31,1,9998,0,9999
2023-06-25T11:09:52,1,9998,0,9999
2023-06-25T11:22:12,1,9998,0,9999
2023-06-25T11:34:32,1,9998,0,9999
2023-06-25T11:46:53,1,9998,0,9999
2023-06-25T11:59:15,1,9998,0,9999
2023-06-25T12:11:37,1,9998,0,9999
2023-06-25T12:23:59,1,9998,0,9999
2023-06-25T12:36:21,1,9998,0,9999
2023-06-25T12:48:52,1,9998,0,9999
2023-06-25T13:01:12,1,9998,0,9999
2023-06-25T13:13:31,1,9998,0,9999
2023-06-25T13:25:51,1,9998,0,9999
2023-06-25T13:38:10,1,9998,0,9999
2023-06-25T13:50:30,1,9998,0,9999
2023-06-25T14:02:49,1,9998,0,9999
2023-06-25T14:15:18,1,9998,0,9999
2023-06-25T14:27:37,1,9998,0,9999
2023-06-25T14:39:56,1,9998,0,9999
2023-06-25T14:52:15,1,9998,0,9999
2023-06-25T15:04:34,1,9998,0,9999
2023-06-25T15:16:53,1,9998,0,9999
2023-06-25T15:29:24,1,9998,0,9999
2023-06-25T15:41:43,1,9998,0,9999
2023-06-25T15:54:02,1,9998,0,9999
2023-06-25T16:06:21,1,9998,0,9999
2023-06-25T16:18:42,1,9998,0,9999
2023-06-25T16:31:02,1,9998,0,9999
2023-06-25T16:43:32,1,9998,0,9999
2023-06-25T16:55:51,1,9998,0,9999
2023-06-25T17:08:11,1,9998,0,9999
2023-06-25T17:20:31,1,9998,0,9999
2023-06-25T17:32:50,1,9998,0,9999
2023-06-25T17:45:10,1,9998,0,9999
2023-06-25T17:57:39,1,9998,0,9999
2023-06-25T18:09:58,1,9998,0,9999
2023-06-25T18:22:17,1,9998,0,9999
2023-06-25T18:34:37,1,9998,0,9999
2023-06-25T18:46:56,1,9998,0,9999
2023-06-25T18:59:16,1,9998,0,9999
2023-06-25T19:11:47,1,9998,0,9999
2023-06-25T19:24:07,1,9998,0,9999
2023-06-25T19:36:26,1,9998,0,9999
2023-06-25T19:48:46,1,9998,0,9999
2023-06-25T20:01:05,1,9998,0,9999
2023-06-25T20:13:25,1,9998,0,9999
2023-06-25T20:25:44,1,9998,0,9999
2023-06-25T20:38:13,1,9998,0,9999
2023-06-25T20:50:32,1,9998,0,9999
2023-06-25T21:02:52,1,9998,0,9999
2023-06-25T21:15:11,1,9998,0,9999
2023-06-25T21:27:31,1,9998,0,9999
2023-06-25T21:39:51,1,9998,0,9999
2023-06-25T21:52:11,1,9998,0,9999
2023-06-25T22:04:30,1,9998,0,9999
2023-06-25T22:16:59,1,9998,0,9999
2023-06-25T22:29:19,1,9998,0,9999
2023-06-25T22:41:39,1,9998,0,9999
2023-06-25T22:53:59,1,9998,0,9999
2023-06-25T23:06:19,1,9998,0,9999
2023-06-25T23:18:39,1,9998,0,9999
2023-06-25T23:30:59,1,9998,0,9999
2023-06-25T23:43:20,1,9998,0,9999
2023-06-25T23:55:51,1,9998,0,9999
2023-06-26T00:08:14,1,9998,0,9999
2023-06-26T00:20:44,1,9998,0,9999
2023-06-26T00:33:17,1,9998,0,9999
2023-06-26T00:45:45,1,9998,0,9999
2023-06-26T00:58:07,1,9998,0,9999
2023-06-26T01:10:34,1,9998,0,9999
2023-06-26T01:22:58,1,9998,0,9999
2023-06-26T01:35:22,1,9998,0,9999
2023-06-26T01:47:58,1,9998,0,9999
2023-06-26T02:00:22,1,9998,0,9999
2023-06-26T02:13:00,1,9998,0,9999
2023-06-26T02:25:23,1,9998,0,9999
2023-06-26T02:37:46,1,9998,0,9999
2023-06-26T02:50:07,1,9998,0,9999
2023-06-26T03:02:29,1,9998,0,9999
2023-06-26T03:14:52,1,9998,0,9999
2023-06-26T03:27:15,1,9998,0,9999
2023-06-26T03:39:38,1,9998,0,9999
2023-06-26T03:52:00,1,9998,0,9999
2023-06-26T04:04:34,1,9998,0,9999
2023-06-26T04:32:12,1,9998,0,9999
2023-06-26T04:45:06,1,9998,0,9999
2023-06-26T04:57:31,1,9998,0,9999
2023-06-26T05:09:58,1,9998,0,9999
2023-06-26T05:22:21,1,9998,0,9999
2023-06-26T05:34:45,1,9998,0,9999
2023-06-26T05:47:08,1,9998,0,9999
2023-06-26T05:59:31,1,9998,0,9999
2023-06-26T06:11:54,1,9998,0,9999
2023-06-26T06:24:17,1,9998,0,9999
2023-06-26T06:36:40,1,9998,0,9999
2023-06-26T06:49:02,1,9998,0,9999
2023-06-26T07:01:34,1,9998,0,9999
2023-06-26T07:13:57,1,9998,0,9999
2023-06-26T07:26:18,1,9998,0,9999
2023-06-26T07:38:38,1,9998,0,9999
2023-06-26T07:50:58,1,9998,0,9999
2023-06-26T08:03:17,1,9998,0,9999
2023-06-26T08:15:37,1,9998,0,9999
2023-06-26T08:27:57,1,9998,0,9999
2023-06-26T08:40:17,1,9998,0,9999
2023-06-26T08:52:39,1,9998,0,9999
2023-06-26T09:05:14,1,9998,0,9999
2023-06-26T09:17:34,1,9998,0,9999
2023-06-26T09:29:53,1,9998,0,9999
2023-06-26T09:42:13,1,9998,0,9999
2023-06-26T09:54:34,1,9998,0,9999
2023-06-26T10:07:06,1,9998,0,9999
2023-06-26T10:19:26,1,9998,0,9999
2023-06-26T10:31:46,1,9998,0,9999
2023-06-26T10:44:07,1,9998,0,9999
2023-06-26T10:56:27,1,9998,0,9999
2023-06-26T11:08:47,1,9998,0,9999
2023-06-26T11:21:08,1,9998,0,9999
2023-06-26T11:33:41,1,9998,0,9999
2023-06-26T11:46:02,1,9998,0,9999
2023-06-26T11:58:22,1,9998,0,9999
2023-06-26T12:10:42,1,9998,0,9999
2023-06-26T12:23:02,1,9998,0,9999
2023-06-26T12:35:22,1,9998,0,9999
2023-06-26T12:47:42,1,9998,0,9999
2023-06-26T13:00:13,1,9998,0,9999
2023-06-26T13:12:34,1,9998,0,9999
2023-06-26T13:24:54,1,9998,0,9999
2023-06-26T13:37:15,1,9998,0,9999
2023-06-26T13:49:37,1,9998,0,9999
2023-06-26T14:01:58,1,9998,0,9999
2023-06-26T14:14:30,1,9998,0,9999
2023-06-26T14:26:52,1,9998,0,9999
2023-06-26T14:39:15,1,9998,0,9999
2023-06-26T14:51:36,1,9998,0,9999
2023-06-26T15:03:58,1,9998,0,9999
2023-06-26T15:16:19,1,9998,0,9999
2023-06-26T15:28:40,1,9998,0,9999
2023-06-26T15:41:02,1,9998,0,9999
2023-06-26T15:53:35,1,9998,0,9999
2023-06-26T16:05:56,1,9998,0,9999
2023-06-26T16:18:18,1,9998,0,9999
2023-06-26T16:30:39,1,9998,0,9999
2023-06-26T16:43:01,1,9998,0,9999
2023-06-26T16:55:22,1,9998,0,9999
2023-06-26T17:07:43,1,9998,0,9999
2023-06-26T17:20:17,1,9998,0,9999
2023-06-26T17:32:37,1,9998,0,9999
2023-06-26T17:44:59,1,9998,0,9999
2023-06-26T17:57:20,1,9998,0,9999
2023-06-26T18:09:41,1,9998,0,9999
2023-06-26T18:22:02,1,9998,0,9999
2023-06-26T18:34:23,1,9998,0,9999
2023-06-26T18:46:44,1,9998,0,9999
2023-06-26T18:59:16,1,9998,0,9999
2023-06-26T19:11:37,1,9998,0,9999
2023-06-26T19:23:59,1,9998,0,9999
2023-06-26T19:36:20,1,9998,0,9999
2023-06-26T19:48:41,1,9998,0,9999
2023-06-26T20:01:02,1,9998,0,9999
2023-06-26T20:13:23,1,9998,0,9999
2023-06-26T20:25:46,1,9998,0,9999
2023-06-26T20:38:07,1,9998,0,9999
2023-06-26T20:50:28,1,9998,0,9999
2023-06-26T21:03:00,1,9998,0,9999
2023-06-26T21:15:21,1,9998,0,9999
2023-06-26T21:27:42,1,9998,0,9999
2023-06-26T21:40:03,1,9998,0,9999
2023-06-26T21:52:25,1,9998,0,9999
2023-06-26T22:04:46,1,9998,0,9999
2023-06-26T22:17:07,1,9998,0,9999
2023-06-26T22:29:29,1,9998,0,9999
2023-06-26T22:41:50,1,9998,0,9999
2023-06-26T22:54:11,1,9998,0,9999
2023-06-26T23:06:32,1,9998,0,9999
2023-06-26T23:19:06,1,9998,0,9999
2023-06-26T23:31:29,1,9998,0,9999
2023-06-26T23:43:51,1,9998,0,9999
2023-06-26T23:56:12,1,9998,0,9999
2023-06-27T00:08:38,1,9998,0,9999
2023-06-27T00:21:03,1,9998,0,9999
2023-06-27T00:33:28,1,9998,0,9999
2023-06-27T00:45:52,1,9998,0,9999
2023-06-27T00:58:18,1,9998,0,9999
2023-06-27T01:10:43,1,9998,0,9999
2023-06-27T01:23:09,1,9998,0,9999
2023-06-27T01:35:34,1,9998,0,9999
2023-06-27T01:47:58,1,9998,0,9999
2023-06-27T02:00:21,1,9998,0,9999
2023-06-27T02:12:56,1,9998,0,9999
2023-06-27T02:25:19,1,9998,0,9999
2023-06-27T02:37:43,1,9998,0,9999
2023-06-27T02:50:06,1,9998,0,9999
2023-06-27T03:02:28,1,9998,0,9999
2023-06-27T03:14:51,1,9998,0,9999
2023-06-27T03:27:14,1,9998,0,9999
2023-06-27T03:39:38,1,9998,0,9999
2023-06-27T03:52:01,1,9998,0,9999
2023-06-27T04:04:25,1,9998,0,9999
2023-06-27T04:19:29,1,9998,0,9999
2023-06-27T04:31:56,1,9998,0,9999
2023-06-27T04:46:00,1,9998,0,9999
2023-06-27T04:58:28,1,9998,0,9999
2023-06-27T05:11:11,1,9998,0,9999
2023-06-27T05:23:36,1,9998,0,9999
2023-06-27T05:36:01,1,9998,0,9999
2023-06-27T05:48:25,1,9998,0,9999
2023-06-27T06:00:49,1,9998,0,9999
2023-06-27T06:13:13,1,9998,0,9999
2023-06-27T06:25:37,1,9998,0,9999
2023-06-27T06:38:01,1,9998,0,9999
2023-06-27T06:50:26,1,9998,0,9999
2023-06-27T07:02:51,1,9998,0,9999
2023-06-27T07:15:14,1,9998,0,9999
2023-06-27T07:27:39,1,9998,0,9999
2023-06-27T07:40:02,1,9998,0,9999
2023-06-27T07:52:25,1,9998,0,9999
2023-06-27T08:04:48,1,9998,0,9999
2023-06-27T08:17:12,1,9998,0,9999
2023-06-27T08:29:35,1,9998,0,9999
2023-06-27T08:42:06,1,9998,0,9999
2023-06-27T08:54:29,1,9998,0,9999
2023-06-27T09:06:51,1,9998,0,9999
2023-06-27T09:19:14,1,9998,0,9999
2023-06-27T09:31:37,1,9998,0,9999
2023-06-27T09:44:01,1,9998,0,9999
2023-06-27T09:56:24,1,9998,0,9999
2023-06-27T10:08:47,1,9998,0,9999
2023-06-27T10:21:11,1,9998,0,9999
2023-06-27T10:33:34,1,9998,0,9999
2023-06-27T10:45:56,1,9998,0,9999
2023-06-27T10:58:32,1,9998,0,9999
2023-06-27T11:10:55,1,9998,0,9999
2023-06-27T11:23:16,1,9998,0,9999
2023-06-27T11:35:39,1,9998,0,9999
2023-06-27T11:48:01,1,9998,0,9999
2023-06-27T12:00:22,1,9998,0,9999
2023-06-27T12:12:44,1,9998,0,9999
2023-06-27T12:25:06,1,9998,0,9999
2023-06-27T12:37:29,1,9998,0,9999
2023-06-27T12:50:04,1,9998,0,9999
2023-06-27T13:02:26,1,9998,0,9999
2023-06-27T13:14:48,1,9998,0,9999
2023-06-27T13:27:10,1,9998,0,9999
2023-06-27T13:39:33,1,9998,0,9999
2023-06-27T13:51:56,1,9998,0,9999
2023-06-27T14:04:17,1,9998,0,9999
2023-06-27T14:16:39,1,9998,0,9999
2023-06-27T14:29:01,1,9998,0,9999
2023-06-27T14:41:34,1,9998,0,9999
2023-06-27T14:53:56,1,9998,0,9999
2023-06-27T15:06:18,1,9998,0,9999
2023-06-27T15:18:39,1,9998,0,9999
2023-06-27T15:31:02,1,9998,0,9999
2023-06-27T15:43:26,1,9998,0,9999
2023-06-27T15:55:49,1,9998,0,9999
2023-06-27T16:08:12,1,9998,0,9999
2023-06-27T16:20:46,1,9998,0,9999
2023-06-27T16:33:08,1,9998,0,9999
2023-06-27T16:45:32,1,9998,0,9999
2023-06-27T16:57:56,1,9998,0,9999
2023-06-27T17:10:20,1,9998,0,9999
2023-06-27T17:22:43,1,9998,0,9999
2023-06-27T17:35:07,1,9998,0,9999
2023-06-27T17:47:29,1,9998,0,9999
2023-06-27T17:59:51,1,9998,0,9999
2023-06-27T18:12:24,1,9998,0,9999
2023-06-27T18:24:46,1,9998,0,9999
2023-06-27T18:37:08,1,9998,0,9999
2023-06-27T18:49:29,1,9998,0,9999
2023-06-27T19:01:52,1,9998,0,9999
2023-06-27T19:14:14,1,9998,0,9999
2023-06-27T19:26:36,1,9998,0,9999
2023-06-27T19:38:59,1,9998,0,9999
2023-06-27T19:51:21,1,9998,0,9999
2023-06-27T20:03:43,1,9998,0,9999
2023-06-27T20:16:05,1,9998,0,9999
2023-06-27T20:28:28,1,9998,0,9999
2023-06-27T20:41:01,1,9998,0,9999
2023-06-27T20:53:23,1,9998,0,9999
2023-06-27T21:05:45,1,9998,0,9999
2023-06-27T21:18:07,1,9998,0,9999
2023-06-27T21:30:29,1,9998,0,9999
2023-06-27T21:42:51,1,9998,0,9999
2023-06-27T21:55:14,1,9998,0,9999
2023-06-27T22:07:35,1,9998,0,9999
2023-06-27T22:19:57,1,9998,0,9999
2023-06-27T22:32:19,1,9998,0,9999
2023-06-27T22:44:41,1,9998,0,9999
2023-06-27T22:57:14,1,9998,0,9999
2023-06-27T23:09:37,1,9998,0,9999
2023-06-27T23:21:59,1,9998,0,9999
2023-06-27T23:34:22,1,9998,0,9999
2023-06-27T23:46:45,1,9998,0,9999
2023-06-27T23:59:08,1,9998,0,9999
2023-06-28T00:11:32,1,9998,0,9999
2023-06-28T00:23:58,1,9998,0,9999
2023-06-28T00:36:24,1,9998,0,9999
2023-06-28T00:48:49,1,9998,0,9999
2023-06-28T01:01:16,1,9998,0,9999
2023-06-28T01:13:43,1,9998,0,9999
2023-06-28T01:26:20,1,9998,0,9999
2023-06-28T01:38:48,1,9998,0,9999
2023-06-28T01:51:13,1,9998,0,9999
2023-06-28T02:03:39,1,9998,0,9999
2023-06-28T02:16:01,1,9998,0,9999
2023-06-28T02:28:23,1,9998,0,9999
2023-06-28T02:40:46,1,9998,0,9999
2023-06-28T02:53:08,1,9998,0,9999
2023-06-28T03:05:31,1,9998,0,9999
2023-06-28T03:17:58,1,9998,0,9999
2023-06-28T03:30:24,1,9998,0,9999
2023-06-28T03:43:09,1,9998,0,9999
2023-06-28T03:55:36,1,9998,0,9999
2023-06-28T04:08:13,1,9998,0,9999
2023-06-28T04:31:03,1,9998,0,9999
2023-06-28T04:45:09,1,9998,0,9999
2023-06-28T04:57:36,1,9998,0,9999
2023-06-28T05:10:04,1,9998,0,9999
2023-06-28T05:22:29,1,9998,0,9999
2023-06-28T05:34:54,1,9998,0,9999
2023-06-28T05:47:19,1,9998,0,9999
2023-06-28T05:59:44,1,9998,0,9999
2023-06-28T06:12:10,1,9998,0,9999
2023-06-28T06:24:35,1,9998,0,9999
2023-06-28T06:37:01,1,9998,0,9999
2023-06-28T06:49:30,1,9998,0,9999
2023-06-28T07:01:56,1,9998,0,9999
2023-06-28T07:14:20,1,9998,0,9999
2023-06-28T07:26:44,1,9998,0,9999
2023-06-28T07:39:07,1,9998,0,9999
2023-06-28T07:51:38,1,9998,0,9999
2023-06-28T08:04:02,1,9998,0,9999
2023-06-28T08:16:26,1,9998,0,9999
2023-06-28T08:28:50,1,9998,0,9999
2023-06-28T08:41:13,1,9998,0,9999
2023-06-28T08:53:37,1,9998,0,9999
2023-06-28T09:06:00,1,9998,0,9999
2023-06-28T09:18:22,1,9998,0,9999
2023-06-28T09:30:44,1,9998,0,9999
2023-06-28T09:43:06,1,9998,0,9999
2023-06-28T09:55:28,1,9998,0,9999
2023-06-28T10:08:01,1,9998,0,9999
2023-06-28T10:20:23,1,9998,0,9999
2023-06-28T10:32:45,1,9998,0,9999
2023-06-28T10:45:07,1,9998,0,9999
2023-06-28T10:57:29,1,9998,0,9999
2023-06-28T11:09:53,1,9998,0,9999
2023-06-28T11:22:15,1,9998,0,9999
2023-06-28T11:34:38,1,9998,0,9999
2023-06-28T11:47:00,1,9998,0,9999
2023-06-28T11:59:22,1,9998,0,9999
2023-06-28T12:11:56,1,9998,0,9999
2023-06-28T12:24:18,1,9998,0,9999
2023-06-28T12:36:40,1,9998,0,9999
2023-06-28T12:49:03,1,9998,0,9999
2023-06-28T13:01:26,1,9998,0,9999
2023-06-28T13:13:48,1,9998,0,9999
2023-06-28T13:26:10,1,9998,0,9999
2023-06-28T13:38:33,1,9998,0,9999
2023-06-28T13:51:08,1,9998,0,9999
2023-06-28T14:03:30,1,9998,0,9999
2023-06-28T14:15:53,1,9998,0,9999
2023-06-28T14:28:15,1,9998,0,9999
2023-06-28T14:40:38,1,9998,0,9999
2023-06-28T14:53:01,1,9998,0,9999
2023-06-28T15:05:24,1,9998,0,9999
2023-06-28T15:17:48,1,9998,0,9999
2023-06-28T15:30:11,1,9998,0,9999
2023-06-28T15:42:47,1,9998,0,9999
2023-06-28T15:55:10,1,9998,0,9999
2023-06-28T16:07:32,1,9998,0,9999
2023-06-28T16:19:54,1,9998,0,9999
2023-06-28T16:32:17,1,9998,0,9999
2023-06-28T16:44:39,1,9998,0,9999
2023-06-28T16:57:02,1,9998,0,9999
2023-06-28T17:09:25,1,9998,0,9999
2023-06-28T17:21:58,1,9998,0,9999
2023-06-28T17:34:20,1,9998,0,9999
2023-06-28T17:46:43,1,9998,0,9999
2023-06-28T17:59:06,1,9998,0,9999
2023-06-28T18:11:29,1,9998,0,9999
2023-06-28T18:23:51,1,9998,0,9999
2023-06-28T18:36:14,1,9998,0,9999
2023-06-28T18:48:35,1,9998,0,9999
2023-06-28T19:00:57,1,9998,0,9999
2023-06-28T19:13:32,1,9998,0,9999
2023-06-28T19:25:54,1,9998,0,9999
2023-06-28T19:38:17,1,9998,0,9999
2023-06-28T19:50:39,1,9998,0,9999
2023-06-28T20:03:02,1,9998,0,9999
2023-06-28T20:15:25,1,9998,0,9999
2023-06-28T20:27:47,1,9998,0,9999
2023-06-28T20:40:10,1,9998,0,9999
2023-06-28T20:52:32,1,9998,0,9999
2023-06-28T21:04:55,1,9998,0,9999
2023-06-28T21:17:18,1,9998,0,9999
2023-06-28T21:29:51,1,9998,0,9999
2023-06-28T21:42:14,1,9998,0,9999
2023-06-28T21:54:37,1,9998,0,9999
2023-06-28T22:07:00,1,9998,0,9999
2023-06-28T22:19:23,1,9998,0,9999
2023-06-28T22:31:47,1,9998,0,9999
2023-06-28T22:44:09,1,9998,0,9999
2023-06-28T22:56:32,1,9998,0,9999
2023-06-28T23:08:55,1,9998,0,9999
2023-06-28T23:21:19,1,9998,0,9999
2023-06-28T23:33:53,1,9998,0,9999
2023-06-28T23:46:16,1,9998,0,9999
2023-06-28T23:58:39,1,9998,0,9999
2023-06-29T00:11:03,1,9998,0,9999
2023-06-29T00:23:35,1,9998,0,9999
2023-06-29T00:36:01,1,9998,0,9999
2023-06-29T00:48:28,1,9998,0,9999
2023-06-29T01:00:55,1,9998,0,9999
2023-06-29T01:13:25,1,9998,0,9999
2023-06-29T01:25:51,1,9998,0,9999
2023-06-29T01:38:16,1,9998,0,9999
2023-06-29T01:50:42,1,9998,0,9999
2023-06-29T02:03:07,1,9998,0,9999
2023-06-29T02:15:44,1,9998,0,9999
2023-06-29T02:28:07,1,9998,0,9999
2023-06-29T02:40:31,1,9998,0,9999
2023-06-29T02:52:53,1,9998,0,9999
2023-06-29T03:05:16,1,9998,0,9999
2023-06-29T03:17:39,1,9998,0,9999
2023-06-29T03:30:02,1,9998,0,9999
2023-06-29T03:42:24,1,9998,0,9999
2023-06-29T03:54:47,1,9998,0,9999
2023-06-29T04:07:09,1,9998,0,9999
2023-06-29T04:17:31,1,9998,0,9999
2023-06-29T04:29:56,1,9998,0,9999
2023-06-29T04:43:55,1,9998,0,9999
2023-06-29T04:56:39,1,9998,0,9999
2023-06-29T05:09:03,1,9998,0,9999
2023-06-29T05:21:28,1,9998,0,9999
2023-06-29T05:33:55,1,9998,0,9999
2023-06-29T05:46:22,1,9998,0,9999
2023-06-29T05:58:48,1,9998,0,9999
2023-06-29T06:11:17,1,9998,0,9999
2023-06-29T06:23:44,1,9998,0,9999
2023-06-29T06:36:11,1,9998,0,9999
2023-06-29T06:48:38,1,9998,0,9999
2023-06-29T07:01:21,1,9998,0,9999
2023-06-29T07:13:48,1,9998,0,9999
2023-06-29T07:26:14,1,9998,0,9999
2023-06-29T07:38:49,1,9998,0,9999
2023-06-29T07:51:15,1,9998,0,9999
2023-06-29T08:03:41,1,9998,0,9999
2023-06-29T08:16:07,1,9998,0,9999
2023-06-29T08:28:31,1,9998,0,9999
2023-06-29T08:40:56,1,9998,0,9999
2023-06-29T08:53:20,1,9998,0,9999
2023-06-29T09:05:46,1,9998,0,9999
2023-06-29T09:18:10,1,9998,0,9999
2023-06-29T09:30:34,1,9998,0,9999
2023-06-29T09:43:09,1,9998,0,9999
2023-06-29T09:55:34,1,9998,0,9999
2023-06-29T10:07:57,1,9998,0,9999
2023-06-29T10:20:22,1,9998,0,9999
2023-06-29T10:32:46,1,9998,0,9999
2023-06-29T10:45:10,1,9998,0,9999
2023-06-29T10:57:35,1,9998,0,9999
2023-06-29T11:09:59,1,9998,0,9999
2023-06-29T11:22:23,1,9998,0,9999
2023-06-29T11:34:48,1,9998,0,9999
2023-06-29T11:47:24,1,9998,0,9999
2023-06-29T11:59:47,1,9998,0,9999
2023-06-29T12:12:10,1,9998,0,9999
2023-06-29T12:24:33,1,9998,0,9999
2023-06-29T12:36:56,1,9998,0,9999
2023-06-29T12:49:20,1,9998,0,9999
2023-06-29T13:01:42,1,9998,0,9999
2023-06-29T13:14:05,1,9998,0,9999
2023-06-29T13:26:27,1,9998,0,9999
2023-06-29T13:39:00,1,9998,0,9999
2023-06-29T13:51:23,1,9998,0,9999
2023-06-29T14:03:45,1,9998,0,9999
2023-06-29T14:16:07,1,9998,0,9999
2023-06-29T14:28:30,1,9998,0,9999
2023-06-29T14:40:53,1,9998,0,9999
2023-06-29T14:53:16,1,9998,0,9999
2023-06-29T15:05:39,1,9998,0,9999
2023-06-29T15:18:12,1,9998,0,9999
2023-06-29T15:30:35,1,9998,0,9999
2023-06-29T15:42:58,1,9998,0,9999
2023-06-29T15:55:21,1,9998,0,9999
2023-06-29T16:07:45,1,9998,0,9999
2023-06-29T16:20:07,1,9998,0,9999
2023-06-29T16:32:30,1,9998,0,9999
2023-06-29T16:44:52,1,9998,0,9999
2023-06-29T16:57:15,1,9998,0,9999
2023-06-29T17:09:50,1,9998,0,9999
2023-06-29T17:22:13,1,9998,0,9999
2023-06-29T17:34:36,1,9998,0,9999
2023-06-29T17:46:58,1,9998,0,9999
2023-06-29T17:59:21,1,9998,0,9999
2023-06-29T18:11:44,1,9998,0,9999
2023-06-29T18:24:08,1,9998,0,9999
2023-06-29T18:36:31,1,9998,0,9999
2023-06-29T18:48:53,1,9998,0,9999
2023-06-29T19:01:27,1,9998,0,9999
2023-06-29T19:13:50,1,9998,0,9999
2023-06-29T19:26:13,1,9998,0,9999
2023-06-29T19:38:37,1,9998,0,9999
2023-06-29T19:51:00,1,9998,0,9999
2023-06-29T20:03:24,1,9998,0,9999
2023-06-29T20:15:47,1,9998,0,9999
2023-06-29T20:28:11,1,9998,0,9999
2023-06-29T20:40:47,1,9998,0,9999
2023-06-29T20:53:10,1,9998,0,9999
2023-06-29T21:05:34,1,9998,0,9999
2023-06-29T21:17:56,1,9998,0,9999
2023-06-29T21:30:19,1,9998,0,9999
2023-06-29T21:42:43,1,9998,0,9999
2023-06-29T21:55:07,1,9998,0,9999
2023-06-29T22:07:32,1,9998,0,9999
2023-06-29T22:19:55,1,9998,0,9999
2023-06-29T22:32:20,1,9998,0,9999
2023-06-29T22:44:44,1,9998,0,9999
2023-06-29T22:57:18,1,9998,0,9999
2023-06-29T23:09:42,1,9998,0,9999
2023-06-29T23:22:05,1,9998,0,9999
2023-06-29T23:34:29,1,9998,0,9999
2023-06-29T23:46:53,1,9998,0,9999
2023-06-29T23:59:17,1,9998,0,9999
2023-06-30T00:11:44,1,9998,0,9999
2023-06-30T00:24:15,1,9998,0,9999
2023-06-30T00:36:43,1,9998,0,9999
2023-06-30T00:49:09,1,9998,0,9999
2023-06-30T01:01:37,1,9998,0,9999
2023-06-30T01:14:18,1,9998,0,9999
2023-06-30T01:26:46,1,9998,0,9999
2023-06-30T01:39:14,1,9998,0,9999
2023-06-30T01:51:41,1,9998,0,9999
2023-06-30T02:04:06,1,9998,0,9999
2023-06-30T02:16:32,1,9998,0,9999
2023-06-30T02:28:58,1,9998,0,9999
2023-06-30T02:41:23,1,9998,0,9999
2023-06-30T02:53:49,1,9998,0,9999
2023-06-30T03:06:16,1,9998,0,9999
2023-06-30T03:18:44,1,9998,0,9999
2023-06-30T03:31:11,1,9998,0,9999
2023-06-30T03:43:48,1,9998,0,9999
2023-06-30T03:56:22,1,9998,0,9999
2023-06-30T04:08:50,1,9998,0,9999
2023-06-30T04:21:45,1,9998,0,9999
2023-06-30T04:34:14,1,9998,0,9999
2023-06-30T04:48:22,1,9998,0,9999
2023-06-30T05:00:49,1,9998,0,9999
2023-06-30T05:13:18,1,9998,0,9999
2023-06-30T05:25:46,1,9998,0,9999
2023-06-30T05:38:12,1,9998,0,9999
2023-06-30T05:50:39,1,9998,0,9999
2023-06-30T06:03:05,1,9998,0,9999
2023-06-30T06:15:32,1,9998,0,9999
2023-06-30T06:27:58,1,9998,0,9999
2023-06-30T06:40:25,1,9998,0,9999
2023-06-30T06:52:54,1,9998,0,9999
2023-06-30T07:05:22,1,9998,0,9999
2023-06-30T07:17:55,1,9998,0,9999
2023-06-30T07:30:20,1,9998,0,9999
2023-06-30T07:42:44,1,9998,0,9999
2023-06-30T07:55:09,1,9998,0,9999
2023-06-30T08:07:34,1,9998,0,9999
2023-06-30T08:19:59,1,9998,0,9999
2023-06-30T08:32:25,1,9998,0,9999
2023-06-30T08:44:49,1,9998,0,9999
2023-06-30T08:57:14,1,9998,0,9999
2023-06-30T09:09:38,1,9998,0,9999
2023-06-30T09:22:01,1,9998,0,9999
2023-06-30T09:34:24,1,9998,0,9999
2023-06-30T09:46:47,1,9998,0,9999
2023-06-30T09:59:10,1,9998,0,9999
2023-06-30T10:11:45,1,9998,0,9999
2023-06-30T10:24:08,1,9998,0,9999
2023-06-30T10:36:31,1,9998,0,9999
2023-06-30T10:48:54,1,9998,0,9999
2023-06-30T11:01:18,1,9998,0,9999
2023-06-30T11:13:41,1,9998,0,9999
2023-06-30T11:26:04,1,9998,0,9999
2023-06-30T11:38:28,1,9998,0,9999
2023-06-30T11:50:52,1,9998,0,9999
2023-06-30T12:03:28,1,9998,0,9999
2023-06-30T12:15:51,1,9998,0,9999
2023-06-30T12:28:15,1,9998,0,9999
2023-06-30T12:40:39,1,9998,0,9999
2023-06-30T12:53:02,1,9998,0,9999
2023-06-30T13:05:26,1,9998,0,9999
2023-06-30T13:17:50,1,9998,0,9999
2023-06-30T13:30:13,1,9998,0,9999
2023-06-30T13:42:48,1,9998,0,9999
2023-06-30T13:55:11,1,9998,0,9999
2023-06-30T14:07:35,1,9998,0,9999
2023-06-30T14:19:59,1,9998,0,9999
2023-06-30T14:32:22,1,9998,0,9999
2023-06-30T14:44:45,1,9998,0,9999
2023-06-30T14:57:08,1,9998,0,9999
2023-06-30T15:09:31,1,9998,0,9999
2023-06-30T15:22:05,1,9998,0,9999
2023-06-30T15:34:29,1,9998,0,9999
2023-06-30T15:46:53,1,9998,0,9999
2023-06-30T15:59:16,1,9998,0,9999
2023-06-30T16:11:40,1,9998,0,9999
2023-06-30T16:24:03,1,9998,0,9999
2023-06-30T16:36:26,1,9998,0,9999
2023-06-30T16:48:49,1,9998,0,9999
2023-06-30T17:01:22,1,9998,0,9999
2023-06-30T17:13:46,1,9998,0,9999
2023-06-30T17:26:10,1,9998,0,9999
2023-06-30T17:38:33,1,9998,0,9999
2023-06-30T17:50:56,1,9998,0,9999
2023-06-30T18:03:19,1,9998,0,9999
2023-06-30T18:15:42,1,9998,0,9999
2023-06-30T18:28:05,1,9998,0,9999
2023-06-30T18:40:29,1,9998,0,9999
2023-06-30T18:52:52,1,9998,0,9999
2023-06-30T19:05:27,1,9998,0,9999
2023-06-30T19:17:50,1,9998,0,9999
2023-06-30T19:30:13,1,9998,0,9999
2023-06-30T19:42:37,1,9998,0,9999
2023-06-30T19:55:00,1,9998,0,9999
2023-06-30T20:07:23,1,9998,0,9999
2023-06-30T20:19:47,1,9998,0,9999
2023-06-30T20:32:11,1,9998,0,9999
2023-06-30T20:44:34,1,9998,0,9999
2023-06-30T20:56:57,1,9998,0,9999
2023-06-30T21:09:32,1,9998,0,9999
2023-06-30T21:21:55,1,9998,0,9999
2023-06-30T21:34:18,1,9998,0,9999
2023-06-30T21:46:41,1,9998,0,9999
2023-06-30T21:59:04,1,9998,0,9999
2023-06-30T22:11:28,1,9998,0,9999
2023-06-30T22:31:57,1,9998,0,9999
2023-06-30T22:44:56,1,9998,0,9999
2023-06-30T22:57:21,1,9998,0,9999
2023-06-30T23:09:45,1,9998,0,9999
2023-06-30T23:22:09,1,9998,0,9999
2023-06-30T23:34:37,1,9998,0,9999
2023-06-30T23:47:01,1,9998,0,9999
2023-06-30T23:59:25,1,9998,0,9999
2023-07-01T00:11:53,1,9998,0,9999
2023-07-01T00:24:21,1,9998,0,9999
2023-07-01T00:36:49,1,9998,0,9999
2023-07-01T00:49:25,1,9998,0,9999
2023-07-01T01:01:53,1,9998,0,9999
2023-07-01T01:14:22,1,9998,0,9999
2023-07-01T01:26:49,1,9998,0,9999
2023-07-01T01:39:17,1,9998,0,9999
2023-07-01T01:51:45,1,9998,0,9999
2023-07-01T02:04:12,1,9998,0,9999
2023-07-01T02:16:38,1,9998,0,9999
2023-07-01T02:29:03,1,9998,0,9999
2023-07-01T02:41:29,1,9998,0,9999
2023-07-01T02:53:53,1,9998,0,9999
2023-07-01T03:06:18,1,9998,0,9999
2023-07-01T03:18:44,1,9998,0,9999
2023-07-01T03:31:10,1,9998,0,9999
2023-07-01T03:43:35,1,9998,0,9999
2023-07-01T03:56:10,1,9998,0,9999
2023-07-01T04:08:36,1,9998,0,9999
2023-07-01T04:19:16,1,9998,0,9999
2023-07-01T04:32:09,1,9998,0,9999
2023-07-01T04:44:37,1,9998,0,9999
2023-07-01T04:57:03,1,9998,0,9999
2023-07-01T05:09:31,1,9998,0,9999
2023-07-01T05:22:05,1,9998,0,9999
2023-07-01T05:34:31,1,9998,0,9999
2023-07-01T05:47:03,1,9998,0,9999
2023-07-01T05:59:29,1,9998,0,9999
2023-07-01T06:11:56,1,9998,0,9999
2023-07-01T06:24:22,1,9998,0,9999
2023-07-01T06:36:48,1,9998,0,9999
2023-07-01T06:49:14,1,9998,0,9999
2023-07-01T07:01:44,1,9998,0,9999
2023-07-01T07:14:10,1,9998,0,9999
2023-07-01T07:26:36,1,9998,0,9999
2023-07-01T07:39:02,1,9998,0,9999
2023-07-01T07:51:44,1,9998,0,9999
2023-07-01T08:04:11,1,9998,0,9999
2023-07-01T08:16:37,1,9998,0,9999
2023-07-01T08:29:04,1,9998,0,9999
2023-07-01T08:41:31,1,9998,0,9999
2023-07-01T08:53:57,1,9998,0,9999
2023-07-01T09:06:24,1,9998,0,9999
2023-07-01T09:19:00,1,9998,0,9999
2023-07-01T09:31:25,1,9998,0,9999
2023-07-01T09:43:52,1,9998,0,9999
2023-07-01T09:56:19,1,9998,0,9999
2023-07-01T10:08:45,1,9998,0,9999
2023-07-01T10:21:11,1,9998,0,9999
2023-07-01T10:33:37,1,9998,0,9999
2023-07-01T10:46:03,1,9998,0,9999
2023-07-01T10:58:29,1,9998,0,9999
2023-07-01T11:10:53,1,9998,0,9999
2023-07-01T11:23:15,1,9998,0,9999
2023-07-01T11:35:59,1,9998,0,9999
2023-07-01T11:48:22,1,9998,0,9999
2023-07-01T12:00:46,1,9998,0,9999
2023-07-01T12:13:09,1,9998,0,9999
2023-07-01T12:25:32,1,9998,0,9999
2023-07-01T12:37:55,1,9998,0,9999
2023-07-01T12:50:18,1,9998,0,9999
2023-07-01T13:02:41,1,9998,0,9999
2023-07-01T13:15:04,1,9998,0,9999
2023-07-01T13:27:27,1,9998,0,9999
2023-07-01T13:39:50,1,9998,0,9999
2023-07-01T13:52:12,1,9998,0,9999
2023-07-01T14:04:36,1,9998,0,9999
2023-07-01T14:16:59,1,9998,0,9999
2023-07-01T14:29:32,2,9997,0,9999
2023-07-01T14:41:55,2,9997,0,9999
2023-07-01T14:54:18,2,9997,0,9999
2023-07-01T15:06:41,2,9997,0,9999
2023-07-01T15:19:04,2,9997,0,9999
2023-07-01T15:31:27,2,9997,0,9999
2023-07-01T15:43:49,2,9997,0,9999
2023-07-01T15:56:13,2,9997,0,9999
2023-07-01T16:08:36,2,9997,0,9999
2023-07-01T16:20:59,2,9997,0,9999
2023-07-01T16:33:22,2,9997,0,9999
2023-07-01T16:45:45,2,9997,0,9999
2023-07-01T16:58:08,2,9997,0,9999
2023-07-01T17:10:49,2,9997,0,9999
2023-07-01T17:23:13,2,9997,0,9999
2023-07-01T17:35:36,2,9997,0,9999
2023-07-01T17:47:59,2,9997,0,9999
2023-07-01T18:00:22,2,9997,0,9999
2023-07-01T18:12:47,2,9997,0,9999
2023-07-01T18:25:09,2,9997,0,9999
2023-07-01T18:37:32,2,9997,0,9999
2023-07-01T18:49:55,2,9997,0,9999
2023-07-01T19:02:20,2,9997,0,9999
2023-07-01T19:14:43,2,9997,0,9999
2023-07-01T19:27:07,2,9997,0,9999
2023-07-01T19:39:29,2,9997,0,9999
2023-07-01T19:51:53,2,9997,0,9999
2023-07-01T20:04:20,2,9997,0,9999
2023-07-01T20:16:44,2,9997,0,9999
2023-07-01T20:29:18,2,9997,0,9999
2023-07-01T20:41:41,2,9997,0,9999
2023-07-01T20:54:05,2,9997,0,9999
2023-07-01T21:06:28,2,9997,0,9999
2023-07-01T21:18:52,2,9997,0,9999
2023-07-01T21:31:15,2,9997,0,9999
2023-07-01T21:43:39,2,9997,0,9999
2023-07-01T21:56:02,2,9997,0,9999
2023-07-01T22:08:26,2,9997,0,9999
2023-07-01T22:20:49,2,9997,0,9999
2023-07-01T22:33:13,2,9997,0,9999
2023-07-01T22:45:56,2,9997,0,9999
2023-07-01T22:58:19,2,9997,0,9999
2023-07-01T23:10:44,2,9997,0,9999
2023-07-01T23:23:08,2,9997,0,9999
2023-07-01T23:35:31,2,9997,0,9999
2023-07-01T23:47:54,2,9997,0,9999
2023-07-02T00:00:17,2,9997,0,9999
2023-07-02T00:13:03,2,9997,0,9999
2023-07-02T00:25:29,2,9997,0,9999
2023-07-02T00:37:55,2,9997,0,9999
2023-07-02T00:50:19,2,9997,0,9999
2023-07-02T01:02:42,2,9997,0,9999
2023-07-02T01:15:07,2,9997,0,9999
2023-07-02T01:27:31,2,9997,0,9999
2023-07-02T01:39:55,2,9997,0,9999
2023-07-02T01:52:19,2,9997,0,9999
2023-07-02T02:04:42,2,9997,0,9999
2023-07-02T02:17:07,2,9997,0,9999
2023-07-02T02:29:42,2,9997,0,9999
2023-07-02T02:42:17,2,9997,0,9999
2023-07-02T02:54:44,2,9997,0,9999
2023-07-02T03:07:15,2,9997,0,9999
2023-07-02T03:19:45,2,9997,0,9999
2023-07-02T03:32:14,2,9997,0,9999
2023-07-02T03:44:41,2,9997,0,9999
2023-07-02T03:57:09,2,9997,0,9999
2023-07-02T04:16:59,2,9997,0,9999
2023-07-02T04:30:45,2,9997,0,9999
2023-07-02T04:43:35,2,9997,0,9999
2023-07-02T04:56:05,2,9997,0,9999
2023-07-02T05:08:34,2,9997,0,9999
2023-07-02T05:21:01,2,9997,0,9999
2023-07-02T05:33:27,2,9997,0,9999
2023-07-02T05:45:54,2,9997,0,9999
2023-07-02T05:58:21,2,9997,0,9999
2023-07-02T06:10:51,2,9997,0,9999
2023-07-02T06:23:21,2,9997,0,9999
2023-07-02T06:36:03,2,9997,0,9999
2023-07-02T06:48:30,2,9997,0,9999
2023-07-02T07:01:00,2,9997,0,9999
2023-07-02T07:13:26,2,9997,0,9999
2023-07-02T07:25:53,2,9997,0,9999
2023-07-02T07:38:19,2,9997,0,9999
2023-07-02T07:50:45,2,9997,0,9999
2023-07-02T08:03:12,2,9997,0,9999
2023-07-02T08:15:42,2,9997,0,9999
2023-07-02T08:28:21,2,9997,0,9999
2023-07-02T08:40:51,2,9997,0,9999
2023-07-02T08:53:18,2,9997,0,9999
2023-07-02T09:05:48,2,9997,0,9999
2023-07-02T09:18:15,2,9997,0,9999
2023-07-02T09:30:43,2,9997,0,9999
2023-07-02T09:43:13,2,9997,0,9999
2023-07-02T09:55:43,2,9997,0,9999
2023-07-02T10:08:21,2,9997,0,9999
2023-07-02T10:20:51,2,9997,0,9999
2023-07-02T10:33:22,2,9997,0,9999
2023-07-02T10:45:48,2,9997,0,9999
2023-07-02T10:58:13,2,9997,0,9999
2023-07-02T11:10:38,2,9997,0,9999
2023-07-02T11:23:03,2,9997,0,9999
2023-07-02T11:35:26,2,9997,0,9999
2023-07-02T11:47:49,2,9997,0,9999
2023-07-02T12:00:12,2,9997,0,9999
2023-07-02T12:12:35,2,9997,0,9999
2023-07-02T12:25:09,2,9997,0,9999
2023-07-02T12:37:32,2,9997,0,9999
2023-07-02T12:49:55,2,9997,0,9999
2023-07-02T13:02:18,2,9997,0,9999
2023-07-02T13:14:42,2,9997,0,9999
2023-07-02T13:27:05,2,9997,0,9999
2023-07-02T13:39:28,2,9997,0,9999
2023-07-02T13:51:50,2,9997,0,9999
2023-07-02T14:04:13,2,9997,0,9999
2023-07-02T14:16:36,2,9997,0,9999
2023-07-02T14:29:10,2,9997,0,9999
2023-07-02T14:41:34,2,9997,0,9999
2023-07-02T14:53:57,2,9997,0,9999
2023-07-02T15:06:21,2,9997,0,9999
2023-07-02T15:18:44,2,9997,0,9999
2023-07-02T15:31:08,2,9997,0,9999
2023-07-02T15:43:31,2,9997,0,9999
2023-07-02T15:55:55,2,9997,0,9999
2023-07-02T16:08:19,2,9997,0,9999
2023-07-02T16:20:43,2,9997,0,9999
2023-07-02T16:33:18,2,9997,0,9999
2023-07-02T16:45:41,2,9997,0,9999
2023-07-02T16:58:04,2,9997,0,9999
2023-07-02T17:10:27,2,9997,0,9999
2023-07-02T17:22:51,2,9997,0,9999
2023-07-02T17:35:14,2,9997,0,9999
2023-07-02T17:47:37,2,9997,0,9999
2023-07-02T18:00:00,2,9997,0,9999
2023-07-02T18:12:23,2,9997,0,9999
2023-07-02T18:24:47,2,9997,0,9999
2023-07-02T18:37:11,2,9997,0,9999
2023-07-02T18:49:35,2,9997,0,9999
2023-07-02T19:02:11,2,9997,0,9999
2023-07-02T19:14:35,2,9997,0,9999
2023-07-02T19:26:59,2,9997,0,9999
2023-07-02T19:39:22,2,9997,0,9999
2023-07-02T19:51:45,2,9997,0,9999
2023-07-02T20:04:08,2,9997,0,9999
2023-07-02T20:16:31,2,9997,0,9999
2023-07-02T20:28:54,2,9997,0,9999
2023-07-02T20:41:17,2,9997,0,9999
2023-07-02T20:53:42,2,9997,0,9999
2023-07-02T21:06:16,2,9997,0,9999
2023-07-02T21:18:39,2,9997,0,9999
2023-07-02T21:31:02,2,9997,0,9999
2023-07-02T21:43:25,2,9997,0,9999
2023-07-02T21:55:48,2,9997,0,9999
2023-07-02T22:08:11,2,9997,0,9999
2023-07-02T22:20:34,2,9997,0,9999
2023-07-02T22:32:58,2,9997,0,9999
2023-07-02T22:45:20,2,9997,0,9999
2023-07-02T22:57:43,2,9997,0,9999
2023-07-02T23:10:17,2,9997,0,9999
2023-07-02T23:22:41,2,9997,0,9999
2023-07-02T23:35:04,2,9997,0,9999
2023-07-02T23:47:28,2,9997,0,9999
2023-07-02T23:59:52,2,9997,0,9999
2023-07-03T00:12:24,2,9997,0,9999
2023-07-03T00:24:57,2,9997,0,9999
2023-07-03T00:37:30,2,9997,0,9999
2023-07-03T00:49:57,2,9997,0,9999
2023-07-03T01:02:21,2,9997,0,9999
2023-07-03T01:15:04,2,9997,0,9999
2023-07-03T01:27:32,2,9997,0,9999
2023-07-03T01:40:00,2,9997,0,9999
2023-07-03T01:52:26,2,9997,0,9999
2023-07-03T02:05:08,2,9997,0,9999
2023-07-03T02:17:36,2,9997,0,9999
2023-07-03T02:30:02,2,9997,0,9999
2023-07-03T02:42:28,2,9997,0,9999
2023-07-03T02:54:53,2,9997,0,9999
2023-07-03T03:07:18,2,9997,0,9999
2023-07-03T03:19:45,2,9997,0,9999
2023-07-03T03:32:12,2,9997,0,9999
2023-07-03T03:44:38,2,9997,0,9999
2023-07-03T03:57:04,2,9997,0,9999
2023-07-03T04:09:41,2,9997,0,9999
2023-07-03T04:28:33,2,9997,0,9999
2023-07-03T04:41:01,2,9997,0,9999
2023-07-03T04:55:13,2,9997,0,9999
2023-07-03T05:07:43,2,9997,0,9999
2023-07-03T05:20:10,2,9997,0,9999
2023-07-03T05:32:37,2,9997,0,9999
2023-07-03T05:45:04,2,9997,0,9999
2023-07-03T05:57:30,2,9997,0,9999
2023-07-03T06:09:58,2,9997,0,9999
2023-07-03T06:22:24,2,9997,0,9999
2023-07-03T06:34:51,2,9997,0,9999
2023-07-03T06:47:20,2,9997,0,9999
2023-07-03T06:59:46,2,9997,0,9999
2023-07-03T07:12:15,2,9997,0,9999
2023-07-03T07:24:47,2,9997,0,9999
2023-07-03T07:37:10,2,9997,0,9999
2023-07-03T07:49:35,2,9997,0,9999
2023-07-03T08:01:58,2,9997,0,9999
2023-07-03T08:14:20,2,9997,0,9999
2023-07-03T08:26:44,2,9997,0,9999
2023-07-03T08:39:07,2,9997,0,9999
2023-07-03T08:51:31,2,9997,0,9999
2023-07-03T09:03:55,2,9997,0,9999
2023-07-03T09:16:32,2,9997,0,9999
2023-07-03T09:28:55,2,9997,0,9999
2023-07-03T09:41:19,2,9997,0,9999
2023-07-03T09:53:43,2,9997,0,9999
2023-07-03T10:06:07,2,9997,0,9999
2023-07-03T10:18:32,2,9997,0,9999
2023-07-03T10:30:56,2,9997,0,9999
2023-07-03T10:43:32,2,9997,0,9999
2023-07-03T10:55:56,2,9997,0,9999
2023-07-03T11:08:20,2,9997,0,9999
2023-07-03T11:20:44,2,9997,0,9999
2023-07-03T11:33:10,2,9997,0,9999
2023-07-03T11:45:46,2,9997,0,9999
2023-07-03T11:58:12,2,9997,0,9999
2023-07-03T12:10:38,2,9997,0,9999
2023-07-03T12:23:04,2,9997,0,9999
2023-07-03T12:35:30,2,9997,0,9999
2023-07-03T12:47:56,2,9997,0,9999
2023-07-03T13:00:22,2,9997,0,9999
2023-07-03T13:12:48,2,9997,0,9999
2023-07-03T13:25:25,2,9997,0,9999
2023-07-03T13:37:51,2,9997,0,9999
2023-07-03T13:50:16,2,9997,0,9999
2023-07-03T14:02:41,2,9997,0,9999
2023-07-03T14:15:07,2,9997,0,9999
2023-07-03T14:27:32,2,9997,0,9999
2023-07-03T14:39:56,2,9997,0,9999
2023-07-03T14:52:20,2,9997,0,9999
2023-07-03T15:04:44,2,9997,0,9999
2023-07-03T15:17:18,2,9997,0,9999
2023-07-03T15:29:42,2,9997,0,9999
2023-07-03T15:42:06,2,9997,0,9999
2023-07-03T15:54:30,2,9997,0,9999
2023-07-03T16:06:55,2,9997,0,9999
2023-07-03T16:19:19,2,9997,0,9999
2023-07-03T16:31:42,2,9997,0,9999
2023-07-03T16:44:06,2,9997,0,9999
2023-07-03T16:56:30,2,9997,0,9999
2023-07-03T17:08:55,2,9997,0,9999
2023-07-03T17:21:20,2,9997,0,9999
2023-07-03T17:33:54,2,9997,0,9999
2023-07-03T17:46:18,2,9997,0,9999
2023-07-03T17:58:42,2,9997,0,9999
2023-07-03T18:11:06,2,9997,0,9999
2023-07-03T18:23:30,2,9997,0,9999
2023-07-03T18:35:54,2,9997,0,9999
2023-07-03T18:48:20,2,9997,0,9999
2023-07-03T19:00:43,2,9997,0,9999
2023-07-03T19:13:08,2,9997,0,9999
2023-07-03T19:25:41,2,9997,0,9999
2023-07-03T19:38:06,2,9997,0,9999
2023-07-03T19:50:29,2,9997,0,9999
