time,enrolled,available,waitlisted,total
2023-05-25T01:15:36,0,15,0,15
2023-05-25T01:27:12,0,15,0,15
2023-05-25T01:38:47,0,15,0,15
2023-05-25T01:50:32,0,15,0,15
2023-05-25T02:02:07,0,15,0,15
2023-05-25T02:13:43,0,15,0,15
2023-05-25T02:25:20,0,15,0,15
2023-05-25T02:36:53,0,15,0,15
2023-05-25T02:48:27,0,15,0,15
2023-05-25T02:59:59,0,15,0,15
2023-05-25T03:11:36,0,15,0,15
2023-05-25T03:23:35,0,15,0,15
2023-05-25T03:35:13,0,15,0,15
2023-05-25T03:46:48,0,15,0,15
2023-05-25T03:58:24,0,15,0,15
2023-05-25T04:17:47,0,15,0,15
2023-05-25T04:29:47,0,15,0,15
2023-05-25T04:41:24,0,15,0,15
2023-05-25T04:53:00,0,15,0,15
2023-05-25T05:04:36,0,15,0,15
2023-05-25T05:16:13,0,15,0,15
2023-05-25T05:27:49,0,15,0,15
2023-05-25T05:39:26,0,15,0,15
2023-05-25T05:51:02,0,15,0,15
2023-05-25T06:02:38,0,15,0,15
2023-05-25T06:14:14,0,15,0,15
2023-05-25T06:25:49,0,15,0,15
2023-05-25T06:37:23,0,15,0,15
2023-05-25T06:48:59,0,15,0,15
2023-05-25T07:00:34,0,15,0,15
2023-05-25T07:12:10,0,15,0,15
2023-05-25T07:23:44,0,15,0,15
2023-05-25T07:35:18,0,15,0,15
2023-05-25T07:46:55,0,15,0,15
2023-05-25T07:58:30,0,15,0,15
2023-05-25T08:10:05,0,15,0,15
2023-05-25T08:21:49,0,15,0,15
2023-05-25T08:33:23,0,15,0,15
2023-05-25T08:44:56,0,15,0,15
2023-05-25T08:56:28,0,15,0,15
2023-05-25T09:08:02,0,15,0,15
2023-05-25T09:19:35,0,15,0,15
2023-05-25T09:31:07,0,15,0,15
2023-05-25T09:42:40,0,15,0,15
2023-05-25T09:54:13,0,15,0,15
2023-05-25T10:05:46,0,15,0,15
2023-05-25T10:17:31,0,15,0,15
2023-05-25T10:29:04,0,15,0,15
2023-05-25T10:40:36,0,15,0,15
2023-05-25T10:52:19,0,15,0,15
2023-05-25T11:03:51,0,15,0,15
2023-05-25T11:15:24,0,15,0,15
2023-05-25T11:26:57,0,15,0,15
2023-05-25T11:38:29,0,15,0,15
2023-05-25T11:50:03,0,15,0,15
2023-05-25T12:01:47,0,15,0,15
2023-05-25T12:13:20,0,15,0,15
2023-05-25T12:24:52,0,15,0,15
2023-05-25T12:36:25,0,15,0,15
2023-05-25T12:47:58,0,15,0,15
2023-05-25T12:59:41,0,15,0,15
2023-05-25T13:11:14,0,15,0,15
2023-05-25T13:22:47,0,15,0,15
2023-05-25T13:34:20,0,15,0,15
2023-05-25T13:45:53,0,15,0,15
2023-05-25T13:57:27,0,15,0,15
2023-05-25T14:09:11,0,15,0,15
2023-05-25T14:20:44,0,15,0,15
2023-05-25T14:32:17,0,15,0,15
2023-05-25T14:43:50,0,15,0,15
2023-05-25T14:55:24,0,15,0,15
2023-05-25T15:07:08,0,15,0,15
2023-05-25T15:18:42,0,15,0,15
2023-05-25T15:30:16,0,15,0,15
2023-05-25T15:41:51,0,15,0,15
2023-05-25T15:53:25,0,15,0,15
2023-05-25T16:05:11,0,15,0,15
2023-05-25T16:16:46,0,15,0,15
2023-05-25T16:28:21,0,15,0,15
2023-05-25T16:39:56,0,15,0,15
2023-05-25T16:51:31,0,15,0,15
2023-05-25T17:03:07,0,15,0,15
2023-05-25T17:14:55,0,15,0,15
2023-05-25T17:26:31,0,15,0,15
2023-05-25T17:38:06,0,15,0,15
2023-05-25T17:49:42,0,15,0,15
2023-05-25T18:01:18,0,15,0,15
2023-05-25T18:12:54,0,15,0,15
2023-05-25T18:24:30,0,15,0,15
2023-05-25T18:36:15,0,15,0,15
2023-05-25T18:47:51,0,15,0,15
2023-05-25T18:59:27,0,15,0,15
2023-05-25T19:11:03,0,15,0,15
2023-05-25T19:22:39,0,15,0,15
2023-05-25T19:34:14,0,15,0,15
2023-05-25T19:45:51,0,15,0,15
2023-05-25T19:57:36,0,15,0,15
2023-05-25T20:09:12,0,15,0,15
2023-05-25T20:20:48,0,15,0,15
2023-05-25T20:32:24,0,15,0,15
2023-05-25T20:43:59,0,15,0,15
2023-05-25T20:55:35,0,15,0,15
2023-05-25T21:07:10,0,15,0,15
2023-05-25T21:18:58,0,15,0,15
2023-05-25T21:30:34,0,15,0,15
2023-05-25T21:42:09,0,15,0,15
2023-05-25T21:53:45,0,15,0,15
2023-05-25T22:05:20,0,15,0,15
2023-05-25T22:16:56,0,15,0,15
2023-05-25T22:28:31,0,15,0,15
2023-05-25T22:40:07,0,15,0,15
2023-05-25T22:51:53,0,15,0,15
2023-05-25T23:03:31,0,15,0,15
2023-05-25T23:15:07,0,15,0,15
2023-05-25T23:26:42,0,15,0,15
2023-05-25T23:38:18,0,15,0,15
2023-05-25T23:49:54,0,15,0,15
2023-05-26T00:01:36,0,15,0,15
2023-05-26T00:13:29,0,15,0,15
2023-05-26T00:25:09,0,15,0,15
2023-05-26T00:36:48,0,15,0,15
2023-05-26T00:48:26,0,15,0,15
2023-05-26T01:00:05,0,15,0,15
2023-05-26T01:11:44,0,15,0,15
2023-05-26T01:23:23,0,15,0,15
2023-05-26T01:35:01,0,15,0,15
2023-05-26T01:46:49,0,15,0,15
2023-05-26T01:58:29,0,15,0,15
2023-05-26T02:10:09,0,15,0,15
2023-05-26T02:21:46,0,15,0,15
2023-05-26T02:33:24,0,15,0,15
2023-05-26T02:45:12,0,15,0,15
2023-05-26T02:56:53,0,15,0,15
2023-05-26T03:08:33,0,15,0,15
2023-05-26T03:20:14,0,15,0,15
2023-05-26T03:31:53,0,15,0,15
2023-05-26T03:43:31,0,15,0,15
2023-05-26T03:55:10,0,15,0,15
2023-05-26T04:06:58,0,15,0,15
2023-05-26T04:28:57,0,15,0,15
2023-05-26T04:41:01,0,15,0,15
2023-05-26T04:52:42,0,15,0,15
2023-05-26T05:04:23,0,15,0,15
2023-05-26T05:16:03,0,15,0,15
2023-05-26T05:27:42,0,15,0,15
2023-05-26T05:39:21,0,15,0,15
2023-05-26T05:51:00,0,15,0,15
2023-05-26T06:02:38,0,15,0,15
2023-05-26T06:14:18,0,15,0,15
2023-05-26T06:25:57,0,15,0,15
2023-05-26T06:37:35,0,15,0,15
2023-05-26T06:49:14,0,15,0,15
2023-05-26T07:00:52,0,15,0,15
2023-05-26T07:12:31,0,15,0,15
2023-05-26T07:24:09,0,15,0,15
2023-05-26T07:35:55,0,15,0,15
2023-05-26T07:47:32,0,15,0,15
2023-05-26T07:59:09,0,15,0,15
2023-05-26T08:10:45,0,15,0,15
2023-05-26T08:22:21,0,15,0,15
2023-05-26T08:33:57,0,15,0,15
2023-05-26T08:45:33,0,15,0,15
2023-05-26T08:57:09,0,15,0,15
2023-05-26T09:08:45,0,15,0,15
2023-05-26T09:20:22,0,15,0,15
2023-05-26T09:32:09,0,15,0,15
2023-05-26T09:43:45,0,15,0,15
2023-05-26T09:55:21,0,15,0,15
2023-05-26T10:06:57,0,15,0,15
2023-05-26T10:18:34,0,15,0,15
2023-05-26T10:30:10,0,15,0,15
2023-05-26T10:41:58,0,15,0,15
2023-05-26T10:53:35,0,15,0,15
2023-05-26T11:05:11,0,15,0,15
2023-05-26T11:16:48,0,15,0,15
2023-05-26T11:28:24,0,15,0,15
2023-05-26T11:40:11,0,15,0,15
2023-05-26T11:51:47,0,15,0,15
2023-05-26T12:03:22,0,15,0,15
2023-05-26T12:14:59,0,15,0,15
2023-05-26T12:26:35,0,15,0,15
2023-05-26T12:38:11,0,15,0,15
2023-05-26T12:49:58,0,15,0,15
2023-05-26T13:01:34,0,15,0,15
2023-05-26T13:13:10,0,15,0,15
2023-05-26T13:24:46,0,15,0,15
2023-05-26T13:36:32,0,15,0,15
2023-05-26T13:48:08,0,15,0,15
2023-05-26T13:59:44,0,15,0,15
2023-05-26T14:11:20,0,15,0,15
2023-05-26T14:23:07,0,15,0,15
2023-05-26T14:34:43,0,15,0,15
2023-05-26T14:46:19,0,15,0,15
2023-05-26T14:57:55,0,15,0,15
2023-05-26T15:09:33,0,15,0,15
2023-05-26T15:21:09,0,15,0,15
2023-05-26T15:32:56,0,15,0,15
2023-05-26T15:44:31,0,15,0,15
2023-05-26T15:56:08,0,15,0,15
2023-05-26T16:07:43,0,15,0,15
2023-05-26T16:19:19,0,15,0,15
2023-05-26T16:30:54,0,15,0,15
2023-05-26T16:42:40,0,15,0,15
2023-05-26T16:54:16,0,15,0,15
2023-05-26T17:05:52,0,15,0,15
2023-05-26T17:17:29,0,15,0,15
2023-05-26T17:29:04,0,15,0,15
2023-05-26T17:40:50,0,15,0,15
2023-05-26T17:52:26,0,15,0,15
2023-05-26T18:04:01,0,15,0,15
2023-05-26T18:15:37,0,15,0,15
2023-05-26T18:27:13,0,15,0,15
2023-05-26T18:38:48,0,15,0,15
2023-05-26T18:50:34,0,15,0,15
2023-05-26T19:02:10,0,15,0,15
2023-05-26T19:13:47,0,15,0,15
2023-05-26T19:25:23,0,15,0,15
2023-05-26T19:36:59,0,15,0,15
2023-05-26T19:48:34,0,15,0,15
2023-05-26T20:00:09,0,15,0,15
2023-05-26T20:11:55,0,15,0,15
2023-05-26T20:23:31,0,15,0,15
2023-05-26T20:35:07,0,15,0,15
2023-05-26T20:46:42,0,15,0,15
2023-05-26T20:58:17,0,15,0,15
2023-05-26T21:09:54,0,15,0,15
2023-05-26T21:21:31,0,15,0,15
2023-05-26T21:33:06,0,15,0,15
2023-05-26T21:44:53,0,15,0,15
2023-05-26T21:56:29,0,15,0,15
2023-05-26T22:08:05,0,15,0,15
2023-05-26T22:19:40,0,15,0,15
2023-05-26T22:31:17,0,15,0,15
2023-05-26T22:42:53,0,15,0,15
2023-05-26T22:54:28,0,15,0,15
2023-05-26T23:06:07,0,15,0,15
2023-05-26T23:17:53,0,15,0,15
2023-05-26T23:29:29,0,15,0,15
2023-05-26T23:41:07,0,15,0,15
2023-05-26T23:52:43,0,15,0,15
2023-05-27T00:04:19,0,15,0,15
2023-05-27T00:15:59,0,15,0,15
2023-05-27T00:27:38,0,15,0,15
2023-05-27T00:39:17,0,15,0,15
2023-05-27T00:50:56,0,15,0,15
2023-05-27T01:02:35,0,15,0,15
2023-05-27T01:14:24,0,15,0,15
2023-05-27T01:26:03,0,15,0,15
2023-05-27T01:37:42,0,15,0,15
2023-05-27T01:49:21,0,15,0,15
2023-05-27T02:00:59,0,15,0,15
2023-05-27T02:12:38,0,15,0,15
2023-05-27T02:24:15,0,15,0,15
2023-05-27T02:35:52,0,15,0,15
2023-05-27T02:47:28,0,15,0,15
2023-05-27T02:59:04,0,15,0,15
2023-05-27T03:10:42,0,15,0,15
2023-05-27T03:22:20,0,15,0,15
2023-05-27T03:33:57,0,15,0,15
2023-05-27T03:45:34,0,15,0,15
2023-05-27T03:57:12,0,15,0,15
2023-05-27T04:09:06,0,15,0,15
2023-05-27T04:30:26,0,15,0,15
2023-05-27T04:43:21,0,15,0,15
2023-05-27T04:55:18,0,15,0,15
2023-05-27T05:06:57,0,15,0,15
2023-05-27T05:18:36,0,15,0,15
2023-05-27T05:30:15,0,15,0,15
2023-05-27T05:41:55,0,15,0,15
2023-05-27T05:53:33,0,15,0,15
2023-05-27T06:05:12,0,15,0,15
2023-05-27T06:16:50,0,15,0,15
2023-05-27T06:28:31,0,15,0,15
2023-05-27T06:40:10,0,15,0,15
2023-05-27T06:51:48,0,15,0,15
2023-05-27T07:03:26,0,15,0,15
2023-05-27T07:15:05,0,15,0,15
2023-05-27T07:26:43,0,15,0,15
2023-05-27T07:38:20,0,15,0,15
2023-05-27T07:49:58,0,15,0,15
2023-05-27T08:01:48,0,15,0,15
2023-05-27T08:13:25,0,15,0,15
2023-05-27T08:25:03,0,15,0,15
2023-05-27T08:36:42,0,15,0,15
2023-05-27T08:48:20,0,15,0,15
2023-05-27T08:59:58,0,15,0,15
2023-05-27T09:11:36,0,15,0,15
2023-05-27T09:23:13,0,15,0,15
2023-05-27T09:34:53,0,15,0,15
2023-05-27T09:46:31,0,15,0,15
2023-05-27T09:58:08,0,15,0,15
2023-05-27T10:10:03,0,15,0,15
2023-05-27T10:21:39,0,15,0,15
2023-05-27T10:33:17,0,15,0,15
2023-05-27T10:44:54,0,15,0,15
2023-05-27T10:56:30,0,15,0,15
2023-05-27T11:08:06,0,15,0,15
2023-05-27T11:19:42,0,15,0,15
2023-05-27T11:31:17,0,15,0,15
2023-05-27T11:42:52,0,15,0,15
2023-05-27T11:54:26,0,15,0,15
2023-05-27T12:06:11,0,15,0,15
2023-05-27T12:17:46,0,15,0,15
2023-05-27T12:29:21,0,15,0,15
2023-05-27T12:40:57,0,15,0,15
2023-05-27T12:52:32,0,15,0,15
2023-05-27T13:04:08,0,15,0,15
2023-05-27T13:15:43,0,15,0,15
2023-05-27T13:27:18,0,15,0,15
2023-05-27T13:39:13,0,15,0,15
2023-05-27T13:50:48,0,15,0,15
2023-05-27T14:02:23,0,15,0,15
2023-05-27T14:13:59,0,15,0,15
2023-05-27T14:25:35,0,15,0,15
2023-05-27T14:37:10,0,15,0,15
2023-05-27T14:48:45,0,15,0,15
2023-05-27T15:00:31,0,15,0,15
2023-05-27T15:12:06,0,15,0,15
2023-05-27T15:23:41,0,15,0,15
2023-05-27T15:35:16,0,15,0,15
2023-05-27T15:46:51,1,14,0,15
2023-05-27T15:58:26,1,14,0,15
2023-05-27T16:10:01,1,14,0,15
2023-05-27T16:21:36,1,14,0,15
2023-05-27T16:33:21,1,14,0,15
2023-05-27T16:44:57,1,14,0,15
2023-05-27T16:56:31,1,14,0,15
2023-05-27T17:08:09,1,14,0,15
2023-05-27T17:19:46,1,14,0,15
2023-05-27T17:31:21,1,14,0,15
2023-05-27T17:43:07,1,14,0,15
2023-05-27T17:54:42,1,14,0,15
2023-05-27T18:06:17,1,14,0,15
2023-05-27T18:17:53,1,14,0,15
2023-05-27T18:29:29,1,14,0,15
2023-05-27T18:41:03,1,14,0,15
2023-05-27T18:52:38,1,14,0,15
2023-05-27T19:04:14,1,14,0,15
2023-05-27T19:16:10,1,14,0,15
2023-05-27T19:27:45,1,14,0,15
2023-05-27T19:39:21,1,14,0,15
2023-05-27T19:50:57,1,14,0,15
2023-05-27T20:02:32,1,14,0,15
2023-05-27T20:14:07,1,14,0,15
2023-05-27T20:25:43,1,14,0,15
2023-05-27T20:37:18,1,14,0,15
2023-05-27T20:49:02,1,14,0,15
2023-05-27T21:00:37,1,14,0,15
2023-05-27T21:12:13,1,14,0,15
2023-05-27T21:23:48,1,14,0,15
2023-05-27T21:35:23,1,14,0,15
2023-05-27T21:46:59,1,14,0,15
2023-05-27T21:58:35,1,14,0,15
2023-05-27T22:10:10,1,14,0,15
2023-05-27T22:21:55,1,14,0,15
2023-05-27T22:33:30,1,14,0,15
2023-05-27T22:45:05,1,14,0,15
2023-05-27T22:56:41,1,14,0,15
2023-05-27T23:08:21,1,14,0,15
2023-05-27T23:19:57,1,14,0,15
2023-05-27T23:31:33,1,14,0,15
2023-05-27T23:43:24,1,14,0,15
2023-05-27T23:54:59,1,14,0,15
2023-05-28T00:06:37,1,14,0,15
2023-05-28T00:18:17,1,14,0,15
2023-05-28T00:29:54,1,14,0,15
2023-05-28T00:41:32,1,14,0,15
2023-05-28T00:53:09,1,14,0,15
2023-05-28T01:04:45,1,14,0,15
2023-05-28T01:16:22,1,14,0,15
2023-05-28T01:27:58,1,14,0,15
2023-05-28T01:39:43,1,14,0,15
2023-05-28T01:51:18,1,14,0,15
2023-05-28T02:02:54,1,14,0,15
2023-05-28T02:14:30,1,14,0,15
2023-05-28T02:26:06,1,14,0,15
2023-05-28T02:37:45,1,14,0,15
2023-05-28T02:49:26,1,14,0,15
2023-05-28T03:01:06,1,14,0,15
2023-05-28T03:12:47,1,14,0,15
2023-05-28T03:24:27,1,14,0,15
2023-05-28T03:36:06,1,14,0,15
2023-05-28T03:48:44,1,14,0,15
2023-05-28T04:00:52,1,14,0,15
2023-05-28T04:12:31,1,14,0,15
2023-05-28T04:26:30,1,14,0,15
2023-05-28T04:39:27,1,14,0,15
2023-05-28T04:51:25,1,14,0,15
2023-05-28T05:03:05,1,14,0,15
2023-05-28T05:14:43,1,14,0,15
2023-05-28T05:26:21,1,14,0,15
2023-05-28T05:38:04,1,14,0,15
2023-05-28T05:49:44,1,14,0,15
2023-05-28T06:01:23,1,14,0,15
2023-05-28T06:13:02,1,14,0,15
2023-05-28T06:24:41,1,14,0,15
2023-05-28T06:36:19,1,14,0,15
2023-05-28T06:47:57,1,14,0,15
2023-05-28T06:59:35,1,14,0,15
2023-05-28T07:11:13,1,14,0,15
2023-05-28T07:22:51,1,14,0,15
2023-05-28T07:34:30,1,14,0,15
2023-05-28T07:46:08,1,14,0,15
2023-05-28T07:57:50,1,14,0,15
2023-05-28T08:09:29,1,14,0,15
2023-05-28T08:21:08,1,14,0,15
2023-05-28T08:32:46,1,14,0,15
2023-05-28T08:44:23,1,14,0,15
2023-05-28T08:56:03,1,14,0,15
2023-05-28T09:07:40,1,14,0,15
2023-05-28T09:19:25,1,14,0,15
2023-05-28T09:31:01,1,14,0,15
2023-05-28T09:42:36,1,14,0,15
2023-05-28T09:54:13,1,14,0,15
2023-05-28T10:05:49,1,14,0,15
2023-05-28T10:17:25,1,14,0,15
2023-05-28T10:29:01,1,14,0,15
2023-05-28T10:40:36,1,14,0,15
2023-05-28T10:52:12,1,14,0,15
2023-05-28T11:03:48,1,14,0,15
2023-05-28T11:15:24,1,14,0,15
2023-05-28T11:27:00,1,14,0,15
2023-05-28T11:38:36,1,14,0,15
2023-05-28T11:50:11,1,14,0,15
2023-05-28T12:01:56,1,14,0,15
2023-05-28T12:13:31,1,14,0,15
2023-05-28T12:25:07,1,14,0,15
2023-05-28T12:36:43,1,14,0,15
2023-05-28T12:48:19,1,14,0,15
2023-05-28T12:59:55,1,14,0,15
2023-05-28T13:11:31,1,14,0,15
2023-05-28T13:23:07,1,14,0,15
2023-05-28T13:34:42,1,14,0,15
2023-05-28T13:46:18,1,14,0,15
2023-05-28T13:57:53,1,14,0,15
2023-05-28T14:09:37,1,14,0,15
2023-05-28T14:21:12,1,14,0,15
2023-05-28T14:32:48,1,14,0,15
2023-05-28T14:44:23,1,14,0,15
2023-05-28T14:55:59,1,14,0,15
2023-05-28T15:07:35,1,14,0,15
2023-05-28T15:19:11,1,14,0,15
2023-05-28T15:30:46,1,14,0,15
2023-05-28T15:42:21,1,14,0,15
2023-05-28T15:53:57,1,14,0,15
2023-05-28T16:05:33,1,14,0,15
2023-05-28T16:17:19,1,14,0,15
2023-05-28T16:28:55,1,14,0,15
2023-05-28T16:40:30,1,14,0,15
2023-05-28T16:52:05,1,14,0,15
2023-05-28T17:03:41,1,14,0,15
2023-05-28T17:15:17,1,14,0,15
2023-05-28T17:26:52,1,14,0,15
2023-05-28T17:38:27,1,14,0,15
2023-05-28T17:50:03,1,14,0,15
2023-05-28T18:01:48,1,14,0,15
2023-05-28T18:13:24,1,14,0,15
2023-05-28T18:24:59,1,14,0,15
2023-05-28T18:36:35,1,14,0,15
2023-05-28T18:48:10,1,14,0,15
2023-05-28T18:59:45,1,14,0,15
2023-05-28T19:11:23,1,14,0,15
2023-05-28T19:22:58,1,14,0,15
2023-05-28T19:34:34,1,14,0,15
2023-05-28T19:46:18,1,14,0,15
2023-05-28T19:57:54,1,14,0,15
2023-05-28T20:09:29,1,14,0,15
2023-05-28T20:21:05,1,14,0,15
2023-05-28T20:32:40,1,14,0,15
2023-05-28T20:44:15,1,14,0,15
2023-05-28T20:55:50,1,14,0,15
2023-05-28T21:07:26,1,14,0,15
2023-05-28T21:19:01,1,14,0,15
2023-05-28T21:30:46,1,14,0,15
2023-05-28T21:42:22,1,14,0,15
2023-05-28T21:53:58,1,14,0,15
2023-05-28T22:05:32,1,14,0,15
2023-05-28T22:17:08,1,14,0,15
2023-05-28T22:28:44,1,14,0,15
2023-05-28T22:40:19,1,14,0,15
2023-05-28T22:51:55,1,14,0,15
2023-05-28T23:03:44,1,14,0,15
2023-05-28T23:15:20,1,14,0,15
2023-05-28T23:26:56,1,14,0,15
2023-05-28T23:38:33,1,14,0,15
2023-05-28T23:50:09,1,14,0,15
2023-05-29T00:01:45,1,14,0,15
2023-05-29T00:13:32,1,14,0,15
2023-05-29T00:25:16,1,14,0,15
2023-05-29T00:36:58,1,14,0,15
2023-05-29T00:48:35,1,14,0,15
2023-05-29T01:00:24,1,14,0,15
2023-05-29T01:12:05,1,14,0,15
2023-05-29T01:23:44,1,14,0,15
2023-05-29T01:35:22,1,14,0,15
2023-05-29T01:47:00,1,14,0,15
2023-05-29T01:58:38,1,14,0,15
2023-05-29T02:10:24,1,14,0,15
2023-05-29T02:22:01,1,14,0,15
2023-05-29T02:33:39,1,14,0,15
2023-05-29T02:45:15,1,14,0,15
2023-05-29T02:56:52,1,14,0,15
2023-05-29T03:08:28,1,14,0,15
2023-05-29T03:20:06,1,14,0,15
2023-05-29T03:31:44,1,14,0,15
2023-05-29T03:43:30,1,14,0,15
2023-05-29T03:55:08,1,14,0,15
2023-05-29T04:06:47,1,14,0,15
2023-05-29T04:18:28,1,14,0,15
2023-05-29T04:29:31,1,14,0,15
2023-05-29T04:41:10,1,14,0,15
2023-05-29T04:54:19,1,14,0,15
2023-05-29T05:06:00,1,14,0,15
2023-05-29T05:17:39,1,14,0,15
2023-05-29T05:29:17,1,14,0,15
2023-05-29T05:40:56,1,14,0,15
2023-05-29T05:52:35,1,14,0,15
2023-05-29T06:04:13,1,14,0,15
2023-05-29T06:15:52,1,14,0,15
2023-05-29T06:27:30,1,14,0,15
2023-05-29T06:39:08,1,14,0,15
2023-05-29T06:50:45,1,14,0,15
2023-05-29T07:02:25,1,14,0,15
2023-05-29T07:14:01,1,14,0,15
2023-05-29T07:25:44,1,14,0,15
2023-05-29T07:37:19,1,14,0,15
2023-05-29T07:48:55,1,14,0,15
2023-05-29T08:00:30,1,14,0,15
2023-05-29T08:12:05,1,14,0,15
2023-05-29T08:23:40,1,14,0,15
2023-05-29T08:35:15,1,14,0,15
2023-05-29T08:46:51,1,14,0,15
2023-05-29T08:58:26,1,14,0,15
2023-05-29T09:10:01,1,14,0,15
2023-05-29T09:21:37,1,14,0,15
2023-05-29T09:33:12,1,14,0,15
2023-05-29T09:44:47,1,14,0,15
2023-05-29T09:56:33,1,14,0,15
2023-05-29T10:08:08,1,14,0,15
2023-05-29T10:19:43,1,14,0,15
2023-05-29T10:31:19,1,14,0,15
2023-05-29T10:42:54,1,14,0,15
2023-05-29T10:54:29,1,14,0,15
2023-05-29T11:06:04,1,14,0,15
2023-05-29T11:17:49,1,14,0,15
2023-05-29T11:29:24,1,14,0,15
2023-05-29T11:40:59,1,14,0,15
2023-05-29T11:52:34,1,14,0,15
2023-05-29T12:04:09,1,14,0,15
2023-05-29T12:15:44,1,14,0,15
2023-05-29T12:27:30,1,14,0,15
2023-05-29T12:39:06,1,14,0,15
2023-05-29T12:50:41,2,13,0,15
2023-05-29T13:02:18,2,13,0,15
2023-05-29T13:13:53,2,13,0,15
2023-05-29T13:25:38,2,13,0,15
2023-05-29T13:37:15,2,13,0,15
2023-05-29T13:48:50,2,13,0,15
2023-05-29T14:00:26,2,13,0,15
2023-05-29T14:12:13,2,13,0,15
2023-05-29T14:23:49,2,13,0,15
2023-05-29T14:35:26,2,13,0,15
2023-05-29T14:47:02,2,13,0,15
2023-05-29T14:58:50,2,13,0,15
2023-05-29T15:10:26,2,13,0,15
2023-05-29T15:22:02,2,13,0,15
2023-05-29T15:33:38,2,13,0,15
2023-05-29T15:45:14,2,13,0,15
2023-05-29T15:57:01,2,13,0,15
2023-05-29T16:08:37,2,13,0,15
2023-05-29T16:20:16,2,13,0,15
2023-05-29T16:31:53,2,13,0,15
2023-05-29T16:43:38,2,13,0,15
2023-05-29T16:55:15,2,13,0,15
2023-05-29T17:06:52,2,13,0,15
2023-05-29T17:18:31,2,13,0,15
2023-05-29T17:30:08,2,13,0,15
2023-05-29T17:41:53,2,13,0,15
2023-05-29T17:53:31,2,13,0,15
2023-05-29T18:05:08,2,13,0,15
2023-05-29T18:16:45,2,13,0,15
2023-05-29T18:28:22,2,13,0,15
2023-05-29T18:40:12,2,13,0,15
2023-05-29T18:51:49,2,13,0,15
2023-05-29T19:03:25,2,13,0,15
2023-05-29T19:15:02,2,13,0,15
2023-05-29T19:26:38,2,13,0,15
2023-05-29T19:38:23,2,13,0,15
2023-05-29T19:49:59,2,13,0,15
2023-05-29T20:01:38,2,13,0,15
2023-05-29T20:13:15,2,13,0,15
2023-05-29T20:24:52,2,13,0,15
2023-05-29T20:36:39,2,13,0,15
2023-05-29T20:48:14,2,13,0,15
2023-05-29T20:59:50,2,13,0,15
2023-05-29T21:11:27,2,13,0,15
2023-05-29T21:23:05,2,13,0,15
2023-05-29T21:34:54,2,13,0,15
2023-05-29T21:46:31,2,13,0,15
2023-05-29T21:58:09,2,13,0,15
2023-05-29T22:09:44,2,13,0,15
2023-05-29T22:21:20,2,13,0,15
2023-05-29T22:33:05,2,13,0,15
2023-05-29T22:44:41,2,13,0,15
2023-05-29T22:56:17,2,13,0,15
2023-05-29T23:07:54,2,13,0,15
2023-05-29T23:19:30,2,13,0,15
2023-05-29T23:31:06,2,13,0,15
2023-05-29T23:42:52,2,13,0,15
2023-05-29T23:54:29,2,13,0,15
2023-05-30T00:06:06,2,13,0,15
2023-05-30T00:17:44,2,13,0,15
2023-05-30T00:29:20,2,13,0,15
2023-05-30T00:40:59,2,13,0,15
2023-05-30T00:52:46,2,13,0,15
2023-05-30T01:04:23,2,13,0,15
2023-05-30T01:16:01,2,13,0,15
2023-05-30T01:27:38,2,13,0,15
2023-05-30T01:39:15,2,13,0,15
2023-05-30T01:50:51,2,13,0,15
2023-05-30T02:02:27,2,13,0,15
2023-05-30T02:14:05,2,13,0,15
2023-05-30T02:25:50,2,13,0,15
2023-05-30T02:37:27,2,13,0,15
2023-05-30T02:49:13,2,13,0,15
2023-05-30T03:00:51,2,13,0,15
2023-05-30T03:12:30,2,13,0,15
2023-05-30T03:24:07,2,13,0,15
2023-05-30T03:35:46,2,13,0,15
2023-05-30T03:47:24,2,13,0,15
2023-05-30T03:59:02,2,13,0,15
2023-05-30T04:10:39,2,13,0,15
2023-05-30T04:32:47,2,13,0,15
2023-05-30T04:44:28,2,13,0,15
2023-05-30T04:56:08,2,13,0,15
2023-05-30T05:07:48,2,13,0,15
2023-05-30T05:19:27,2,13,0,15
2023-05-30T05:31:05,2,13,0,15
2023-05-30T05:42:44,2,13,0,15
2023-05-30T05:54:23,2,13,0,15
2023-05-30T06:06:01,2,13,0,15
2023-05-30T06:17:39,2,13,0,15
2023-05-30T06:29:18,2,13,0,15
2023-05-30T06:40:57,2,13,0,15
2023-05-30T06:52:35,2,13,0,15
2023-05-30T07:04:13,2,13,0,15
2023-05-30T07:15:50,2,13,0,15
2023-05-30T07:27:26,2,13,0,15
2023-05-30T07:39:05,2,13,0,15
2023-05-30T07:50:41,2,13,0,15
2023-05-30T08:02:17,2,13,0,15
2023-05-30T08:13:53,2,13,0,15
2023-05-30T08:25:40,2,13,0,15
2023-05-30T08:37:16,2,13,0,15
2023-05-30T08:48:53,2,13,0,15
2023-05-30T09:00:29,2,13,0,15
2023-05-30T09:12:06,2,13,0,15
2023-05-30T09:23:43,3,12,0,15
2023-05-30T09:35:33,3,12,0,15
2023-05-30T09:47:10,3,12,0,15
2023-05-30T09:58:47,3,12,0,15
2023-05-30T10:10:27,3,12,0,15
2023-05-30T10:22:06,3,12,0,15
2023-05-30T10:33:56,3,12,0,15
2023-05-30T10:45:39,3,12,0,15
2023-05-30T10:57:17,3,12,0,15
2023-05-30T11:09:13,3,12,0,15
2023-05-30T11:20:54,3,12,0,15
2023-05-30T11:32:46,3,12,0,15
2023-05-30T11:44:25,3,12,0,15
2023-05-30T11:56:04,4,11,0,15
2023-05-30T12:07:45,4,11,0,15
2023-05-30T12:19:34,4,11,0,15
2023-05-30T12:31:13,4,11,0,15
2023-05-30T12:42:55,4,11,0,15
2023-05-30T12:54:49,4,11,0,15
2023-05-30T13:06:32,4,11,0,15
2023-05-30T13:18:13,4,11,0,15
2023-05-30T13:30:04,4,11,0,15
2023-05-30T13:41:47,4,11,0,15
2023-05-30T13:53:27,4,11,0,15
2023-05-30T14:05:17,4,11,0,15
2023-05-30T14:17:00,5,10,0,15
2023-05-30T14:28:40,5,10,0,15
2023-05-30T14:40:34,5,10,0,15
2023-05-30T14:52:14,5,10,0,15
2023-05-30T15:03:54,5,10,0,15
2023-05-30T15:15:45,5,10,0,15
2023-05-30T15:27:25,5,10,0,15
2023-05-30T15:39:05,5,10,0,15
2023-05-30T15:50:59,5,10,0,15
2023-05-30T16:02:44,5,10,0,15
2023-05-30T16:14:24,5,10,0,15
2023-05-30T16:26:15,5,10,0,15
2023-05-30T16:37:56,5,10,0,15
2023-05-30T16:49:34,5,10,0,15
2023-05-30T17:01:25,5,10,0,15
2023-05-30T17:13:06,6,9,0,15
2023-05-30T17:24:45,7,8,0,15
2023-05-30T17:36:34,7,8,0,15
2023-05-30T17:48:12,7,8,0,15
2023-05-30T17:59:50,7,8,0,15
2023-05-30T18:11:39,7,8,0,15
2023-05-30T18:23:30,7,8,0,15
2023-05-30T18:35:10,7,8,0,15
2023-05-30T18:46:47,7,8,0,15
2023-05-30T18:58:24,7,8,0,15
2023-05-30T19:10:17,7,8,0,15
2023-05-30T19:21:57,7,8,0,15
2023-05-30T19:33:37,7,8,0,15
2023-05-30T19:45:16,7,8,0,15
2023-05-30T19:57:04,7,8,0,15
2023-05-30T20:08:42,7,8,0,15
2023-05-30T20:20:21,7,8,0,15
2023-05-30T20:32:00,7,8,0,15
2023-05-30T20:43:38,7,8,0,15
2023-05-30T20:55:29,7,8,0,15
2023-05-30T21:07:08,7,8,0,15
2023-05-30T21:18:45,7,8,0,15
2023-05-30T21:30:26,7,8,0,15
2023-05-30T21:42:16,7,8,0,15
2023-05-30T21:53:53,8,7,0,15
2023-05-30T22:05:32,8,7,0,15
2023-05-30T22:17:09,8,7,0,15
2023-05-30T22:28:45,8,7,0,15
2023-05-30T22:40:33,8,7,0,15
2023-05-30T22:52:08,8,7,0,15
2023-05-30T23:03:45,8,7,0,15
2023-05-30T23:15:24,8,7,0,15
2023-05-30T23:27:00,8,7,0,15
2023-05-30T23:38:48,8,7,0,15
2023-05-30T23:50:25,8,7,0,15
2023-05-31T00:02:02,8,7,0,15
2023-05-31T00:13:41,8,7,0,15
2023-05-31T00:25:22,8,7,0,15
2023-05-31T00:37:00,8,7,0,15
2023-05-31T00:48:39,8,7,0,15
2023-05-31T01:00:17,8,7,0,15
2023-05-31T01:12:06,8,7,0,15
2023-05-31T01:23:47,8,7,0,15
2023-05-31T01:35:26,8,7,0,15
2023-05-31T01:47:05,8,7,0,15
2023-05-31T01:58:43,8,7,0,15
2023-05-31T02:10:22,8,7,0,15
2023-05-31T02:22:00,8,7,0,15
2023-05-31T02:33:39,8,7,0,15
2023-05-31T02:45:17,8,7,0,15
2023-05-31T02:56:54,8,7,0,15
2023-05-31T03:08:44,8,7,0,15
2023-05-31T03:20:24,8,7,0,15
2023-05-31T03:32:03,8,7,0,15
2023-05-31T03:43:43,8,7,0,15
2023-05-31T03:55:23,8,7,0,15
2023-05-31T04:07:17,8,7,0,15
2023-05-31T04:29:23,8,7,0,15
2023-05-31T04:42:32,8,7,0,15
2023-05-31T04:54:13,8,7,0,15
2023-05-31T05:05:55,8,7,0,15
2023-05-31T05:17:35,8,7,0,15
2023-05-31T05:29:14,8,7,0,15
2023-05-31T05:40:56,8,7,0,15
2023-05-31T05:52:36,8,7,0,15
2023-05-31T06:04:15,8,7,0,15
2023-05-31T06:15:54,8,7,0,15
2023-05-31T06:27:32,8,7,0,15
2023-05-31T06:39:11,8,7,0,15
2023-05-31T06:50:51,8,7,0,15
2023-05-31T07:02:30,8,7,0,15
2023-05-31T07:14:07,8,7,0,15
2023-05-31T07:25:45,8,7,0,15
2023-05-31T07:37:26,8,7,0,15
2023-05-31T07:49:04,8,7,0,15
2023-05-31T08:00:42,8,7,0,15
2023-05-31T08:12:29,8,7,0,15
2023-05-31T08:24:08,8,7,0,15
2023-05-31T08:35:46,8,7,0,15
2023-05-31T08:47:25,8,7,0,15
2023-05-31T08:59:05,8,7,0,15
2023-05-31T09:10:46,8,7,0,15
2023-05-31T09:22:27,8,7,0,15
2023-05-31T09:34:05,8,7,0,15
2023-05-31T09:45:55,8,7,0,15
2023-05-31T09:57:34,8,7,0,15
2023-05-31T10:09:13,8,7,0,15
2023-05-31T10:20:53,8,7,0,15
2023-05-31T10:32:34,8,7,0,15
2023-05-31T10:44:25,8,7,0,15
2023-05-31T10:56:07,8,7,0,15
2023-05-31T11:07:46,8,7,0,15
2023-05-31T11:19:25,8,7,0,15
2023-05-31T11:31:17,8,7,0,15
2023-05-31T11:42:57,8,7,0,15
2023-05-31T11:54:36,8,7,0,15
2023-05-31T12:06:25,8,7,0,15
2023-05-31T12:18:04,8,7,0,15
2023-05-31T12:29:43,8,7,0,15
2023-05-31T12:41:22,8,7,0,15
2023-05-31T12:53:11,8,7,0,15
2023-05-31T13:04:49,8,7,0,15
2023-05-31T13:16:26,8,7,0,15
2023-05-31T13:28:04,8,7,0,15
2023-05-31T13:39:44,8,7,0,15
2023-05-31T13:51:32,8,7,0,15
2023-05-31T14:03:09,8,7,0,15
2023-05-31T14:14:47,8,7,0,15
2023-05-31T14:26:25,8,7,0,15
2023-05-31T14:38:03,8,7,0,15
2023-05-31T14:49:53,8,7,0,15
2023-05-31T15:01:33,8,7,0,15
2023-05-31T15:13:12,8,7,0,15
2023-05-31T15:24:51,8,7,0,15
2023-05-31T15:36:29,8,7,0,15
2023-05-31T15:48:17,8,7,0,15
2023-05-31T15:59:55,8,7,0,15
2023-05-31T16:11:33,8,7,0,15
2023-05-31T16:23:11,8,7,0,15
2023-05-31T16:34:49,8,7,0,15
2023-05-31T16:46:38,8,7,0,15
2023-05-31T16:58:16,8,7,0,15
2023-05-31T17:09:55,8,7,0,15
2023-05-31T17:21:35,8,7,0,15
2023-05-31T17:33:13,8,7,0,15
2023-05-31T17:44:52,8,7,0,15
2023-05-31T17:56:41,8,7,0,15
2023-05-31T18:08:19,8,7,0,15
2023-05-31T18:19:57,8,7,0,15
2023-05-31T18:31:35,8,7,0,15
2023-05-31T18:43:13,8,7,0,15
2023-05-31T18:54:51,8,7,0,15
2023-05-31T19:06:30,8,7,0,15
2023-05-31T19:18:08,8,7,0,15
2023-05-31T19:29:57,8,7,0,15
2023-05-31T19:41:35,8,7,0,15
2023-05-31T19:53:13,8,7,0,15
2023-05-31T20:04:51,8,7,0,15
2023-05-31T20:16:29,8,7,0,15
2023-05-31T20:28:07,8,7,0,15
2023-05-31T20:39:44,8,7,0,15
2023-05-31T20:51:33,8,7,0,15
2023-05-31T21:03:11,8,7,0,15
2023-05-31T21:14:49,8,7,0,15
2023-05-31T21:26:27,8,7,0,15
2023-05-31T21:38:04,8,7,0,15
2023-05-31T21:49:42,8,7,0,15
2023-05-31T22:01:20,8,7,0,15
2023-05-31T22:13:09,8,7,0,15
2023-05-31T22:24:46,8,7,0,15
2023-05-31T22:36:25,8,7,0,15
2023-05-31T22:48:03,8,7,0,15
2023-05-31T22:59:41,8,7,0,15
2023-05-31T23:11:20,8,7,0,15
2023-05-31T23:22:58,8,7,0,15
2023-05-31T23:34:48,8,7,0,15
2023-05-31T23:46:27,8,7,0,15
2023-05-31T23:58:05,8,7,0,15
2023-06-01T00:09:46,8,7,0,15
2023-06-01T00:21:32,8,7,0,15
2023-06-01T00:33:12,8,7,0,15
2023-06-01T00:44:54,8,7,0,15
2023-06-01T00:56:36,8,7,0,15
2023-06-01T01:08:17,8,7,0,15
2023-06-01T01:19:58,8,7,0,15
2023-06-01T01:31:50,8,7,0,15
2023-06-01T01:43:29,8,7,0,15
2023-06-01T01:55:09,8,7,0,15
2023-06-01T02:06:48,8,7,0,15
2023-06-01T02:18:26,8,7,0,15
2023-06-01T02:30:05,8,7,0,15
2023-06-01T02:41:45,8,7,0,15
2023-06-01T02:53:24,8,7,0,15
2023-06-01T03:05:05,8,7,0,15
2023-06-01T03:16:47,8,7,0,15
2023-06-01T03:28:28,8,7,0,15
2023-06-01T03:40:09,8,7,0,15
2023-06-01T03:51:51,8,7,0,15
2023-06-01T04:03:31,8,7,0,15
2023-06-01T04:15:13,8,7,0,15
2023-06-01T04:29:07,8,7,0,15
2023-06-01T04:40:52,8,7,0,15
2023-06-01T04:54:11,8,7,0,15
2023-06-01T05:05:54,8,7,0,15
2023-06-01T05:17:36,8,7,0,15
2023-06-01T05:29:17,8,7,0,15
2023-06-01T05:40:59,8,7,0,15
2023-06-01T05:52:40,8,7,0,15
2023-06-01T06:04:22,8,7,0,15
2023-06-01T06:16:03,8,7,0,15
2023-06-01T06:27:44,8,7,0,15
2023-06-01T06:39:25,8,7,0,15
2023-06-01T06:51:06,8,7,0,15
2023-06-01T07:02:47,8,7,0,15
2023-06-01T07:14:28,8,7,0,15
2023-06-01T07:26:08,8,7,0,15
2023-06-01T07:37:48,8,7,0,15
2023-06-01T07:49:27,8,7,0,15
2023-06-01T08:01:07,8,7,0,15
2023-06-01T08:12:52,8,7,0,15
2023-06-01T08:24:32,8,7,0,15
2023-06-01T08:36:12,8,7,0,15
2023-06-01T08:48:02,8,7,0,15
2023-06-01T08:59:42,8,7,0,15
2023-06-01T09:11:22,8,7,0,15
2023-06-01T09:23:02,8,7,0,15
2023-06-01T09:34:41,8,7,0,15
2023-06-01T09:46:19,8,7,0,15
2023-06-01T09:57:59,8,7,0,15
2023-06-01T10:09:39,8,7,0,15
2023-06-01T10:21:17,8,7,0,15
2023-06-01T10:32:56,8,7,0,15
2023-06-01T10:44:45,8,7,0,15
2023-06-01T10:56:23,8,7,0,15
2023-06-01T11:08:01,8,7,0,15
2023-06-01T11:19:40,8,7,0,15
2023-06-01T11:31:18,8,7,0,15
2023-06-01T11:42:55,8,7,0,15
2023-06-01T11:54:44,8,7,0,15
2023-06-01T12:06:22,8,7,0,15
2023-06-01T12:18:00,8,7,0,15
2023-06-01T12:29:38,8,7,0,15
2023-06-01T12:41:16,8,7,0,15
2023-06-01T12:52:55,8,7,0,15
2023-06-01T13:04:45,8,7,0,15
2023-06-01T13:16:23,8,7,0,15
2023-06-01T13:28:01,8,7,0,15
2023-06-01T13:39:39,8,7,0,15
2023-06-01T13:51:18,8,7,0,15
2023-06-01T14:02:57,8,7,0,15
2023-06-01T14:14:47,8,7,0,15
2023-06-01T14:26:25,8,7,0,15
2023-06-01T14:38:04,9,6,0,15
2023-06-01T14:49:42,9,6,0,15
2023-06-01T15:01:22,9,6,0,15
2023-06-01T15:13:03,9,6,0,15
2023-06-01T15:24:53,9,6,0,15
2023-06-01T15:36:32,9,6,0,15
2023-06-01T15:48:11,9,6,0,15
2023-06-01T15:59:49,9,6,0,15
2023-06-01T16:11:28,9,6,0,15
2023-06-01T16:23:07,9,6,0,15
2023-06-01T16:34:57,9,6,0,15
2023-06-01T16:46:36,9,6,0,15
2023-06-01T16:58:14,9,6,0,15
2023-06-01T17:09:54,9,6,0,15
2023-06-01T17:21:34,9,6,0,15
2023-06-01T17:33:12,9,6,0,15
2023-06-01T17:44:51,9,6,0,15
2023-06-01T17:56:30,9,6,0,15
2023-06-01T18:08:19,9,6,0,15
2023-06-01T18:19:59,9,6,0,15
2023-06-01T18:31:40,9,6,0,15
2023-06-01T18:43:20,9,6,0,15
2023-06-01T18:55:00,9,6,0,15
2023-06-01T19:06:41,9,6,0,15
2023-06-01T19:18:21,9,6,0,15
2023-06-01T19:30:02,9,6,0,15
2023-06-01T19:41:43,9,6,0,15
2023-06-01T19:53:35,9,6,0,15
2023-06-01T20:05:15,9,6,0,15
2023-06-01T20:16:56,9,6,0,15
2023-06-01T20:28:37,9,6,0,15
2023-06-01T20:40:17,9,6,0,15
2023-06-01T20:51:57,9,6,0,15
2023-06-01T21:03:38,9,6,0,15
2023-06-01T21:15:18,9,6,0,15
2023-06-01T21:26:59,9,6,0,15
2023-06-01T21:38:51,9,6,0,15
2023-06-01T21:50:31,9,6,0,15
2023-06-01T22:02:11,9,6,0,15
2023-06-01T22:13:52,9,6,0,15
2023-06-01T22:25:32,9,6,0,15
2023-06-01T22:37:23,9,6,0,15
2023-06-01T22:49:03,9,6,0,15
2023-06-01T23:00:44,9,6,0,15
2023-06-01T23:12:25,9,6,0,15
2023-06-01T23:24:06,9,6,0,15
2023-06-01T23:35:47,9,6,0,15
2023-06-01T23:47:27,9,6,0,15
2023-06-01T23:59:08,9,6,0,15
2023-06-02T00:11:01,9,6,0,15
2023-06-02T00:22:47,9,6,0,15
2023-06-02T00:34:31,9,6,0,15
2023-06-02T00:46:16,9,6,0,15
2023-06-02T00:58:02,9,6,0,15
2023-06-02T01:09:47,9,6,0,15
2023-06-02T01:21:32,9,6,0,15
2023-06-02T01:33:16,9,6,0,15
2023-06-02T01:45:00,9,6,0,15
2023-06-02T01:56:45,9,6,0,15
2023-06-02T02:08:29,9,6,0,15
2023-06-02T02:20:12,9,6,0,15
2023-06-02T02:31:54,9,6,0,15
2023-06-02T02:43:37,9,6,0,15
2023-06-02T02:55:30,9,6,0,15
2023-06-02T03:07:13,9,6,0,15
2023-06-02T03:18:57,9,6,0,15
2023-06-02T03:30:41,9,6,0,15
2023-06-02T03:42:25,9,6,0,15
2023-06-02T03:54:08,9,6,0,15
2023-06-02T04:05:51,9,6,0,15
2023-06-02T04:26:26,9,6,0,15
2023-06-02T04:39:23,9,6,0,15
2023-06-02T04:51:24,9,6,0,15
2023-06-02T05:03:08,9,6,0,15
2023-06-02T05:14:52,9,6,0,15
2023-06-02T05:26:36,9,6,0,15
2023-06-02T05:38:38,9,6,0,15
2023-06-02T05:50:22,9,6,0,15
2023-06-02T06:02:07,9,6,0,15
2023-06-02T06:13:50,9,6,0,15
2023-06-02T06:25:32,9,6,0,15
2023-06-02T06:37:16,9,6,0,15
2023-06-02T06:48:58,9,6,0,15
2023-06-02T07:00:40,9,6,0,15
2023-06-02T07:12:23,9,6,0,15
2023-06-02T07:24:05,9,6,0,15
2023-06-02T07:35:47,9,6,0,15
2023-06-02T07:47:29,9,6,0,15
2023-06-02T07:59:11,9,6,0,15
2023-06-02T08:11:05,9,6,0,15
2023-06-02T08:22:47,9,6,0,15
2023-06-02T08:34:29,9,6,0,15
2023-06-02T08:46:11,9,6,0,15
2023-06-02T08:57:54,9,6,0,15
2023-06-02T09:09:36,9,6,0,15
2023-06-02T09:21:20,9,6,0,15
2023-06-02T09:33:02,9,6,0,15
2023-06-02T09:44:44,9,6,0,15
2023-06-02T09:56:27,9,6,0,15
2023-06-02T10:08:08,9,6,0,15
2023-06-02T10:20:01,9,6,0,15
2023-06-02T10:31:42,9,6,0,15
2023-06-02T10:43:23,9,6,0,15
2023-06-02T10:55:03,9,6,0,15
2023-06-02T11:06:44,9,6,0,15
2023-06-02T11:18:25,9,6,0,15
2023-06-02T11:30:06,9,6,0,15
2023-06-02T11:41:57,9,6,0,15
2023-06-02T11:53:37,9,6,0,15
2023-06-02T12:05:18,9,6,0,15
2023-06-02T12:16:58,9,6,0,15
2023-06-02T12:28:38,9,6,0,15
2023-06-02T12:40:19,9,6,0,15
2023-06-02T12:51:59,9,6,0,15
2023-06-02T13:03:52,9,6,0,15
2023-06-02T13:15:32,9,6,0,15
2023-06-02T13:27:12,9,6,0,15
2023-06-02T13:38:53,9,6,0,15
2023-06-02T13:50:34,9,6,0,15
2023-06-02T14:02:14,9,6,0,15
2023-06-02T14:13:55,9,6,0,15
2023-06-02T14:25:47,9,6,0,15
2023-06-02T14:37:28,9,6,0,15
2023-06-02T14:49:08,9,6,0,15
2023-06-02T15:00:49,9,6,0,15
2023-06-02T15:12:30,9,6,0,15
2023-06-02T15:24:11,9,6,0,15
2023-06-02T15:35:54,9,6,0,15
2023-06-02T15:47:46,9,6,0,15
2023-06-02T15:59:27,9,6,0,15
2023-06-02T16:11:10,9,6,0,15
2023-06-02T16:22:51,9,6,0,15
2023-06-02T16:34:33,9,6,0,15
2023-06-02T16:46:15,9,6,0,15
2023-06-02T16:57:57,9,6,0,15
2023-06-02T17:09:39,9,6,0,15
2023-06-02T17:21:32,9,6,0,15
2023-06-02T17:33:13,9,6,0,15
2023-06-02T17:44:53,9,6,0,15
2023-06-02T17:56:34,9,6,0,15
2023-06-02T18:08:15,9,6,0,15
2023-06-02T18:19:56,9,6,0,15
2023-06-02T18:31:37,9,6,0,15
2023-06-02T18:43:18,9,6,0,15
2023-06-02T18:54:59,9,6,0,15
2023-06-02T19:06:40,9,6,0,15
2023-06-02T19:18:33,9,6,0,15
2023-06-02T19:30:14,9,6,0,15
2023-06-02T19:41:55,9,6,0,15
2023-06-02T19:53:37,9,6,0,15
2023-06-02T20:05:18,9,6,0,15
2023-06-02T20:16:59,9,6,0,15
2023-06-02T20:28:41,9,6,0,15
2023-06-02T20:40:21,9,6,0,15
2023-06-02T20:52:03,9,6,0,15
2023-06-02T21:03:44,9,6,0,15
2023-06-02T21:15:25,9,6,0,15
2023-06-02T21:27:18,9,6,0,15
2023-06-02T21:38:58,9,6,0,15
2023-06-02T21:50:39,9,6,0,15
2023-06-02T22:02:20,9,6,0,15
2023-06-02T22:14:01,9,6,0,15
2023-06-02T22:25:42,9,6,0,15
2023-06-02T22:37:23,9,6,0,15
2023-06-02T22:49:04,9,6,0,15
2023-06-02T23:00:45,9,6,0,15
2023-06-02T23:12:28,9,6,0,15
2023-06-02T23:24:09,9,6,0,15
2023-06-02T23:36:01,9,6,0,15
2023-06-02T23:47:43,9,6,0,15
2023-06-02T23:59:24,9,6,0,15
2023-06-03T00:11:45,9,6,0,15
2023-06-03T00:23:34,9,6,0,15
2023-06-03T00:35:18,9,6,0,15
2023-06-03T00:47:02,9,6,0,15
2023-06-03T00:58:47,9,6,0,15
2023-06-03T01:10:30,9,6,0,15
2023-06-03T01:22:17,9,6,0,15
2023-06-03T01:34:01,9,6,0,15
2023-06-03T01:45:55,9,6,0,15
2023-06-03T01:57:39,9,6,0,15
2023-06-03T02:09:22,9,6,0,15
2023-06-03T02:21:05,9,6,0,15
2023-06-03T02:32:48,9,6,0,15
2023-06-03T02:44:31,9,6,0,15
2023-06-03T02:56:13,9,6,0,15
2023-06-03T03:07:55,9,6,0,15
2023-06-03T03:19:38,9,6,0,15
2023-06-03T03:31:21,9,6,0,15
2023-06-03T03:43:03,9,6,0,15
2023-06-03T03:54:48,9,6,0,15
2023-06-03T04:06:43,9,6,0,15
2023-06-03T04:21:41,9,6,0,15
2023-06-03T04:33:53,9,6,0,15
2023-06-03T04:45:38,9,6,0,15
2023-06-03T04:57:23,9,6,0,15
2023-06-03T05:09:08,9,6,0,15
2023-06-03T05:20:52,9,6,0,15
2023-06-03T05:32:38,9,6,0,15
2023-06-03T05:44:23,9,6,0,15
2023-06-03T05:56:07,9,6,0,15
2023-06-03T06:07:52,9,6,0,15
2023-06-03T06:19:36,9,6,0,15
2023-06-03T06:31:22,9,6,0,15
2023-06-03T06:43:10,9,6,0,15
2023-06-03T06:54:54,9,6,0,15
2023-06-03T07:06:38,9,6,0,15
2023-06-03T07:18:22,9,6,0,15
2023-06-03T07:30:14,9,6,0,15
2023-06-03T07:41:57,9,6,0,15
2023-06-03T07:53:41,9,6,0,15
2023-06-03T08:05:24,9,6,0,15
2023-06-03T08:17:08,9,6,0,15
2023-06-03T08:28:52,9,6,0,15
2023-06-03T08:40:37,9,6,0,15
2023-06-03T08:52:21,9,6,0,15
2023-06-03T09:04:04,9,6,0,15
2023-06-03T09:15:48,9,6,0,15
2023-06-03T09:27:42,9,6,0,15
2023-06-03T09:39:25,9,6,0,15
2023-06-03T09:51:07,9,6,0,15
2023-06-03T10:02:49,9,6,0,15
2023-06-03T10:14:31,9,6,0,15
2023-06-03T10:26:13,9,6,0,15
2023-06-03T10:37:55,9,6,0,15
2023-06-03T10:49:36,9,6,0,15
2023-06-03T11:01:17,9,6,0,15
2023-06-03T11:12:58,9,6,0,15
2023-06-03T11:24:38,9,6,0,15
2023-06-03T11:36:30,9,6,0,15
2023-06-03T11:48:10,9,6,0,15
2023-06-03T11:59:51,9,6,0,15
2023-06-03T12:11:31,9,6,0,15
2023-06-03T12:23:12,9,6,0,15
2023-06-03T12:34:53,9,6,0,15
2023-06-03T12:46:33,9,6,0,15
2023-06-03T12:58:14,9,6,0,15
2023-06-03T13:09:54,9,6,0,15
2023-06-03T13:21:35,9,6,0,15
2023-06-03T13:33:26,9,6,0,15
2023-06-03T13:45:07,9,6,0,15
2023-06-03T13:56:48,9,6,0,15
2023-06-03T14:08:29,9,6,0,15
2023-06-03T14:20:09,9,6,0,15
2023-06-03T14:31:50,9,6,0,15
2023-06-03T14:43:40,9,6,0,15
2023-06-03T14:55:21,9,6,0,15
2023-06-03T15:07:01,9,6,0,15
2023-06-03T15:18:42,9,6,0,15
2023-06-03T15:30:23,9,6,0,15
2023-06-03T15:42:03,9,6,0,15
2023-06-03T15:53:44,9,6,0,15
2023-06-03T16:05:25,9,6,0,15
2023-06-03T16:17:05,9,6,0,15
2023-06-03T16:28:46,9,6,0,15
2023-06-03T16:40:36,9,6,0,15
2023-06-03T16:52:17,9,6,0,15
2023-06-03T17:03:58,9,6,0,15
2023-06-03T17:15:40,9,6,0,15
2023-06-03T17:27:22,9,6,0,15
2023-06-03T17:39:02,9,6,0,15
2023-06-03T17:50:43,9,6,0,15
2023-06-03T18:02:23,9,6,0,15
2023-06-03T18:14:04,9,6,0,15
2023-06-03T18:25:45,9,6,0,15
2023-06-03T18:37:35,9,6,0,15
2023-06-03T18:49:15,9,6,0,15
2023-06-03T19:00:56,9,6,0,15
2023-06-03T19:12:37,9,6,0,15
2023-06-03T19:24:18,9,6,0,15
2023-06-03T19:35:59,9,6,0,15
2023-06-03T19:47:40,9,6,0,15
2023-06-03T19:59:20,9,6,0,15
2023-06-03T20:11:01,9,6,0,15
2023-06-03T20:22:42,9,6,0,15
2023-06-03T20:34:23,9,6,0,15
2023-06-03T20:46:13,9,6,0,15
2023-06-03T20:57:54,9,6,0,15
2023-06-03T21:09:35,9,6,0,15
2023-06-03T21:21:17,9,6,0,15
2023-06-03T21:32:58,9,6,0,15
2023-06-03T21:44:39,9,6,0,15
2023-06-03T21:56:20,9,6,0,15
2023-06-03T22:08:01,9,6,0,15
2023-06-03T22:19:42,9,6,0,15
2023-06-03T22:31:23,9,6,0,15
2023-06-03T22:43:04,9,6,0,15
2023-06-03T22:54:54,9,6,0,15
2023-06-03T23:06:36,9,6,0,15
2023-06-03T23:18:17,9,6,0,15
2023-06-03T23:29:59,9,6,0,15
2023-06-03T23:41:40,9,6,0,15
2023-06-03T23:53:22,9,6,0,15
2023-06-04T00:05:04,9,6,0,15
2023-06-04T00:16:53,9,6,0,15
2023-06-04T00:28:36,9,6,0,15
2023-06-04T00:40:21,9,6,0,15
2023-06-04T00:52:05,9,6,0,15
2023-06-04T01:03:49,9,6,0,15
2023-06-04T01:15:31,9,6,0,15
2023-06-04T01:27:25,9,6,0,15
2023-06-04T01:39:10,9,6,0,15
2023-06-04T01:50:54,9,6,0,15
2023-06-04T02:02:38,9,6,0,15
2023-06-04T02:14:38,9,6,0,15
2023-06-04T02:26:22,9,6,0,15
2023-06-04T02:38:07,9,6,0,15
2023-06-04T02:49:50,9,6,0,15
2023-06-04T03:01:33,9,6,0,15
2023-06-04T03:13:17,9,6,0,15
2023-06-04T03:25:01,9,6,0,15
2023-06-04T03:36:45,9,6,0,15
2023-06-04T03:48:29,9,6,0,15
2023-06-04T04:00:13,9,6,0,15
2023-06-04T04:11:57,9,6,0,15
2023-06-04T04:27:22,9,6,0,15
2023-06-04T04:40:02,9,6,0,15
2023-06-04T04:51:48,9,6,0,15
2023-06-04T05:03:34,9,6,0,15
2023-06-04T05:15:19,9,6,0,15
2023-06-04T05:27:03,9,6,0,15
2023-06-04T05:38:47,9,6,0,15
2023-06-04T05:50:31,9,6,0,15
2023-06-04T06:02:15,9,6,0,15
2023-06-04T06:13:58,9,6,0,15
2023-06-04T06:25:42,9,6,0,15
2023-06-04T06:37:26,9,6,0,15
2023-06-04T06:49:10,9,6,0,15
2023-06-04T07:00:53,9,6,0,15
2023-06-04T07:12:36,9,6,0,15
2023-06-04T07:24:18,9,6,0,15
2023-06-04T07:35:59,9,6,0,15
2023-06-04T07:47:40,9,6,0,15
2023-06-04T07:59:21,9,6,0,15
2023-06-04T08:11:14,9,6,0,15
2023-06-04T08:22:55,9,6,0,15
2023-06-04T08:34:39,9,6,0,15
2023-06-04T08:46:19,9,6,0,15
2023-06-04T08:58:01,9,6,0,15
2023-06-04T09:09:43,9,6,0,15
2023-06-04T09:21:25,9,6,0,15
2023-06-04T09:33:06,9,6,0,15
2023-06-04T09:44:47,9,6,0,15
2023-06-04T09:56:28,9,6,0,15
2023-06-04T10:08:10,9,6,0,15
2023-06-04T10:19:51,9,6,0,15
2023-06-04T10:31:32,9,6,0,15
2023-06-04T10:43:13,9,6,0,15
2023-06-04T10:54:54,9,6,0,15
2023-06-04T11:06:36,9,6,0,15
2023-06-04T11:18:18,9,6,0,15
2023-06-04T11:30:10,9,6,0,15
2023-06-04T11:41:52,9,6,0,15
2023-06-04T11:53:33,9,6,0,15
2023-06-04T12:05:14,9,6,0,15
2023-06-04T12:16:55,9,6,0,15
2023-06-04T12:28:35,9,6,0,15
2023-06-04T12:40:16,9,6,0,15
2023-06-04T12:51:57,9,6,0,15
2023-06-04T13:03:37,9,6,0,15
2023-06-04T13:15:18,9,6,0,15
2023-06-04T13:26:59,9,6,0,15
2023-06-04T13:38:39,9,6,0,15
2023-06-04T13:50:30,9,6,0,15
2023-06-04T14:02:11,9,6,0,15
2023-06-04T14:13:51,9,6,0,15
2023-06-04T14:25:32,9,6,0,15
2023-06-04T14:37:12,9,6,0,15
2023-06-04T14:48:52,9,6,0,15
2023-06-04T15:00:33,9,6,0,15
2023-06-04T15:12:13,9,6,0,15
2023-06-04T15:23:54,9,6,0,15
2023-06-04T15:35:45,9,6,0,15
2023-06-04T15:47:26,9,6,0,15
2023-06-04T15:59:07,9,6,0,15
2023-06-04T16:10:48,9,6,0,15
2023-06-04T16:22:30,9,6,0,15
2023-06-04T16:34:11,9,6,0,15
2023-06-04T16:45:53,9,6,0,15
2023-06-04T16:57:34,9,6,0,15
2023-06-04T17:09:15,9,6,0,15
2023-06-04T17:20:57,9,6,0,15
2023-06-04T17:32:48,9,6,0,15
2023-06-04T17:44:29,9,6,0,15
2023-06-04T17:56:09,9,6,0,15
2023-06-04T18:07:50,9,6,0,15
2023-06-04T18:19:31,9,6,0,15
2023-06-04T18:31:12,9,6,0,15
2023-06-04T18:42:53,9,6,0,15
2023-06-04T18:54:34,9,6,0,15
2023-06-04T19:06:18,9,6,0,15
2023-06-04T19:18:00,9,6,0,15
2023-06-04T19:29:50,9,6,0,15
2023-06-04T19:41:31,9,6,0,15
2023-06-04T19:53:12,9,6,0,15
2023-06-04T20:04:53,9,6,0,15
2023-06-04T20:16:35,9,6,0,15
2023-06-04T20:28:16,9,6,0,15
2023-06-04T20:39:56,9,6,0,15
2023-06-04T20:51:37,9,6,0,15
2023-06-04T21:03:18,9,6,0,15
2023-06-04T21:15:00,9,6,0,15
2023-06-04T21:26:52,9,6,0,15
2023-06-04T21:38:33,9,6,0,15
2023-06-04T21:50:15,9,6,0,15
2023-06-04T22:01:56,9,6,0,15
2023-06-04T22:13:37,9,6,0,15
2023-06-04T22:25:18,9,6,0,15
2023-06-04T22:36:59,9,6,0,15
2023-06-04T22:48:40,9,6,0,15
2023-06-04T23:00:21,9,6,0,15
2023-06-04T23:12:12,9,6,0,15
2023-06-04T23:23:53,9,6,0,15
2023-06-04T23:35:35,9,6,0,15
2023-06-04T23:47:17,9,6,0,15
2023-06-04T23:58:59,9,6,0,15
2023-06-05T00:10:42,9,6,0,15
2023-06-05T00:22:32,9,6,0,15
2023-06-05T00:34:28,9,6,0,15
2023-06-05T00:46:12,9,6,0,15
2023-06-05T00:57:55,9,6,0,15
2023-06-05T01:09:49,9,6,0,15
2023-06-05T01:21:37,9,6,0,15
2023-06-05T01:33:22,9,6,0,15
2023-06-05T01:45:06,9,6,0,15
2023-06-05T01:56:49,9,6,0,15
2023-06-05T02:08:39,9,6,0,15
2023-06-05T02:20:22,9,6,0,15
2023-06-05T02:32:05,9,6,0,15
2023-06-05T02:43:48,9,6,0,15
2023-06-05T02:55:31,9,6,0,15
2023-06-05T03:07:13,9,6,0,15
2023-06-05T03:18:58,9,6,0,15
2023-06-05T03:30:41,9,6,0,15
2023-06-05T03:42:25,9,6,0,15
2023-06-05T03:54:10,9,6,0,15
2023-06-05T04:05:55,9,6,0,15
2023-06-05T04:17:41,9,6,0,15
2023-06-05T04:30:24,9,6,0,15
2023-06-05T04:43:56,9,6,0,15
2023-06-05T04:55:42,9,6,0,15
2023-06-05T05:07:28,9,6,0,15
2023-06-05T05:19:12,9,6,0,15
2023-06-05T05:30:57,9,6,0,15
2023-06-05T05:42:42,9,6,0,15
2023-06-05T05:54:26,9,6,0,15
2023-06-05T06:06:14,9,6,0,15
2023-06-05T06:17:58,9,6,0,15
2023-06-05T06:29:43,9,6,0,15
2023-06-05T06:41:27,9,6,0,15
2023-06-05T06:53:11,9,6,0,15
2023-06-05T07:04:55,9,6,0,15
2023-06-05T07:16:39,9,6,0,15
2023-06-05T07:28:21,9,6,0,15
2023-06-05T07:40:02,9,6,0,15
2023-06-05T07:51:43,9,6,0,15
2023-06-05T08:03:24,9,6,0,15
2023-06-05T08:15:06,9,6,0,15
2023-06-05T08:26:47,9,6,0,15
2023-06-05T08:38:39,9,6,0,15
2023-06-05T08:50:20,9,6,0,15
2023-06-05T09:02:01,9,6,0,15
2023-06-05T09:13:43,9,6,0,15
2023-06-05T09:25:24,9,6,0,15
2023-06-05T09:37:05,9,6,0,15
2023-06-05T09:48:46,9,6,0,15
2023-06-05T10:00:28,9,6,0,15
2023-06-05T10:12:09,9,6,0,15
2023-06-05T10:24:01,9,6,0,15
2023-06-05T10:35:42,9,6,0,15
2023-06-05T10:47:23,9,6,0,15
2023-06-05T10:59:05,9,6,0,15
2023-06-05T11:10:47,9,6,0,15
2023-06-05T11:22:39,9,6,0,15
2023-06-05T11:34:20,9,6,0,15
2023-06-05T11:46:02,9,6,0,15
2023-06-05T11:57:43,9,6,0,15
2023-06-05T12:09:24,9,6,0,15
2023-06-05T12:21:16,9,6,0,15
2023-06-05T12:32:59,9,6,0,15
2023-06-05T12:44:42,9,6,0,15
2023-06-05T12:56:24,9,6,0,15
2023-06-05T13:08:06,9,6,0,15
2023-06-05T13:19:59,9,6,0,15
2023-06-05T13:31:41,9,6,0,15
2023-06-05T13:43:21,9,6,0,15
2023-06-05T13:55:03,9,6,0,15
2023-06-05T14:06:55,9,6,0,15
2023-06-05T14:18:36,9,6,0,15
2023-06-05T14:30:17,9,6,0,15
2023-06-05T14:42:02,9,6,0,15
2023-06-05T14:53:43,9,6,0,15
2023-06-05T15:05:36,9,6,0,15
2023-06-05T15:17:19,9,6,0,15
2023-06-05T15:29:00,9,6,0,15
2023-06-05T15:40:42,9,6,0,15
2023-06-05T15:52:34,9,6,0,15
2023-06-05T16:04:15,9,6,0,15
2023-06-05T16:15:56,9,6,0,15
2023-06-05T16:27:38,9,6,0,15
2023-06-05T16:39:21,9,6,0,15
2023-06-05T16:51:02,9,6,0,15
2023-06-05T17:02:54,9,6,0,15
2023-06-05T17:14:37,9,6,0,15
2023-06-05T17:26:18,9,6,0,15
2023-06-05T17:38:02,9,6,0,15
2023-06-05T17:49:43,9,6,0,15
2023-06-05T18:01:34,9,6,0,15
2023-06-05T18:13:15,9,6,0,15
2023-06-05T18:24:56,9,6,0,15
2023-06-05T18:36:37,9,6,0,15
2023-06-05T18:48:18,9,6,0,15
2023-06-05T19:00:00,9,6,0,15
2023-06-05T19:11:42,9,6,0,15
2023-06-05T19:23:33,9,6,0,15
2023-06-05T19:35:15,9,6,0,15
2023-06-05T19:46:56,9,6,0,15
2023-06-05T19:58:38,9,6,0,15
2023-06-05T20:10:19,9,6,0,15
2023-06-05T20:22:01,10,5,0,15
2023-06-05T20:33:42,10,5,0,15
2023-06-05T20:45:36,10,5,0,15
2023-06-05T20:57:17,10,5,0,15
2023-06-05T21:08:58,10,5,0,15
2023-06-05T21:20:40,10,5,0,15
2023-06-05T21:32:22,10,5,0,15
2023-06-05T21:44:03,10,5,0,15
2023-06-05T21:55:56,10,5,0,15
2023-06-05T22:07:38,10,5,0,15
2023-06-05T22:19:19,10,5,0,15
2023-06-05T22:31:00,10,5,0,15
2023-06-05T22:42:42,10,5,0,15
2023-06-05T22:54:23,10,5,0,15
2023-06-05T23:06:06,10,5,0,15
2023-06-05T23:17:59,10,5,0,15
2023-06-05T23:29:41,10,5,0,15
2023-06-05T23:41:23,10,5,0,15
2023-06-05T23:53:05,10,5,0,15
2023-06-06T00:04:48,10,5,0,15
2023-06-06T00:16:32,10,5,0,15
2023-06-06T00:28:15,10,5,0,15
2023-06-06T00:40:00,10,5,0,15
2023-06-06T00:51:56,10,5,0,15
2023-06-06T01:03:41,10,5,0,15
2023-06-06T01:15:26,10,5,0,15
2023-06-06T01:27:10,10,5,0,15
2023-06-06T01:38:54,10,5,0,15
2023-06-06T01:50:39,10,5,0,15
2023-06-06T02:02:24,10,5,0,15
2023-06-06T02:14:07,10,5,0,15
2023-06-06T02:25:50,10,5,0,15
2023-06-06T02:37:34,10,5,0,15
2023-06-06T02:49:16,10,5,0,15
2023-06-06T03:00:58,10,5,0,15
2023-06-06T03:12:42,10,5,0,15
2023-06-06T03:24:25,10,5,0,15
2023-06-06T03:36:08,10,5,0,15
2023-06-06T03:47:52,10,5,0,15
2023-06-06T03:59:37,10,5,0,15
2023-06-06T04:11:21,10,5,0,15
2023-06-06T04:27:22,10,5,0,15
2023-06-06T04:39:09,10,5,0,15
2023-06-06T04:52:36,10,5,0,15
2023-06-06T05:04:22,10,5,0,15
2023-06-06T05:16:07,10,5,0,15
2023-06-06T05:27:51,10,5,0,15
2023-06-06T05:39:37,10,5,0,15
2023-06-06T05:51:21,10,5,0,15
2023-06-06T06:03:05,10,5,0,15
2023-06-06T06:14:53,10,5,0,15
2023-06-06T06:26:38,10,5,0,15
2023-06-06T06:38:23,10,5,0,15
2023-06-06T06:50:07,10,5,0,15
2023-06-06T07:01:50,10,5,0,15
2023-06-06T07:13:35,10,5,0,15
2023-06-06T07:25:18,10,5,0,15
2023-06-06T07:37:02,10,5,0,15
2023-06-06T07:48:45,10,5,0,15
2023-06-06T08:00:28,10,5,0,15
2023-06-06T08:12:11,10,5,0,15
2023-06-06T08:23:54,10,5,0,15
2023-06-06T08:35:37,10,5,0,15
2023-06-06T08:47:21,10,5,0,15
2023-06-06T08:59:13,10,5,0,15
2023-06-06T09:10:57,10,5,0,15
2023-06-06T09:22:40,10,5,0,15
2023-06-06T09:34:23,10,5,0,15
2023-06-06T09:46:06,10,5,0,15
2023-06-06T09:57:48,10,5,0,15
2023-06-06T10:09:30,10,5,0,15
2023-06-06T10:21:23,10,5,0,15
2023-06-06T10:33:05,10,5,0,15
2023-06-06T10:44:47,10,5,0,15
2023-06-06T10:56:28,10,5,0,15
2023-06-06T11:08:11,10,5,0,15
2023-06-06T11:19:54,10,5,0,15
2023-06-06T11:31:47,10,5,0,15
2023-06-06T11:43:29,10,5,0,15
2023-06-06T11:55:11,10,5,0,15
2023-06-06T12:07:04,10,5,0,15
2023-06-06T12:18:46,10,5,0,15
2023-06-06T12:30:28,10,5,0,15
2023-06-06T12:42:10,10,5,0,15
2023-06-06T12:53:52,10,5,0,15
2023-06-06T13:05:44,10,5,0,15
2023-06-06T13:17:26,10,5,0,15
2023-06-06T13:29:09,10,5,0,15
2023-06-06T13:40:52,10,5,0,15
2023-06-06T13:52:46,10,5,0,15
2023-06-06T14:04:30,10,5,0,15
2023-06-06T14:16:13,10,5,0,15
2023-06-06T14:27:57,10,5,0,15
2023-06-06T14:39:51,10,5,0,15
2023-06-06T14:51:33,10,5,0,15
2023-06-06T15:03:15,10,5,0,15
2023-06-06T15:14:58,10,5,0,15
2023-06-06T15:26:53,10,5,0,15
2023-06-06T15:38:36,10,5,0,15
2023-06-06T15:50:19,10,5,0,15
2023-06-06T16:02:02,10,5,0,15
2023-06-06T16:13:45,10,5,0,15
2023-06-06T16:25:39,10,5,0,15
2023-06-06T16:37:21,10,5,0,15
2023-06-06T16:49:03,10,5,0,15
2023-06-06T17:00:46,11,4,0,15
2023-06-06T17:12:42,11,4,0,15
2023-06-06T17:24:25,11,4,0,15
2023-06-06T17:36:08,11,4,0,15
2023-06-06T17:47:50,11,4,0,15
2023-06-06T17:59:33,11,4,0,15
2023-06-06T18:11:29,11,4,0,15
2023-06-06T18:23:12,11,4,0,15
2023-06-06T18:34:54,11,4,0,15
2023-06-06T18:46:37,11,4,0,15
2023-06-06T18:58:31,11,4,0,15
2023-06-06T19:10:12,11,4,0,15
2023-06-06T19:21:52,11,4,0,15
2023-06-06T19:33:31,11,4,0,15
2023-06-06T19:45:10,11,4,0,15
2023-06-06T19:57:01,11,4,0,15
2023-06-06T20:08:40,11,4,0,15
2023-06-06T20:20:20,11,4,0,15
2023-06-06T20:32:00,11,4,0,15
2023-06-06T20:43:38,11,4,0,15
2023-06-06T20:55:17,11,4,0,15
2023-06-06T21:07:07,11,4,0,15
2023-06-06T21:18:46,11,4,0,15
2023-06-06T21:30:25,11,4,0,15
2023-06-06T21:42:04,11,4,0,15
2023-06-06T21:53:43,11,4,0,15
2023-06-06T22:05:21,11,4,0,15
2023-06-06T22:17:10,11,4,0,15
2023-06-06T22:28:49,11,4,0,15
2023-06-06T22:40:27,11,4,0,15
2023-06-06T22:52:06,11,4,0,15
2023-06-06T23:03:45,11,4,0,15
2023-06-06T23:15:24,11,4,0,15
2023-06-06T23:27:04,11,4,0,15
2023-06-06T23:38:54,12,3,0,15
2023-06-06T23:50:33,12,3,0,15
2023-06-07T00:02:12,12,3,0,15
2023-06-07T00:13:56,12,3,0,15
2023-06-07T00:25:39,12,3,0,15
2023-06-07T00:37:20,12,3,0,15
2023-06-07T00:49:01,12,3,0,15
2023-06-07T01:00:43,12,3,0,15
2023-06-07T01:12:26,12,3,0,15
2023-06-07T01:24:19,12,3,0,15
2023-06-07T01:36:01,12,3,0,15
2023-06-07T01:47:42,12,3,0,15
2023-06-07T01:59:24,12,3,0,15
2023-06-07T02:11:05,12,3,0,15
2023-06-07T02:22:45,12,3,0,15
2023-06-07T02:34:25,12,3,0,15
2023-06-07T02:46:08,12,3,0,15
2023-06-07T02:57:50,12,3,0,15
2023-06-07T03:09:32,12,3,0,15
2023-06-07T03:21:15,12,3,0,15
2023-06-07T03:32:56,12,3,0,15
2023-06-07T03:44:39,12,3,0,15
2023-06-07T03:56:22,12,3,0,15
2023-06-07T04:08:03,12,3,0,15
2023-06-07T04:18:44,12,3,0,15
2023-06-07T04:30:29,12,3,0,15
2023-06-07T04:43:42,12,3,0,15
2023-06-07T04:55:48,12,3,0,15
2023-06-07T05:07:36,12,3,0,15
2023-06-07T05:19:21,12,3,0,15
2023-06-07T05:31:06,12,3,0,15
2023-06-07T05:42:51,12,3,0,15
2023-06-07T05:54:36,12,3,0,15
2023-06-07T06:06:21,12,3,0,15
2023-06-07T06:18:06,12,3,0,15
2023-06-07T06:29:51,12,3,0,15
2023-06-07T06:41:36,12,3,0,15
2023-06-07T06:53:20,12,3,0,15
2023-06-07T07:05:08,12,3,0,15
2023-06-07T07:16:53,12,3,0,15
2023-06-07T07:28:37,12,3,0,15
2023-06-07T07:40:20,12,3,0,15
2023-06-07T07:52:03,12,3,0,15
2023-06-07T08:03:45,12,3,0,15
2023-06-07T08:15:28,12,3,0,15
2023-06-07T08:27:11,13,2,0,15
2023-06-07T08:39:02,13,2,0,15
2023-06-07T08:50:46,13,2,0,15
2023-06-07T09:02:29,13,2,0,15
2023-06-07T09:14:12,13,2,0,15
2023-06-07T09:25:55,13,2,0,15
2023-06-07T09:37:37,13,2,0,15
2023-06-07T09:49:20,14,1,0,15
2023-06-07T10:01:14,14,1,0,15
2023-06-07T10:12:58,14,1,0,15
2023-06-07T10:24:41,15,0,0,15
2023-06-07T10:36:23,15,0,0,15
2023-06-07T10:48:06,15,0,0,15
2023-06-07T11:00:00,15,0,0,15
2023-06-07T11:11:45,15,0,0,15
2023-06-07T11:23:30,15,0,0,15
2023-06-07T11:35:13,15,0,0,15
2023-06-07T11:47:18,15,0,0,15
2023-06-07T11:59:01,15,0,0,15
2023-06-07T12:10:45,15,0,0,15
2023-06-07T12:22:29,15,0,0,15
2023-06-07T12:34:22,15,0,0,15
2023-06-07T12:46:04,15,0,0,15
2023-06-07T12:57:46,15,0,0,15
2023-06-07T13:09:29,14,1,0,15
2023-06-07T13:21:21,14,1,0,15
2023-06-07T13:33:04,14,1,0,15
2023-06-07T13:44:46,14,1,0,15
2023-06-07T13:56:29,14,1,0,15
2023-06-07T14:08:28,14,1,0,15
2023-06-07T14:20:10,14,1,0,15
2023-06-07T14:31:53,14,1,0,15
2023-06-07T14:43:35,14,1,0,15
2023-06-07T14:55:27,14,1,0,15
2023-06-07T15:07:10,14,1,0,15
2023-06-07T15:18:54,14,1,0,15
2023-06-07T15:30:38,14,1,0,15
2023-06-07T15:42:42,14,1,0,15
2023-06-07T15:54:25,14,1,0,15
2023-06-07T16:06:08,15,0,0,15
2023-06-07T16:17:51,15,0,0,15
2023-06-07T16:29:45,15,0,1,15
2023-06-07T16:41:29,15,0,1,15
2023-06-07T16:53:11,15,0,1,15
2023-06-07T17:04:56,15,0,1,15
2023-06-07T17:17:01,15,0,1,15
2023-06-07T17:28:43,15,0,1,15
2023-06-07T17:40:25,15,0,1,15
2023-06-07T17:52:08,15,0,1,15
2023-06-07T18:03:52,15,0,1,15
2023-06-07T18:15:50,15,0,1,15
2023-06-07T18:27:33,15,0,1,15
2023-06-07T18:39:16,15,0,1,15
2023-06-07T18:50:59,15,0,1,15
2023-06-07T19:02:42,15,0,1,15
2023-06-07T19:14:36,15,0,1,15
2023-06-07T19:26:18,15,0,1,15
2023-06-07T19:38:02,15,0,1,15
2023-06-07T19:49:45,15,0,1,15
2023-06-07T20:01:28,15,0,1,15
2023-06-07T20:13:21,15,0,1,15
2023-06-07T20:25:04,15,0,1,15
2023-06-07T20:36:46,15,0,1,15
2023-06-07T20:48:28,15,0,1,15
2023-06-07T21:00:10,15,0,1,15
2023-06-07T21:11:52,15,0,1,15
2023-06-07T21:23:54,15,0,1,15
2023-06-07T21:35:37,15,0,1,15
2023-06-07T21:47:20,15,0,1,15
2023-06-07T21:59:02,15,0,1,15
2023-06-07T22:10:44,15,0,1,15
2023-06-07T22:22:37,15,0,1,15
2023-06-07T22:34:19,15,0,1,15
2023-06-07T22:46:02,15,0,1,15
2023-06-07T22:57:44,15,0,1,15
2023-06-07T23:09:27,15,0,1,15
2023-06-07T23:21:09,15,0,1,15
2023-06-07T23:33:02,15,0,1,15
2023-06-07T23:44:45,15,0,1,15
2023-06-07T23:56:28,15,0,1,15
2023-06-08T00:08:11,15,0,1,15
2023-06-08T00:19:58,15,0,1,15
2023-06-08T00:31:43,15,0,1,15
2023-06-08T00:43:30,15,0,1,15
2023-06-08T00:55:37,15,0,1,15
2023-06-08T01:07:22,15,0,1,15
2023-06-08T01:19:08,15,0,1,15
2023-06-08T01:30:53,15,0,1,15
2023-06-08T01:42:37,15,0,1,15
2023-06-08T01:54:23,15,0,1,15
2023-06-08T02:06:09,15,0,1,15
2023-06-08T02:17:54,15,0,1,15
2023-06-08T02:29:38,15,0,1,15
2023-06-08T02:41:22,15,0,1,15
2023-06-08T02:53:05,15,0,1,15
2023-06-08T03:04:47,15,0,1,15
2023-06-08T03:16:31,15,0,1,15
2023-06-08T03:28:27,15,0,1,15
2023-06-08T03:40:12,15,0,1,15
2023-06-08T03:51:56,15,0,1,15
2023-06-08T04:03:41,15,0,1,15
2023-06-08T04:15:29,15,0,1,15
2023-06-08T04:32:08,15,0,1,15
2023-06-08T04:44:21,15,0,1,15
2023-06-08T04:56:10,15,0,1,15
2023-06-08T05:07:56,15,0,1,15
2023-06-08T05:19:41,15,0,1,15
2023-06-08T05:31:26,15,0,1,15
2023-06-08T05:43:11,15,0,1,15
2023-06-08T05:56:54,15,0,1,15
2023-06-08T06:08:40,15,0,1,15
2023-06-08T06:20:25,15,0,1,15
2023-06-08T06:32:10,15,0,1,15
2023-06-08T06:43:55,15,0,1,15
2023-06-08T06:55:40,15,0,1,15
2023-06-08T07:07:25,15,0,1,15
2023-06-08T07:19:10,15,0,1,15
2023-06-08T07:30:56,15,0,1,15
2023-06-08T07:42:40,15,0,1,15
2023-06-08T07:54:24,15,0,1,15
2023-06-08T08:06:09,15,0,1,15
2023-06-08T08:17:52,15,0,1,15
2023-06-08T08:29:37,15,0,1,15
2023-06-08T08:41:38,15,0,1,15
2023-06-08T08:53:22,15,0,1,15
2023-06-08T09:05:06,15,0,1,15
2023-06-08T09:16:49,15,0,1,15
2023-06-08T09:28:32,15,0,1,15
2023-06-08T09:40:15,15,0,1,15
2023-06-08T09:51:57,15,0,1,15
2023-06-08T10:03:41,15,0,1,15
2023-06-08T10:15:36,15,0,1,15
2023-06-08T10:27:18,15,0,1,15
2023-06-08T10:39:01,15,0,1,15
2023-06-08T10:50:44,15,0,1,15
2023-06-08T11:02:28,15,0,1,15
2023-06-08T11:14:22,15,0,1,15
2023-06-08T11:26:06,15,0,1,15
2023-06-08T11:37:49,15,0,1,15
2023-06-08T11:49:32,15,0,1,15
2023-06-08T12:01:16,15,0,1,15
2023-06-08T12:13:11,15,0,1,15
2023-06-08T12:24:54,15,0,1,15
2023-06-08T12:36:37,15,0,1,15
2023-06-08T12:48:20,15,0,1,15
2023-06-08T13:00:02,15,0,1,15
2023-06-08T13:11:45,15,0,1,15
2023-06-08T13:23:38,15,0,1,15
2023-06-08T13:35:20,15,0,1,15
2023-06-08T13:47:02,15,0,1,15
2023-06-08T13:58:45,15,0,1,15
2023-06-08T14:10:28,15,0,1,15
2023-06-08T14:22:11,15,0,1,15
2023-06-08T14:34:04,15,0,1,15
2023-06-08T14:45:46,15,0,1,15
2023-06-08T14:57:29,15,0,1,15
2023-06-08T15:09:11,15,0,1,15
2023-06-08T15:20:54,15,0,1,15
2023-06-08T15:32:54,15,0,1,15
2023-06-08T15:44:37,15,0,1,15
2023-06-08T15:56:19,15,0,1,15
2023-06-08T16:08:01,15,0,1,15
2023-06-08T16:19:44,15,0,1,15
2023-06-08T16:31:26,15,0,1,15
2023-06-08T16:43:08,15,0,1,15
2023-06-08T16:55:01,15,0,1,15
2023-06-08T17:06:44,15,0,1,15
2023-06-08T17:18:28,15,0,1,15
2023-06-08T17:30:10,15,0,1,15
2023-06-08T17:41:53,15,0,1,15
2023-06-08T17:53:35,15,0,1,15
2023-06-08T18:05:17,15,0,1,15
2023-06-08T18:17:10,15,0,1,15
2023-06-08T18:28:53,15,0,1,15
2023-06-08T18:40:35,15,0,1,15
2023-06-08T18:52:17,15,0,1,15
2023-06-08T19:04:00,15,0,1,15
2023-06-08T19:15:42,15,0,1,15
2023-06-08T19:27:24,15,0,1,15
2023-06-08T19:39:07,15,0,1,15
2023-06-08T19:58:46,15,0,1,15
2023-06-08T20:10:29,15,0,1,15
2023-06-08T20:22:12,15,0,1,15
2023-06-08T20:33:54,15,0,1,15
2023-06-08T20:45:37,15,0,1,15
2023-06-08T20:57:19,15,0,1,15
2023-06-08T21:09:01,15,0,1,15
2023-06-08T21:20:43,15,0,1,15
2023-06-08T21:32:26,15,0,1,15
2023-06-08T21:44:08,15,0,1,15
2023-06-08T21:55:50,15,0,1,15
2023-06-08T22:07:43,15,0,1,15
2023-06-08T22:19:26,15,0,1,15
2023-06-08T22:31:08,15,0,1,15
2023-06-08T22:42:50,15,0,1,15
2023-06-08T22:54:32,15,0,1,15
2023-06-08T23:06:15,15,0,1,15
2023-06-08T23:17:58,15,0,1,15
2023-06-08T23:29:41,15,0,1,15
2023-06-08T23:41:24,15,0,1,15
2023-06-08T23:53:07,15,0,1,15
2023-06-09T00:04:50,15,0,1,15
2023-06-09T00:16:53,15,0,1,15
2023-06-09T00:28:38,15,0,1,15
2023-06-09T00:40:24,15,0,1,15
2023-06-09T00:52:11,15,0,1,15
2023-06-09T01:03:57,15,0,1,15
2023-06-09T01:15:42,15,0,1,15
2023-06-09T01:27:29,15,0,1,15
2023-06-09T01:39:15,15,0,1,15
2023-06-09T01:51:02,15,0,1,15
2023-06-09T02:02:48,15,0,1,15
2023-06-09T02:14:33,15,0,1,15
2023-06-09T02:26:17,15,0,1,15
2023-06-09T02:38:03,15,0,1,15
2023-06-09T02:50:19,15,0,1,15
2023-06-09T03:02:06,15,0,1,15
2023-06-09T03:13:53,15,0,1,15
2023-06-09T03:25:39,15,0,1,15
2023-06-09T03:37:25,15,0,1,15
2023-06-09T03:49:10,15,0,1,15
2023-06-09T04:00:55,15,0,1,15
2023-06-09T04:25:12,15,0,1,15
2023-06-09T04:37:24,15,0,1,15
2023-06-09T04:49:11,15,0,1,15
2023-06-09T05:01:00,15,0,1,15
2023-06-09T05:12:49,15,0,1,15
2023-06-09T05:24:35,15,0,1,15
2023-06-09T05:36:21,15,0,1,15
2023-06-09T05:48:07,15,0,1,15
2023-06-09T05:59:53,15,0,1,15
2023-06-09T06:11:39,15,0,1,15
2023-06-09T06:23:25,15,0,1,15
2023-06-09T06:35:11,15,0,1,15
2023-06-09T06:46:57,15,0,1,15
2023-06-09T06:58:42,15,0,1,15
2023-06-09T07:10:27,15,0,1,15
2023-06-09T07:22:12,15,0,1,15
2023-06-09T07:34:00,15,0,1,15
2023-06-09T07:45:43,15,0,1,15
2023-06-09T07:57:27,15,0,1,15
2023-06-09T08:09:11,15,0,1,15
2023-06-09T08:20:54,15,0,1,15
2023-06-09T08:32:37,15,0,1,15
2023-06-09T08:44:20,15,0,1,15
2023-06-09T08:56:03,15,0,1,15
2023-06-09T09:07:56,15,0,1,15
2023-06-09T09:19:39,15,0,1,15
2023-06-09T09:31:22,15,0,1,15
2023-06-09T09:43:05,15,0,1,15
2023-06-09T09:54:51,15,0,1,15
2023-06-09T10:06:33,15,0,1,15
2023-06-09T10:18:16,15,0,1,15
2023-06-09T10:29:58,15,0,1,15
2023-06-09T10:41:41,15,0,1,15
2023-06-09T10:53:23,15,0,1,15
2023-06-09T11:05:06,15,0,1,15
2023-06-09T11:17:07,15,0,1,15
2023-06-09T11:28:50,15,0,1,15
2023-06-09T11:40:32,15,0,1,15
2023-06-09T11:52:14,15,0,1,15
2023-06-09T12:03:57,15,0,1,15
2023-06-09T12:15:40,15,0,1,15
2023-06-09T12:27:24,15,0,1,15
2023-06-09T12:39:08,15,0,1,15
2023-06-09T12:51:03,15,0,1,15
2023-06-09T13:02:46,15,0,1,15
2023-06-09T13:14:30,15,0,1,15
2023-06-09T13:26:14,15,0,1,15
2023-06-09T13:37:58,15,0,1,15
2023-06-09T13:49:43,15,0,1,15
2023-06-09T14:01:27,15,0,1,15
2023-06-09T14:13:28,15,0,1,15
2023-06-09T14:25:12,15,0,1,15
2023-06-09T14:36:56,15,0,1,15
2023-06-09T14:48:40,15,0,1,15
2023-06-09T15:00:25,15,0,1,15
2023-06-09T15:12:09,15,0,1,15
2023-06-09T15:23:53,15,0,1,15
2023-06-09T15:35:37,15,0,1,15
2023-06-09T15:47:32,15,0,1,15
2023-06-09T15:59:16,15,0,1,15
2023-06-09T16:11:01,15,0,1,15
2023-06-09T16:22:46,15,0,1,15
2023-06-09T16:34:31,15,0,1,15
2023-06-09T16:46:16,15,0,1,15
2023-06-09T16:58:01,15,0,1,15
2023-06-09T17:09:47,15,0,1,15
2023-06-09T17:21:44,15,0,1,15
2023-06-09T17:33:29,15,0,1,15
2023-06-09T17:45:14,15,0,1,15
2023-06-09T17:56:59,15,0,1,15
2023-06-09T18:08:44,15,0,1,15
2023-06-09T18:20:29,15,0,1,15
2023-06-09T18:32:14,15,0,1,15
2023-06-09T18:43:59,15,0,1,15
2023-06-09T18:55:55,15,0,1,15
2023-06-09T19:07:40,15,0,1,15
2023-06-09T19:19:25,15,0,1,15
2023-06-09T19:31:10,15,0,1,15
2023-06-09T19:42:56,15,0,1,15
2023-06-09T19:54:41,15,0,1,15
2023-06-09T20:06:26,15,0,1,15
2023-06-09T20:18:11,15,0,1,15
2023-06-09T20:30:15,15,0,1,15
2023-06-09T20:42:01,15,0,1,15
2023-06-09T20:53:46,15,0,1,15
2023-06-09T21:05:31,15,0,1,15
2023-06-09T21:17:16,15,0,1,15
2023-06-09T21:29:01,15,0,1,15
2023-06-09T21:40:46,15,0,1,15
2023-06-09T21:52:32,15,0,1,15
2023-06-09T22:04:17,15,0,1,15
2023-06-09T22:16:02,15,0,1,15
2023-06-09T22:27:47,15,0,1,15
2023-06-09T22:39:33,15,0,1,15
2023-06-09T22:51:29,15,0,1,15
2023-06-09T23:03:15,15,0,1,15
2023-06-09T23:15:01,15,0,1,15
2023-06-09T23:26:46,15,0,1,15
2023-06-09T23:38:33,15,0,1,15
2023-06-09T23:50:19,15,0,1,15
2023-06-10T00:02:05,15,0,1,15
2023-06-10T00:13:54,15,0,1,15
2023-06-10T00:25:44,15,0,1,15
2023-06-10T00:37:33,15,0,1,15
2023-06-10T00:49:22,15,0,1,15
2023-06-10T01:01:31,15,0,1,15
2023-06-10T01:13:19,15,0,1,15
2023-06-10T01:25:09,15,0,1,15
2023-06-10T01:36:59,15,0,1,15
2023-06-10T01:48:48,15,0,1,15
2023-06-10T02:00:38,15,0,1,15
2023-06-10T02:12:27,15,0,1,15
2023-06-10T02:24:15,15,0,1,15
2023-06-10T02:36:01,15,0,1,15
2023-06-10T02:47:47,15,0,1,15
2023-06-10T02:59:32,15,0,1,15
2023-06-10T03:11:19,15,0,1,15
2023-06-10T03:23:06,15,0,1,15
2023-06-10T03:34:54,15,0,1,15
2023-06-10T03:46:41,15,0,1,15
2023-06-10T03:58:29,15,0,1,15
2023-06-10T04:10:28,15,0,1,15
2023-06-10T04:28:48,15,0,1,15
2023-06-10T04:41:53,15,0,1,15
2023-06-10T04:54:04,15,0,1,15
2023-06-10T05:05:53,15,0,1,15
2023-06-10T05:17:42,15,0,1,15
2023-06-10T05:29:31,15,0,1,15
2023-06-10T05:41:19,15,0,1,15
2023-06-10T05:53:08,15,0,1,15
2023-06-10T06:04:56,15,0,1,15
2023-06-10T06:16:44,15,0,1,15
2023-06-10T06:28:32,15,0,1,15
2023-06-10T06:40:20,15,0,1,15
2023-06-10T06:52:09,15,0,1,15
2023-06-10T07:03:59,15,0,1,15
2023-06-10T07:15:47,15,0,1,15
2023-06-10T07:27:35,15,0,1,15
2023-06-10T07:39:25,15,0,1,15
2023-06-10T07:51:12,15,0,1,15
2023-06-10T08:03:00,15,0,1,15
2023-06-10T08:14:56,15,0,1,15
2023-06-10T08:26:44,15,0,1,15
2023-06-10T08:38:33,15,0,1,15
2023-06-10T08:50:22,15,0,1,15
2023-06-10T09:02:10,15,0,1,15
2023-06-10T09:13:57,15,0,1,15
2023-06-10T09:25:45,15,0,1,15
2023-06-10T09:37:33,15,0,1,15
2023-06-10T09:49:21,15,0,1,15
2023-06-10T10:01:08,15,0,1,15
2023-06-10T10:12:54,15,0,1,15
2023-06-10T10:24:40,15,0,1,15
2023-06-10T10:36:26,15,0,1,15
2023-06-10T10:48:13,15,0,1,15
2023-06-10T11:00:10,15,0,1,15
2023-06-10T11:11:56,15,0,1,15
2023-06-10T11:23:41,15,0,1,15
2023-06-10T11:35:26,15,0,1,15
2023-06-10T11:47:11,15,0,1,15
2023-06-10T11:58:55,15,0,1,15
2023-06-10T12:10:40,15,0,1,15
2023-06-10T12:22:25,15,0,1,15
2023-06-10T12:34:10,15,0,1,15
2023-06-10T12:45:55,15,0,1,15
2023-06-10T12:57:40,15,0,1,15
2023-06-10T13:09:25,15,0,1,15
2023-06-10T13:21:10,15,0,1,15
2023-06-10T13:33:04,15,0,1,15
2023-06-10T13:44:49,15,0,1,15
2023-06-10T13:56:34,15,0,1,15
2023-06-10T14:08:19,15,0,1,15
2023-06-10T14:20:04,15,0,1,15
2023-06-10T14:31:49,15,0,1,15
2023-06-10T14:43:34,15,0,1,15
2023-06-10T14:55:19,15,0,1,15
2023-06-10T15:07:03,15,0,1,15
2023-06-10T15:18:48,15,0,1,15
2023-06-10T15:30:33,15,0,1,15
2023-06-10T15:42:18,15,0,1,15
2023-06-10T15:54:03,15,0,1,15
2023-06-10T16:05:57,15,0,1,15
2023-06-10T16:17:42,15,0,1,15
2023-06-10T16:29:27,15,0,1,15
2023-06-10T16:41:11,15,0,1,15
2023-06-10T16:52:56,15,0,1,15
2023-06-10T17:04:42,15,0,1,15
2023-06-10T17:16:28,15,0,1,15
2023-06-10T17:28:13,15,0,1,15
2023-06-10T17:39:58,15,0,1,15
2023-06-10T17:51:43,15,0,1,15
2023-06-10T18:03:38,15,0,1,15
2023-06-10T18:15:23,15,0,1,15
2023-06-10T18:27:08,15,0,1,15
2023-06-10T18:38:53,15,0,1,15
2023-06-10T18:50:38,15,0,1,15
2023-06-10T19:02:23,15,0,1,15
2023-06-10T19:14:09,15,0,1,15
2023-06-10T19:25:54,15,0,1,15
2023-06-10T19:37:39,15,0,1,15
2023-06-10T19:49:24,15,0,1,15
2023-06-10T20:01:09,15,0,1,15
2023-06-10T20:12:54,15,0,1,15
2023-06-10T20:24:39,15,0,1,15
2023-06-10T20:36:24,15,0,1,15
2023-06-10T20:48:19,15,0,1,15
2023-06-10T21:00:04,15,0,1,15
2023-06-10T21:11:49,15,0,1,15
2023-06-10T21:23:34,15,0,1,15
2023-06-10T21:35:19,15,0,1,15
2023-06-10T21:47:04,15,0,1,15
2023-06-10T21:58:49,15,0,1,15
2023-06-10T22:10:34,15,0,1,15
2023-06-10T22:22:19,15,0,1,15
2023-06-10T22:34:04,15,0,1,15
2023-06-10T22:45:48,15,0,1,15
2023-06-10T22:57:33,15,0,1,15
2023-06-10T23:09:19,15,0,1,15
2023-06-10T23:21:04,15,0,1,15
2023-06-10T23:32:59,15,0,1,15
2023-06-10T23:44:44,15,0,1,15
2023-06-10T23:56:29,15,0,1,15
2023-06-11T00:08:16,15,0,1,15
2023-06-11T00:20:13,15,0,1,15
2023-06-11T00:32:00,15,0,1,15
2023-06-11T00:43:49,15,0,1,15
2023-06-11T00:55:39,15,0,1,15
2023-06-11T01:07:26,15,0,1,15
2023-06-11T01:19:12,15,0,1,15
2023-06-11T01:31:01,15,0,1,15
2023-06-11T01:42:49,15,0,1,15
2023-06-11T01:54:37,15,0,1,15
2023-06-11T02:06:26,15,0,1,15
2023-06-11T02:18:15,15,0,1,15
2023-06-11T02:30:02,15,0,1,15
2023-06-11T02:41:51,15,0,1,15
2023-06-11T02:53:38,15,0,1,15
2023-06-11T03:05:26,15,0,1,15
2023-06-11T03:17:14,15,0,1,15
2023-06-11T03:29:12,15,0,1,15
2023-06-11T03:41:01,15,0,1,15
2023-06-11T03:52:49,15,0,1,15
2023-06-11T04:04:38,15,0,1,15
2023-06-11T04:30:45,15,0,1,15
2023-06-11T04:42:34,15,0,1,15
2023-06-11T04:55:58,15,0,1,15
2023-06-11T05:07:48,15,0,1,15
2023-06-11T05:19:36,15,0,1,15
2023-06-11T05:31:23,15,0,1,15
2023-06-11T05:43:12,15,0,1,15
2023-06-11T05:55:01,15,0,1,15
2023-06-11T06:06:48,15,0,1,15
2023-06-11T06:18:36,15,0,1,15
2023-06-11T06:30:26,15,0,1,15
2023-06-11T06:42:14,15,0,1,15
2023-06-11T06:54:01,15,0,1,15
2023-06-11T07:05:48,15,0,1,15
2023-06-11T07:17:35,15,0,1,15
2023-06-11T07:29:20,15,0,1,15
2023-06-11T07:41:05,15,0,1,15
2023-06-11T07:52:50,15,0,1,15
2023-06-11T08:04:36,15,0,1,15
2023-06-11T08:16:25,15,0,1,15
2023-06-11T08:28:12,15,0,1,15
2023-06-11T08:39:57,15,0,1,15
2023-06-11T08:51:42,15,0,1,15
2023-06-11T09:03:27,15,0,1,15
2023-06-11T09:15:13,15,0,1,15
2023-06-11T09:26:58,15,0,1,15
2023-06-11T09:38:51,15,0,1,15
2023-06-11T09:50:35,15,0,1,15
2023-06-11T10:02:21,15,0,1,15
2023-06-11T10:14:06,15,0,1,15
2023-06-11T10:25:51,15,0,1,15
2023-06-11T10:37:36,15,0,1,15
2023-06-11T10:49:21,15,0,1,15
2023-06-11T11:01:07,15,0,1,15
2023-06-11T11:12:53,15,0,1,15
2023-06-11T11:24:39,15,0,1,15
2023-06-11T11:36:26,15,0,1,15
2023-06-11T11:48:12,15,0,1,15
2023-06-11T11:59:58,15,0,1,15
2023-06-11T12:11:45,15,0,1,15
2023-06-11T12:23:30,15,0,1,15
2023-06-11T12:35:24,15,0,1,15
2023-06-11T12:47:09,15,0,1,15
2023-06-11T12:58:55,15,0,1,15
2023-06-11T13:10:40,15,0,1,15
2023-06-11T13:22:25,15,0,1,15
2023-06-11T13:34:09,15,0,1,15
2023-06-11T13:45:55,15,0,1,15
2023-06-11T13:57:40,15,0,1,15
2023-06-11T14:09:25,15,0,1,15
2023-06-11T14:21:09,15,0,1,15
2023-06-11T14:32:54,15,0,1,15
2023-06-11T14:44:50,15,0,1,15
2023-06-11T14:56:35,15,0,1,15
2023-06-11T15:08:19,15,0,1,15
2023-06-11T15:20:04,15,0,1,15
2023-06-11T15:31:48,15,0,1,15
2023-06-11T15:43:33,15,0,1,15
2023-06-11T15:55:17,15,0,1,15
2023-06-11T16:07:03,15,0,1,15
2023-06-11T16:18:49,15,0,1,15
2023-06-11T16:30:35,15,0,1,15
2023-06-11T16:42:29,15,0,1,15
2023-06-11T16:54:14,15,0,1,15
2023-06-11T17:05:59,15,0,1,15
2023-06-11T17:17:44,15,0,1,15
2023-06-11T17:29:31,15,0,1,15
2023-06-11T17:41:15,15,0,1,15
2023-06-11T17:53:00,15,0,1,15
2023-06-11T18:04:44,15,0,1,15
2023-06-11T18:16:29,15,0,1,15
2023-06-11T18:28:14,15,0,1,15
2023-06-11T18:40:09,15,0,1,15
2023-06-11T18:51:54,15,0,1,15
2023-06-11T19:03:40,15,0,1,15
2023-06-11T19:15:26,15,0,1,15
2023-06-11T19:27:11,15,0,1,15
2023-06-11T19:38:57,15,0,1,15
2023-06-11T19:50:42,15,0,1,15
2023-06-11T20:02:26,15,0,1,15
2023-06-11T20:14:11,15,0,1,15
2023-06-11T20:25:56,15,0,1,15
2023-06-11T20:37:41,15,0,1,15
2023-06-11T20:49:35,15,0,1,15
2023-06-11T21:01:20,15,0,1,15
2023-06-11T21:13:06,15,0,1,15
2023-06-11T21:24:51,15,0,1,15
2023-06-11T21:36:37,15,0,1,15
2023-06-11T21:48:23,15,0,1,15
2023-06-11T22:00:08,15,0,1,15
2023-06-11T22:11:53,15,0,1,15
2023-06-11T22:23:38,15,0,1,15
2023-06-11T22:35:23,15,0,1,15
2023-06-11T22:47:08,15,0,1,15
2023-06-11T22:59:05,15,0,1,15
2023-06-11T23:10:50,15,0,1,15
2023-06-11T23:22:36,15,0,1,15
2023-06-11T23:34:21,15,0,1,15
2023-06-11T23:46:08,15,0,1,15
2023-06-11T23:57:53,15,0,1,15
2023-06-12T00:09:40,15,0,1,15
2023-06-12T00:21:33,15,0,1,15
2023-06-12T00:33:29,15,0,1,15
2023-06-12T00:45:29,15,0,1,15
2023-06-12T00:57:17,15,0,1,15
2023-06-12T01:09:03,15,0,1,15
2023-06-12T01:20:53,15,0,1,15
2023-06-12T01:32:42,15,0,1,15
2023-06-12T01:44:30,15,0,1,15
2023-06-12T01:56:18,15,0,1,15
2023-06-12T02:08:06,15,0,1,15
2023-06-12T02:19:54,15,0,1,15
2023-06-12T02:31:40,15,0,1,15
2023-06-12T02:43:28,15,0,1,15
2023-06-12T02:55:15,15,0,1,15
2023-06-12T03:07:01,15,0,1,15
2023-06-12T03:18:49,15,0,1,15
2023-06-12T03:30:39,15,0,1,15
2023-06-12T03:42:29,15,0,1,15
2023-06-12T03:54:18,15,0,1,15
2023-06-12T04:06:06,15,0,1,15
2023-06-12T04:27:20,15,0,1,15
2023-06-12T04:39:11,15,0,1,15
2023-06-12T04:52:38,15,0,1,15
2023-06-12T05:04:30,15,0,1,15
2023-06-12T05:16:22,15,0,1,15
2023-06-12T05:28:07,15,0,1,15
2023-06-12T05:39:53,15,0,1,15
2023-06-12T05:51:41,15,0,1,15
2023-06-12T06:03:31,15,0,1,15
2023-06-12T06:15:20,15,0,1,15
2023-06-12T06:27:09,15,0,1,15
2023-06-12T06:38:58,15,0,1,15
2023-06-12T06:50:46,15,0,1,15
2023-06-12T07:02:36,15,0,1,15
2023-06-12T07:14:26,15,0,1,15
2023-06-12T07:26:14,15,0,1,15
2023-06-12T07:38:00,15,0,1,15
2023-06-12T07:49:47,15,0,1,15
2023-06-12T08:01:34,15,0,1,15
2023-06-12T08:13:21,15,0,1,15
2023-06-12T08:25:09,15,0,1,15
2023-06-12T08:36:56,15,0,1,15
2023-06-12T08:48:42,15,0,1,15
2023-06-12T09:00:37,15,0,1,15
2023-06-12T09:12:22,15,0,1,15
2023-06-12T09:24:07,15,0,1,15
2023-06-12T09:35:52,15,0,1,15
2023-06-12T09:47:37,15,0,1,15
2023-06-12T09:59:23,15,0,1,15
2023-06-12T10:11:08,15,0,1,15
2023-06-12T10:22:53,15,0,1,15
2023-06-12T10:34:38,15,0,1,15
2023-06-12T10:46:24,15,0,1,15
2023-06-12T10:58:09,15,0,1,15
2023-06-12T11:10:05,15,0,1,15
2023-06-12T11:21:50,15,0,1,15
2023-06-12T11:33:35,15,0,1,15
2023-06-12T11:45:20,15,0,1,15
2023-06-12T11:57:07,15,0,1,15
2023-06-12T12:08:53,15,0,1,15
2023-06-12T12:20:39,15,0,1,15
2023-06-12T12:32:24,15,0,1,15
2023-06-12T12:44:20,15,0,1,15
2023-06-12T12:56:05,15,0,1,15
2023-06-12T13:07:51,15,0,1,15
2023-06-12T13:19:37,15,0,1,15
2023-06-12T13:31:22,15,0,1,15
2023-06-12T13:43:08,15,0,1,15
2023-06-12T13:54:53,15,0,1,15
2023-06-12T14:06:49,15,0,1,15
2023-06-12T14:18:34,15,0,1,15
2023-06-12T14:30:20,15,0,1,15
2023-06-12T14:42:05,15,0,1,15
2023-06-12T14:53:50,15,0,1,15
2023-06-12T15:05:35,15,0,1,15
2023-06-12T15:17:20,15,0,1,15
2023-06-12T15:29:17,15,0,1,15
2023-06-12T15:41:02,15,0,1,15
2023-06-12T15:52:48,15,0,1,15
2023-06-12T16:04:33,15,0,1,15
2023-06-12T16:16:19,15,0,1,15
2023-06-12T16:28:03,15,0,1,15
2023-06-12T16:39:48,15,0,1,15
2023-06-12T16:51:34,15,0,1,15
2023-06-12T17:03:30,15,0,1,15
2023-06-12T17:15:17,15,0,1,15
2023-06-12T17:27:03,15,0,1,15
2023-06-12T17:38:48,15,0,1,15
2023-06-12T17:50:34,15,0,1,15
2023-06-12T18:02:19,15,0,1,15
2023-06-12T18:14:04,15,0,1,15
2023-06-12T18:25:59,15,0,1,15
2023-06-12T18:37:44,15,0,1,15
2023-06-12T18:49:29,15,0,1,15
2023-06-12T19:01:15,15,0,1,15
2023-06-12T19:13:00,15,0,1,15
2023-06-12T19:24:45,15,0,1,15
2023-06-12T19:36:31,15,0,1,15
2023-06-12T19:48:16,15,0,1,15
2023-06-12T20:00:11,15,0,2,15
2023-06-12T20:11:56,15,0,2,15
2023-06-12T20:23:41,15,0,2,15
2023-06-12T20:35:27,15,0,2,15
2023-06-12T20:47:11,15,0,2,15
2023-06-12T20:58:57,15,0,2,15
2023-06-12T21:10:42,15,0,2,15
2023-06-12T21:22:38,15,0,2,15
2023-06-12T21:34:23,15,0,2,15
2023-06-12T21:46:09,15,0,2,15
2023-06-12T21:57:54,15,0,2,15
2023-06-12T22:09:40,15,0,2,15
2023-06-12T22:21:26,15,0,2,15
2023-06-12T22:33:12,15,0,2,15
2023-06-12T22:44:57,15,0,2,15
2023-06-12T22:56:42,15,0,2,15
2023-06-12T23:08:29,15,0,2,15
2023-06-12T23:20:25,15,0,2,15
2023-06-12T23:32:11,15,0,2,15
2023-06-12T23:43:57,15,0,2,15
2023-06-12T23:55:43,15,0,2,15
2023-06-13T00:07:30,15,0,2,15
2023-06-13T00:19:20,15,0,2,15
2023-06-13T00:31:10,15,0,2,15
2023-06-13T00:42:58,15,0,2,15
2023-06-13T00:54:47,15,0,2,15
2023-06-13T01:06:36,15,0,2,15
2023-06-13T01:18:26,15,0,2,15
2023-06-13T01:30:15,15,0,2,15
2023-06-13T01:42:03,15,0,2,15
2023-06-13T01:54:01,15,0,2,15
2023-06-13T02:05:48,15,0,2,15
2023-06-13T02:17:33,15,0,2,15
2023-06-13T02:29:18,15,0,2,15
2023-06-13T02:41:04,15,0,2,15
2023-06-13T02:52:50,15,0,2,15
2023-06-13T03:04:39,15,0,2,15
2023-06-13T03:16:27,15,0,2,15
2023-06-13T03:28:14,15,0,2,15
2023-06-13T03:40:02,15,0,2,15
2023-06-13T03:51:49,15,0,2,15
2023-06-13T04:03:37,15,0,2,15
2023-06-13T04:21:10,15,0,2,15
2023-06-13T04:32:59,15,0,2,15
2023-06-13T04:46:11,15,0,2,15
2023-06-13T04:58:20,15,0,2,15
2023-06-13T05:10:07,15,0,2,15
2023-06-13T05:21:59,15,0,2,15
2023-06-13T05:33:55,15,0,2,15
2023-06-13T05:45:45,15,0,2,15
2023-06-13T05:57:34,15,0,2,15
2023-06-13T06:09:23,15,0,2,15
2023-06-13T06:21:11,15,0,2,15
2023-06-13T06:32:59,15,0,2,15
2023-06-13T06:44:48,15,0,2,15
2023-06-13T06:56:36,15,0,2,15
2023-06-13T07:08:24,15,0,2,15
2023-06-13T07:20:13,15,0,2,15
2023-06-13T07:31:59,15,0,2,15
2023-06-13T07:43:45,15,0,2,15
2023-06-13T07:55:32,15,0,2,15
2023-06-13T08:07:20,15,0,2,15
2023-06-13T08:19:08,15,0,2,15
2023-06-13T08:30:54,15,0,2,15
2023-06-13T08:42:50,15,0,2,15
2023-06-13T08:54:36,15,0,2,15
2023-06-13T09:06:24,15,0,2,15
2023-06-13T09:18:12,15,0,2,15
2023-06-13T09:29:59,15,0,2,15
2023-06-13T09:41:45,15,0,2,15
2023-06-13T09:53:33,15,0,2,15
2023-06-13T10:05:20,15,0,2,15
2023-06-13T10:17:07,15,0,2,15
2023-06-13T10:29:10,15,0,2,15
2023-06-13T10:40:56,15,0,2,15
2023-06-13T10:52:42,15,0,2,15
2023-06-13T11:04:28,15,0,2,15
2023-06-13T11:16:13,15,0,2,15
2023-06-13T11:28:00,15,0,2,15
2023-06-13T11:39:45,15,0,2,15
2023-06-13T11:51:31,15,0,2,15
2023-06-13T12:03:28,15,0,2,15
2023-06-13T12:15:15,15,0,2,15
2023-06-13T12:27:01,15,0,2,15
2023-06-13T12:38:47,15,0,2,15
2023-06-13T12:50:33,15,0,2,15
2023-06-13T13:02:18,15,0,2,15
2023-06-13T13:14:04,15,0,2,15
2023-06-13T13:25:50,15,0,2,15
2023-06-13T13:37:35,15,0,2,15
2023-06-13T13:49:34,15,0,2,15
2023-06-13T14:01:20,15,0,2,15
2023-06-13T14:13:08,15,0,2,15
2023-06-13T14:24:55,15,0,2,15
2023-06-13T14:36:43,15,0,2,15
2023-06-13T14:48:30,15,0,2,15
2023-06-13T15:00:17,15,0,2,15
2023-06-13T15:12:05,15,0,2,15
2023-06-13T15:24:04,15,0,2,15
2023-06-13T15:35:52,15,0,2,15
2023-06-13T15:47:39,15,0,2,15
2023-06-13T15:59:26,15,0,2,15
2023-06-13T16:11:13,15,0,2,15
2023-06-13T16:23:00,15,0,2,15
2023-06-13T16:34:48,15,0,2,15
2023-06-13T16:46:34,15,0,2,15
2023-06-13T16:58:32,15,0,2,15
2023-06-13T17:10:20,15,0,2,15
2023-06-13T17:22:08,15,0,2,15
2023-06-13T17:33:56,15,0,2,15
2023-06-13T17:45:44,15,0,2,15
2023-06-13T17:57:31,15,0,2,15
2023-06-13T18:09:18,15,0,2,15
2023-06-13T18:21:05,15,0,2,15
2023-06-13T18:32:52,15,0,2,15
2023-06-13T18:44:39,15,0,2,15
2023-06-13T18:56:36,15,0,2,15
2023-06-13T19:08:23,15,0,2,15
2023-06-13T19:20:10,15,0,2,15
2023-06-13T19:31:58,15,0,2,15
2023-06-13T19:43:45,15,0,2,15
2023-06-13T19:55:31,15,0,2,15
2023-06-13T20:07:19,15,0,2,15
2023-06-13T20:19:07,15,0,2,15
2023-06-13T20:30:54,15,0,2,15
2023-06-13T20:42:53,15,0,2,15
2023-06-13T20:54:40,15,0,2,15
2023-06-13T21:06:27,15,0,2,15
2023-06-13T21:18:13,15,0,2,15
2023-06-13T21:30:01,15,0,2,15
2023-06-13T21:41:48,15,0,2,15
2023-06-13T21:53:35,15,0,2,15
2023-06-13T22:05:23,15,0,2,15
2023-06-13T22:17:16,15,0,2,15
2023-06-13T22:29:02,15,0,2,15
2023-06-13T22:41:00,15,0,2,15
2023-06-13T22:52:47,15,0,2,15
2023-06-13T23:04:35,15,0,2,15
2023-06-13T23:16:23,15,0,2,15
2023-06-13T23:28:11,15,0,2,15
2023-06-13T23:39:58,15,0,2,15
2023-06-13T23:51:46,15,0,2,15
2023-06-14T00:03:35,15,0,2,15
2023-06-14T00:15:26,15,0,2,15
2023-06-14T00:27:17,15,0,2,15
2023-06-14T00:39:07,15,0,2,15
2023-06-14T00:50:58,15,0,2,15
2023-06-14T01:03:00,15,0,2,15
2023-06-14T01:14:51,15,0,2,15
2023-06-14T01:26:42,15,0,2,15
2023-06-14T01:38:34,15,0,2,15
2023-06-14T01:50:27,15,0,2,15
2023-06-14T02:02:18,15,0,2,15
2023-06-14T02:14:08,15,0,2,15
2023-06-14T02:25:58,15,0,2,15
2023-06-14T02:37:47,15,0,2,15
2023-06-14T02:49:38,15,0,2,15
2023-06-14T03:01:29,15,0,2,15
2023-06-14T03:13:20,15,0,2,15
2023-06-14T03:25:22,15,0,2,15
2023-06-14T03:37:14,15,0,2,15
2023-06-14T03:49:05,15,0,2,15
2023-06-14T04:00:55,15,0,2,15
2023-06-14T04:12:57,15,0,2,15
2023-06-14T04:29:20,15,0,2,15
2023-06-14T04:41:38,15,0,2,15
2023-06-14T04:53:31,15,0,2,15
2023-06-14T05:05:23,15,0,2,15
2023-06-14T05:17:14,15,0,2,15
2023-06-14T05:29:04,15,0,2,15
2023-06-14T05:40:56,15,0,2,15
2023-06-14T05:52:47,15,0,2,15
2023-06-14T06:04:38,15,0,2,15
2023-06-14T06:16:29,15,0,2,15
2023-06-14T06:28:20,15,0,2,15
2023-06-14T06:40:15,15,0,2,15
2023-06-14T06:52:13,15,0,2,15
2023-06-14T07:04:03,15,0,2,15
2023-06-14T07:15:53,15,0,2,15
2023-06-14T07:27:55,15,0,2,15
2023-06-14T07:39:43,15,0,2,15
2023-06-14T07:51:33,15,0,2,15
2023-06-14T08:03:23,15,0,2,15
2023-06-14T08:15:12,15,0,2,15
2023-06-14T08:27:10,15,0,2,15
2023-06-14T08:39:01,15,0,2,15
2023-06-14T08:50:50,15,0,2,15
2023-06-14T09:02:38,15,0,2,15
2023-06-14T09:14:26,15,0,2,15
2023-06-14T09:26:15,15,0,2,15
2023-06-14T09:38:03,15,0,2,15
2023-06-14T09:49:51,15,0,2,15
2023-06-14T10:01:51,15,0,2,15
2023-06-14T10:13:41,15,0,2,15
2023-06-14T10:25:30,15,0,2,15
2023-06-14T10:37:19,15,0,2,15
2023-06-14T10:49:08,15,0,2,15
2023-06-14T11:00:57,15,0,2,15
2023-06-14T11:12:47,15,0,2,15
2023-06-14T11:24:38,15,0,2,15
2023-06-14T11:36:38,15,0,2,15
2023-06-14T11:48:28,15,0,2,15
2023-06-14T12:00:17,15,0,2,15
2023-06-14T12:12:06,15,0,2,15
2023-06-14T12:23:54,15,0,2,15
2023-06-14T12:35:43,15,0,2,15
2023-06-14T12:47:31,15,0,2,15
2023-06-14T12:59:20,15,0,2,15
2023-06-14T13:11:09,15,0,2,15
2023-06-14T13:23:10,15,0,2,15
2023-06-14T13:35:00,15,0,2,15
2023-06-14T13:46:56,15,0,2,15
2023-06-14T13:58:56,15,0,2,15
2023-06-14T14:11:01,15,0,2,15
2023-06-14T14:23:10,15,0,2,15
2023-06-14T14:35:26,15,0,2,15
2023-06-14T14:47:42,15,0,2,15
2023-06-14T15:00:07,15,0,2,15
2023-06-14T15:12:21,15,0,2,15
2023-06-14T15:24:36,15,0,2,15
2023-06-14T15:36:51,15,0,2,15
2023-06-14T15:49:06,15,0,2,15
2023-06-14T16:01:21,15,0,2,15
2023-06-14T16:13:37,15,0,2,15
2023-06-14T16:26:02,15,0,2,15
2023-06-14T16:38:17,15,0,2,15
2023-06-14T16:50:32,15,0,2,15
2023-06-14T17:02:47,15,0,2,15
2023-06-14T17:15:04,15,0,2,15
2023-06-14T17:27:18,15,0,2,15
2023-06-14T17:39:33,15,0,2,15
2023-06-14T17:51:58,15,0,2,15
2023-06-14T18:04:12,15,0,2,15
2023-06-14T18:16:27,15,0,2,15
2023-06-14T18:28:41,15,0,2,15
2023-06-14T18:40:54,15,0,2,15
2023-06-14T18:53:09,15,0,2,15
2023-06-14T19:05:23,15,0,2,15
2023-06-14T19:17:50,15,0,2,15
2023-06-14T19:30:04,15,0,2,15
2023-06-14T19:42:18,15,0,2,15
2023-06-14T19:54:32,15,0,2,15
2023-06-14T20:06:49,15,0,2,15
2023-06-14T20:19:03,15,0,2,15
2023-06-14T20:31:17,15,0,2,15
2023-06-14T20:43:31,15,0,2,15
2023-06-14T20:55:56,15,0,2,15
2023-06-14T21:08:10,15,0,2,15
2023-06-14T21:20:24,15,0,2,15
2023-06-14T21:32:38,15,0,2,15
2023-06-14T21:44:52,15,0,2,15
2023-06-14T21:57:06,15,0,2,15
2023-06-14T22:09:20,15,0,2,15
2023-06-14T22:21:34,15,0,2,15
2023-06-14T22:33:49,15,0,2,15
2023-06-14T22:46:14,15,0,2,15
2023-06-14T22:58:29,15,0,2,15
2023-06-14T23:10:45,15,0,2,15
2023-06-14T23:22:59,15,0,2,15
2023-06-14T23:35:14,15,0,2,15
2023-06-14T23:47:28,15,0,2,15
2023-06-14T23:59:42,15,0,2,15
2023-06-15T00:11:58,15,0,2,15
2023-06-15T00:24:19,15,0,2,15
2023-06-15T00:36:37,15,0,2,15
2023-06-15T00:49:07,15,0,2,15
2023-06-15T01:01:27,15,0,2,15
2023-06-15T01:13:46,15,0,2,15
2023-06-15T01:26:02,15,0,2,15
2023-06-15T01:38:20,15,0,2,15
2023-06-15T01:50:37,15,0,2,15
2023-06-15T02:02:54,15,0,2,15
2023-06-15T02:15:10,15,0,2,15
2023-06-15T02:27:27,15,0,2,15
2023-06-15T02:39:44,15,0,2,15
2023-06-15T02:51:58,15,0,2,15
2023-06-15T03:04:25,15,0,2,15
2023-06-15T03:16:42,15,0,2,15
2023-06-15T03:28:59,15,0,2,15
2023-06-15T03:41:15,15,0,2,15
2023-06-15T03:53:32,15,0,2,15
2023-06-15T04:05:49,15,0,2,15
2023-06-15T04:21:51,15,0,2,15
2023-06-15T04:34:13,15,0,2,15
2023-06-15T04:47:17,15,0,2,15
2023-06-15T05:00:29,15,0,2,15
2023-06-15T05:12:48,15,0,2,15
2023-06-15T05:25:07,15,0,2,15
2023-06-15T05:37:24,15,0,2,15
2023-06-15T05:49:43,15,0,2,15
2023-06-15T06:02:00,15,0,2,15
2023-06-15T06:14:17,15,0,2,15
2023-06-15T06:26:34,15,0,2,15
2023-06-15T06:38:50,15,0,2,15
2023-06-15T06:51:07,15,0,2,15
2023-06-15T07:03:23,15,0,2,15
2023-06-15T07:15:40,15,0,2,15
2023-06-15T07:27:58,15,0,2,15
2023-06-15T07:40:24,15,0,2,15
2023-06-15T07:52:40,15,0,2,15
2023-06-15T08:04:56,15,0,2,15
2023-06-15T08:17:12,15,0,2,15
2023-06-15T08:29:29,15,0,2,15
2023-06-15T08:41:45,15,0,2,15
2023-06-15T08:54:00,15,0,2,15
2023-06-15T09:06:16,15,0,2,15
2023-06-15T09:18:32,15,0,2,15
2023-06-15T09:30:47,15,0,2,15
2023-06-15T09:43:03,15,0,2,15
2023-06-15T09:55:18,15,0,2,15
2023-06-15T10:07:42,15,0,2,15
2023-06-15T10:19:56,15,0,2,15
2023-06-15T10:32:10,15,0,2,15
2023-06-15T10:44:24,15,0,2,15
2023-06-15T10:56:38,15,0,2,15
2023-06-15T11:08:53,15,0,2,15
2023-06-15T11:21:06,15,0,2,15
2023-06-15T11:33:20,15,0,2,15
2023-06-15T11:45:46,15,0,2,15
2023-06-15T11:57:59,15,0,2,15
2023-06-15T12:10:17,15,0,2,15
2023-06-15T12:22:31,15,0,2,15
2023-06-15T12:34:47,15,0,2,15
2023-06-15T12:47:01,15,0,2,15
2023-06-15T12:59:15,15,0,2,15
2023-06-15T13:11:29,15,0,2,15
2023-06-15T13:23:53,15,0,2,15
2023-06-15T13:36:08,15,0,2,15
2023-06-15T13:48:23,15,0,2,15
2023-06-15T14:00:37,15,0,2,15
2023-06-15T14:12:52,15,0,2,15
2023-06-15T14:25:06,15,0,2,15
2023-06-15T14:37:31,15,0,2,15
2023-06-15T14:49:46,15,0,2,15
2023-06-15T15:02:00,15,0,2,15
2023-06-15T15:14:14,15,0,2,15
2023-06-15T15:26:28,15,0,2,15
2023-06-15T15:38:42,15,0,2,15
2023-06-15T15:50:56,15,0,2,15
2023-06-15T16:03:22,15,0,2,15
2023-06-15T16:15:36,15,0,2,15
2023-06-15T16:27:49,15,0,2,15
2023-06-15T16:40:04,15,0,2,15
2023-06-15T16:52:17,15,0,2,15
2023-06-15T17:04:31,15,0,2,15
2023-06-15T17:16:46,15,0,2,15
2023-06-15T17:29:00,15,0,2,15
2023-06-15T17:41:15,15,0,2,15
2023-06-15T17:53:39,15,0,2,15
2023-06-15T18:05:53,15,0,2,15
2023-06-15T18:18:08,15,0,2,15
2023-06-15T18:30:22,15,0,2,15
2023-06-15T18:42:36,15,0,2,15
2023-06-15T18:54:51,15,0,2,15
2023-06-15T19:07:06,15,0,2,15
2023-06-15T19:19:20,15,0,2,15
2023-06-15T19:31:45,15,0,2,15
2023-06-15T19:44:00,15,0,2,15
2023-06-15T19:56:14,15,0,2,15
2023-06-15T20:08:28,15,0,2,15
2023-06-15T20:20:42,15,0,2,15
2023-06-15T20:32:56,15,0,2,15
2023-06-15T20:45:10,15,0,2,15
2023-06-15T20:57:25,15,0,2,15
2023-06-15T21:09:50,15,0,2,15
2023-06-15T21:22:05,15,0,2,15
2023-06-15T21:34:20,15,0,2,15
2023-06-15T21:46:34,15,0,2,15
2023-06-15T21:58:49,15,0,2,15
2023-06-15T22:11:03,15,0,2,15
2023-06-15T22:23:17,15,0,2,15
2023-06-15T22:35:32,15,0,2,15
2023-06-15T22:47:46,15,0,2,15
2023-06-15T23:00:01,15,0,2,15
2023-06-15T23:12:27,15,0,2,15
2023-06-15T23:24:43,15,0,2,15
2023-06-15T23:36:58,15,0,2,15
2023-06-15T23:49:13,15,0,2,15
2023-06-16T00:01:28,15,0,2,15
2023-06-16T00:13:44,15,0,2,15
2023-06-16T00:26:00,15,0,2,15
2023-06-16T00:38:13,15,0,2,15
2023-06-16T00:50:27,15,0,2,15
2023-06-16T01:02:43,15,0,2,15
2023-06-16T01:14:58,15,0,2,15
2023-06-16T01:27:23,15,0,2,15
2023-06-16T01:39:38,15,0,2,15
2023-06-16T01:51:53,15,0,2,15
2023-06-16T02:04:06,15,0,2,15
2023-06-16T02:16:24,15,0,2,15
2023-06-16T02:28:38,15,0,2,15
2023-06-16T02:40:54,15,0,2,15
2023-06-16T02:53:10,15,0,2,15
2023-06-16T03:05:26,15,0,2,15
2023-06-16T03:17:44,15,0,2,15
2023-06-16T03:30:04,15,0,2,15
2023-06-16T03:42:21,15,0,2,15
2023-06-16T03:54:37,15,0,2,15
2023-06-16T04:06:56,15,0,2,15
2023-06-16T04:17:49,15,0,2,15
2023-06-16T04:30:10,15,0,2,15
2023-06-16T04:42:30,15,0,2,15
2023-06-16T04:56:16,15,0,2,15
2023-06-16T05:08:55,15,0,2,15
2023-06-16T05:21:13,15,0,2,15
2023-06-16T05:33:31,15,0,2,15
2023-06-16T05:45:49,15,0,2,15
2023-06-16T05:58:08,15,0,2,15
2023-06-16T06:10:25,15,0,2,15
2023-06-16T06:22:43,15,0,2,15
2023-06-16T06:35:00,15,0,2,15
2023-06-16T06:47:18,15,0,2,15
2023-06-16T06:59:35,15,0,2,15
2023-06-16T07:11:52,15,0,2,15
2023-06-16T07:24:08,15,0,2,15
2023-06-16T07:36:24,15,0,2,15
2023-06-16T07:48:39,15,0,2,15
2023-06-16T08:00:56,15,0,2,15
2023-06-16T08:13:22,15,0,2,15
2023-06-16T08:25:38,15,0,2,15
2023-06-16T08:37:57,15,0,2,15
2023-06-16T08:50:13,15,0,2,15
2023-06-16T09:02:32,15,0,2,15
2023-06-16T09:14:48,15,0,2,15
2023-06-16T09:27:04,15,0,2,15
2023-06-16T09:39:19,15,0,2,15
2023-06-16T09:51:35,15,0,2,15
2023-06-16T10:03:50,15,0,2,15
2023-06-16T10:16:06,15,0,2,15
2023-06-16T11:00:55,15,0,2,15
2023-06-16T11:13:10,15,0,2,15
2023-06-16T11:25:26,15,0,2,15
2023-06-16T11:37:42,15,0,2,15
2023-06-16T11:49:57,15,0,2,15
2023-06-16T12:02:22,15,0,2,15
2023-06-16T12:14:38,15,0,2,15
2023-06-16T12:26:54,15,0,2,15
2023-06-16T12:39:09,15,0,2,15
2023-06-16T12:51:24,15,0,2,15
2023-06-16T13:03:40,15,0,2,15
2023-06-16T13:15:55,15,0,2,15
2023-06-16T13:28:11,15,0,2,15
2023-06-16T13:40:26,15,0,2,15
2023-06-16T13:52:53,15,0,2,15
2023-06-16T14:05:08,15,0,2,15
2023-06-16T14:17:24,15,0,2,15
2023-06-16T14:29:39,15,0,2,15
2023-06-16T14:41:54,15,0,2,15
2023-06-16T14:54:10,15,0,2,15
2023-06-16T15:06:25,15,0,2,15
2023-06-16T15:18:53,15,0,2,15
2023-06-16T15:31:08,15,0,2,15
2023-06-16T15:43:24,15,0,2,15
2023-06-16T15:55:40,15,0,2,15
2023-06-16T16:07:55,15,0,2,15
2023-06-16T16:20:11,15,0,2,15
2023-06-16T16:32:26,15,0,2,15
2023-06-16T16:44:42,15,0,2,15
2023-06-16T16:56:57,15,0,2,15
2023-06-16T17:09:23,15,0,2,15
2023-06-16T17:21:39,15,0,2,15
2023-06-16T17:33:54,15,0,2,15
2023-06-16T17:46:10,15,0,2,15
2023-06-16T17:58:25,15,0,2,15
2023-06-16T18:10:40,15,0,2,15
2023-06-16T18:22:56,15,0,2,15
2023-06-16T18:35:12,15,0,2,15
2023-06-16T18:47:28,15,0,2,15
2023-06-16T18:59:43,15,0,2,15
2023-06-16T19:12:00,15,0,2,15
2023-06-16T19:24:28,15,0,2,15
2023-06-16T19:36:43,15,0,2,15
2023-06-16T19:48:59,15,0,2,15
2023-06-16T20:01:15,15,0,2,15
2023-06-16T20:13:31,15,0,2,15
2023-06-16T20:25:46,15,0,2,15
2023-06-16T20:38:02,15,0,2,15
2023-06-16T20:50:18,15,0,2,15
2023-06-16T21:02:33,15,0,2,15
2023-06-16T21:14:49,15,0,2,15
2023-06-16T21:27:15,15,0,2,15
2023-06-16T21:39:31,15,0,2,15
2023-06-16T21:51:47,15,0,2,15
2023-06-16T22:04:03,15,0,2,15
2023-06-16T22:16:18,15,0,2,15
2023-06-16T22:28:33,15,0,2,15
2023-06-16T22:40:48,15,0,2,15
2023-06-16T22:53:03,15,0,2,15
2023-06-16T23:05:22,15,0,2,15
2023-06-16T23:17:48,15,0,2,15
2023-06-16T23:30:04,15,0,2,15
2023-06-16T23:42:20,15,0,2,15
2023-06-16T23:54:37,15,0,2,15
2023-06-17T00:06:54,15,0,2,15
2023-06-17T00:19:18,15,0,2,15
2023-06-17T00:31:37,15,0,2,15
2023-06-17T00:43:58,15,0,2,15
2023-06-17T00:56:17,15,0,2,15
2023-06-17T01:08:37,15,0,2,15
2023-06-17T01:20:56,15,0,2,15
2023-06-17T01:33:15,15,0,2,15
2023-06-17T01:45:34,15,0,2,15
2023-06-17T01:57:54,15,0,2,15
2023-06-17T02:10:23,15,0,2,15
2023-06-17T02:22:44,15,0,2,15
2023-06-17T02:35:02,15,0,2,15
2023-06-17T02:47:19,15,0,2,15
2023-06-17T02:59:35,15,0,2,15
2023-06-17T03:11:52,15,0,2,15
2023-06-17T03:24:10,15,0,2,15
2023-06-17T03:36:28,15,0,2,15
2023-06-17T03:48:46,15,0,2,15
2023-06-17T04:01:04,15,0,2,15
2023-06-17T04:13:23,15,0,2,15
2023-06-17T04:29:54,15,0,2,15
2023-06-17T04:43:08,15,0,2,15
2023-06-17T04:56:07,15,0,2,15
2023-06-17T05:08:26,15,0,2,15
2023-06-17T05:20:42,15,0,2,15
2023-06-17T05:33:00,15,0,2,15
2023-06-17T05:45:35,15,0,2,15
2023-06-17T05:57:54,15,0,2,15
2023-06-17T06:10:15,15,0,2,15
2023-06-17T06:22:33,15,0,2,15
2023-06-17T06:34:52,15,0,2,15
2023-06-17T06:47:11,15,0,2,15
2023-06-17T06:59:30,15,0,2,15
2023-06-17T07:11:50,15,0,2,15
2023-06-17T07:24:08,15,0,2,15
2023-06-17T07:36:39,15,0,2,15
2023-06-17T07:48:57,15,0,2,15
2023-06-17T08:01:15,15,0,2,15
2023-06-17T08:13:34,15,0,2,15
2023-06-17T08:25:53,15,0,2,15
2023-06-17T08:38:11,15,0,2,15
2023-06-17T08:50:30,15,0,2,15
2023-06-17T09:02:49,15,0,2,15
2023-06-17T09:15:07,15,0,2,15
2023-06-17T09:27:27,15,0,2,15
2023-06-17T09:39:44,15,0,2,15
2023-06-17T09:52:14,15,0,2,15
2023-06-17T10:04:33,15,0,2,15
2023-06-17T10:16:51,15,0,2,15
2023-06-17T10:29:09,15,0,2,15
2023-06-17T10:41:28,15,0,2,15
2023-06-17T10:53:46,15,0,2,15
2023-06-17T11:06:04,15,0,2,15
2023-06-17T11:18:23,15,0,2,15
2023-06-17T11:30:40,15,0,2,15
2023-06-17T11:42:57,15,0,2,15
2023-06-17T11:55:26,15,0,2,15
2023-06-17T12:07:44,15,0,2,15
2023-06-17T12:19:59,15,0,2,15
2023-06-17T12:32:14,15,0,2,15
2023-06-17T12:44:29,15,0,2,15
2023-06-17T12:56:44,15,0,2,15
2023-06-17T13:09:00,15,0,2,15
2023-06-17T13:21:15,15,0,2,15
2023-06-17T13:33:50,15,0,2,15
2023-06-17T13:46:07,15,0,2,15
2023-06-17T13:58:22,15,0,2,15
2023-06-17T14:10:38,15,0,2,15
2023-06-17T14:22:53,15,0,2,15
2023-06-17T14:35:08,15,0,2,15
2023-06-17T14:47:24,15,0,2,15
2023-06-17T14:59:40,15,0,2,15
2023-06-17T15:11:55,15,0,2,15
2023-06-17T15:24:10,15,0,2,15
2023-06-17T15:36:36,15,0,2,15
2023-06-17T15:48:50,15,0,2,15
2023-06-17T16:01:05,15,0,2,15
2023-06-17T16:13:20,15,0,2,15
2023-06-17T16:25:35,15,0,2,15
2023-06-17T16:37:51,15,0,2,15
2023-06-17T16:50:06,15,0,2,15
2023-06-17T17:02:21,15,0,2,15
2023-06-17T17:14:37,15,0,2,15
2023-06-17T17:26:52,15,0,2,15
2023-06-17T17:39:08,15,0,2,15
2023-06-17T17:51:23,15,0,2,15
2023-06-17T18:03:49,15,0,2,15
2023-06-17T18:16:04,15,0,2,15
2023-06-17T18:28:20,15,0,2,15
2023-06-17T18:40:36,15,0,2,15
2023-06-17T18:52:51,15,0,2,15
2023-06-17T19:05:07,15,0,2,15
2023-06-17T19:17:22,15,0,2,15
2023-06-17T19:29:38,15,0,2,15
2023-06-17T19:41:53,15,0,2,15
2023-06-17T19:54:09,15,0,2,15
2023-06-17T20:06:24,15,0,2,15
2023-06-17T20:18:39,15,0,2,15
2023-06-17T20:30:54,15,0,2,15
2023-06-17T20:43:20,15,0,2,15
2023-06-17T20:55:35,15,0,2,15
2023-06-17T21:07:50,15,0,2,15
2023-06-17T21:20:06,15,0,2,15
2023-06-17T21:32:21,15,0,2,15
2023-06-17T21:44:37,15,0,2,15
2023-06-17T21:56:52,15,0,2,15
2023-06-17T22:09:08,15,0,2,15
2023-06-17T22:21:23,15,0,2,15
2023-06-17T22:33:39,15,0,2,15
2023-06-17T22:45:54,15,0,2,15
2023-06-17T22:58:21,15,0,2,15
2023-06-17T23:10:38,15,0,2,15
2023-06-17T23:22:54,15,0,2,15
2023-06-17T23:35:11,15,0,2,15
2023-06-17T23:47:26,15,0,2,15
2023-06-17T23:59:43,15,0,2,15
2023-06-18T00:12:00,15,0,2,15
2023-06-18T00:24:17,15,0,2,15
2023-06-18T00:36:33,15,0,2,15
2023-06-18T00:48:52,15,0,2,15
2023-06-18T01:18:15,15,0,2,15
2023-06-18T01:30:34,15,0,2,15
2023-06-18T01:42:53,15,0,2,15
2023-06-18T01:55:13,15,0,2,15
2023-06-18T02:07:33,15,0,2,15
2023-06-18T02:20:38,15,0,2,15
2023-06-18T02:32:56,15,0,2,15
2023-06-18T02:45:15,15,0,2,15
2023-06-18T02:57:34,15,0,2,15
2023-06-18T03:09:55,15,0,2,15
2023-06-18T03:22:15,15,0,2,15
2023-06-18T03:34:45,15,0,2,15
2023-06-18T03:47:03,15,0,2,15
2023-06-18T03:59:21,15,0,2,15
2023-06-18T04:11:39,15,0,2,15
2023-06-18T04:30:41,15,0,2,15
2023-06-18T04:43:26,15,0,2,15
2023-06-18T04:55:47,15,0,2,15
2023-06-18T05:08:07,15,0,2,15
2023-06-18T05:20:27,15,0,2,15
2023-06-18T05:32:45,15,0,2,15
2023-06-18T05:45:04,15,0,2,15
2023-06-18T05:57:22,15,0,2,15
2023-06-18T06:09:41,15,0,2,15
2023-06-18T06:22:00,15,0,2,15
2023-06-18T06:34:18,15,0,2,15
2023-06-18T06:46:36,15,0,2,15
2023-06-18T06:58:56,15,0,2,15
2023-06-18T07:11:14,15,0,2,15
2023-06-18T07:23:32,15,0,2,15
2023-06-18T07:35:48,15,0,2,15
2023-06-18T07:48:05,15,0,2,15
2023-06-18T08:00:24,15,0,2,15
2023-06-18T08:12:41,15,0,2,15
2023-06-18T08:24:57,15,0,2,15
2023-06-18T08:37:13,15,0,2,15
2023-06-18T08:49:28,15,0,2,15
2023-06-18T09:01:57,15,0,2,15
2023-06-18T09:14:12,15,0,2,15
2023-06-18T09:26:28,15,0,2,15
2023-06-18T09:38:43,15,0,2,15
2023-06-18T09:50:57,15,0,2,15
2023-06-18T10:03:15,15,0,2,15
2023-06-18T10:15:34,15,0,2,15
2023-06-18T10:27:50,15,0,2,15
2023-06-18T10:40:07,15,0,2,15
2023-06-18T10:52:23,15,0,2,15
2023-06-18T11:04:41,15,0,2,15
2023-06-18T11:16:59,15,0,2,15
2023-06-18T11:29:28,15,0,2,15
2023-06-18T11:41:45,15,0,2,15
2023-06-18T11:54:02,15,0,2,15
2023-06-18T12:06:17,15,0,2,15
2023-06-18T12:18:31,15,0,2,15
2023-06-18T12:30:46,15,0,2,15
2023-06-18T12:43:01,15,0,2,15
2023-06-18T12:55:17,15,0,2,15
2023-06-18T13:07:48,15,0,2,15
2023-06-18T13:20:03,15,0,2,15
2023-06-18T13:32:18,15,0,2,15
2023-06-18T13:44:33,15,0,2,15
2023-06-18T13:56:48,15,0,2,15
2023-06-18T14:09:04,15,0,2,15
2023-06-18T14:21:18,15,0,2,15
2023-06-18T14:33:33,15,0,2,15
2023-06-18T14:45:48,15,0,2,15
2023-06-18T14:58:13,15,0,2,15
2023-06-18T15:10:27,15,0,2,15
2023-06-18T15:22:42,15,0,2,15
2023-06-18T15:34:58,15,0,2,15
2023-06-18T15:47:14,15,0,2,15
2023-06-18T15:59:29,15,0,2,15
2023-06-18T16:11:44,15,0,2,15
2023-06-18T16:23:59,15,0,2,15
2023-06-18T16:36:15,15,0,2,15
2023-06-18T16:48:41,15,0,2,15
2023-06-18T17:00:56,15,0,2,15
2023-06-18T17:13:11,15,0,2,15
2023-06-18T17:25:26,15,0,2,15
2023-06-18T17:37:42,15,0,2,15
2023-06-18T17:49:57,15,0,2,15
2023-06-18T18:02:11,15,0,2,15
2023-06-18T18:14:27,15,0,2,15
2023-06-18T18:26:52,15,0,2,15
2023-06-18T18:39:08,15,0,2,15
2023-06-18T18:51:22,15,0,2,15
2023-06-18T19:03:39,15,0,2,15
2023-06-18T19:15:55,15,0,2,15
2023-06-18T19:28:10,15,0,2,15
2023-06-18T19:40:25,15,0,2,15
2023-06-18T19:52:40,15,0,2,15
2023-06-18T20:04:55,15,0,2,15
2023-06-18T20:17:10,15,0,2,15
2023-06-18T20:29:36,15,0,2,15
2023-06-18T20:41:51,15,0,2,15
2023-06-18T20:54:06,15,0,2,15
2023-06-18T21:06:21,15,0,2,15
2023-06-18T21:18:36,15,0,2,15
2023-06-18T21:30:52,15,0,2,15
2023-06-18T21:43:09,15,0,2,15
2023-06-18T21:55:24,15,0,2,15
2023-06-18T22:07:49,15,0,2,15
2023-06-18T22:20:04,15,0,2,15
2023-06-18T22:32:20,15,0,2,15
2023-06-18T22:44:35,15,0,2,15
2023-06-18T22:56:50,15,0,2,15
2023-06-18T23:09:07,15,0,2,15
2023-06-18T23:21:23,15,0,2,15
2023-06-18T23:33:40,15,0,2,15
2023-06-18T23:46:15,15,0,2,15
2023-06-18T23:58:32,15,0,2,15
2023-06-19T00:10:53,15,0,2,15
2023-06-19T00:23:27,15,0,2,15
2023-06-19T00:35:58,15,0,2,15
2023-06-19T00:48:25,15,0,2,15
2023-06-19T01:00:44,15,0,2,15
2023-06-19T01:13:08,15,0,2,15
2023-06-19T01:25:27,15,0,2,15
2023-06-19T01:37:58,15,0,2,15
2023-06-19T01:50:17,15,0,2,15
2023-06-19T02:02:46,15,0,2,15
2023-06-19T02:15:05,15,0,2,15
2023-06-19T02:27:23,15,0,2,15
2023-06-19T02:39:41,15,0,2,15
2023-06-19T02:51:58,15,0,2,15
2023-06-19T03:04:14,15,0,2,15
2023-06-19T03:16:34,15,0,2,15
2023-06-19T03:28:52,15,0,2,15
2023-06-19T03:41:10,15,0,2,15
2023-06-19T03:53:29,15,0,2,15
2023-06-19T04:06:07,15,0,2,15
2023-06-19T04:22:36,15,0,2,15
2023-06-19T04:34:56,15,0,2,15
2023-06-19T04:48:58,15,0,2,15
2023-06-19T05:01:18,15,0,2,15
2023-06-19T05:13:39,15,0,2,15
2023-06-19T05:25:57,15,0,2,15
2023-06-19T05:38:17,15,0,2,15
2023-06-19T05:50:40,15,0,2,15
2023-06-19T06:02:58,15,0,2,15
2023-06-19T06:15:17,15,0,2,15
2023-06-19T06:27:37,15,0,2,15
2023-06-19T06:39:55,15,0,2,15
2023-06-19T06:52:14,15,0,2,15
2023-06-19T07:04:33,15,0,2,15
2023-06-19T07:16:51,15,0,2,15
2023-06-19T07:29:08,15,0,2,15
2023-06-19T07:41:23,15,0,2,15
2023-06-19T07:53:37,15,0,2,15
2023-06-19T08:06:04,15,0,2,15
2023-06-19T08:18:20,15,0,2,15
2023-06-19T08:30:37,15,0,2,15
2023-06-19T08:42:53,15,0,2,15
2023-06-19T08:55:07,15,0,2,15
2023-06-19T09:07:23,15,0,2,15
2023-06-19T09:19:39,15,0,2,15
2023-06-19T09:31:55,15,0,2,15
2023-06-19T09:44:11,15,0,2,15
2023-06-19T09:56:36,15,0,2,15
2023-06-19T10:08:52,15,0,2,15
2023-06-19T10:21:08,15,0,2,15
2023-06-19T10:33:25,15,0,2,15
2023-06-19T10:45:41,15,0,2,15
2023-06-19T10:57:57,15,0,2,15
2023-06-19T11:10:13,15,0,2,15
2023-06-19T11:22:38,15,0,2,15
2023-06-19T11:34:53,15,0,2,15
2023-06-19T11:47:09,15,0,2,15
2023-06-19T11:59:24,15,0,2,15
2023-06-19T12:11:41,15,0,2,15
2023-06-19T12:23:56,15,0,2,15
2023-06-19T12:36:22,15,0,2,15
2023-06-19T12:48:39,15,0,2,15
2023-06-19T13:00:54,15,0,2,15
2023-06-19T13:13:10,15,0,2,15
2023-06-19T13:25:26,15,0,2,15
2023-06-19T13:37:42,15,0,2,15
2023-06-19T13:49:57,15,0,2,15
2023-06-19T14:02:24,15,0,2,15
2023-06-19T14:14:41,15,0,2,15
2023-06-19T14:26:57,15,0,2,15
2023-06-19T14:39:13,15,0,2,15
2023-06-19T14:51:28,15,0,2,15
2023-06-19T15:03:46,15,0,2,15
2023-06-19T15:16:13,15,0,2,15
2023-06-19T15:28:28,15,0,2,15
2023-06-19T15:40:44,15,0,2,15
2023-06-19T15:53:00,15,0,2,15
2023-06-19T16:05:15,15,0,2,15
2023-06-19T16:17:30,15,0,2,15
2023-06-19T16:29:46,15,0,2,15
2023-06-19T16:42:12,15,0,2,15
2023-06-19T16:54:28,15,0,2,15
2023-06-19T17:06:45,15,0,2,15
2023-06-19T17:19:01,15,0,2,15
2023-06-19T17:31:17,15,0,2,15
2023-06-19T17:43:34,15,0,2,15
2023-06-19T17:55:49,15,0,2,15
2023-06-19T18:08:15,15,0,2,15
2023-06-19T18:20:30,15,0,2,15
2023-06-19T18:32:46,15,0,2,15
2023-06-19T18:45:02,15,0,2,15
2023-06-19T18:57:18,15,0,2,15
2023-06-19T19:09:35,15,0,2,15
2023-06-19T19:21:55,15,0,2,15
2023-06-19T19:34:10,15,0,2,15
2023-06-19T19:46:36,15,0,2,15
2023-06-19T19:58:52,15,0,2,15
2023-06-19T20:11:08,15,0,2,15
2023-06-19T20:23:23,15,0,2,15
2023-06-19T20:35:39,15,0,2,15
2023-06-19T20:47:54,15,0,2,15
2023-06-19T21:00:20,15,0,2,15
2023-06-19T21:12:36,15,0,2,15
2023-06-19T21:24:51,15,0,2,15
2023-06-19T21:37:08,15,0,2,15
2023-06-19T21:49:25,15,0,2,15
2023-06-19T22:01:41,15,0,2,15
2023-06-19T22:14:07,15,0,2,15
2023-06-19T22:26:23,15,0,2,15
2023-06-19T22:38:39,15,0,2,15
2023-06-19T22:50:54,15,0,2,15
2023-06-19T23:03:11,15,0,2,15
2023-06-19T23:15:27,15,0,2,15
2023-06-19T23:27:56,15,0,2,15
2023-06-19T23:40:11,15,0,2,15
2023-06-19T23:52:28,15,0,2,15
2023-06-20T00:04:45,15,0,2,15
2023-06-20T00:17:04,15,0,2,15
2023-06-20T00:29:23,15,0,2,15
2023-06-20T00:41:43,15,0,2,15
2023-06-20T00:54:01,15,0,2,15
2023-06-20T01:06:32,15,0,2,15
2023-06-20T01:18:52,15,0,2,15
2023-06-20T01:31:11,15,0,2,15
2023-06-20T01:43:31,15,0,2,15
2023-06-20T01:55:48,15,0,2,15
2023-06-20T02:08:36,15,0,2,15
2023-06-20T02:20:55,15,0,2,15
2023-06-20T02:33:13,15,0,2,15
2023-06-20T02:45:30,15,0,2,15
2023-06-20T02:57:47,15,0,2,15
2023-06-20T03:10:04,15,0,2,15
2023-06-20T03:22:23,15,0,2,15
2023-06-20T03:34:42,15,0,2,15
2023-06-20T03:47:11,15,0,2,15
2023-06-20T03:59:29,15,0,2,15
2023-06-20T04:11:48,15,0,2,15
2023-06-20T04:29:04,15,0,2,15
2023-06-20T04:41:48,15,0,2,15
2023-06-20T04:54:09,15,0,2,15
2023-06-20T05:06:32,15,0,2,15
2023-06-20T05:18:50,15,0,2,15
2023-06-20T05:31:09,15,0,2,15
2023-06-20T05:43:28,15,0,2,15
2023-06-20T05:55:47,15,0,2,15
2023-06-20T06:08:08,15,0,2,15
2023-06-20T06:20:27,15,0,2,15
2023-06-20T06:32:45,15,0,2,15
2023-06-20T06:45:04,15,0,2,15
2023-06-20T06:57:22,15,0,2,15
2023-06-20T07:09:42,15,0,2,15
2023-06-20T07:21:58,15,0,2,15
2023-06-20T07:34:24,15,0,2,15
2023-06-20T07:46:39,15,0,2,15
2023-06-20T07:58:55,15,0,2,15
2023-06-20T08:11:11,15,0,2,15
2023-06-20T08:23:28,15,0,2,15
2023-06-20T08:35:45,15,0,2,15
2023-06-20T08:48:02,15,0,2,15
2023-06-20T09:00:20,15,0,2,15
2023-06-20T09:12:37,15,0,2,15
2023-06-20T09:25:04,15,0,2,15
2023-06-20T09:37:20,15,0,2,15
2023-06-20T09:49:36,15,0,2,15
2023-06-20T10:01:52,15,0,2,15
2023-06-20T10:14:08,15,0,2,15
2023-06-20T10:26:24,15,0,2,15
2023-06-20T10:38:53,15,0,2,15
2023-06-20T10:51:09,15,0,2,15
2023-06-20T11:03:26,15,0,2,15
2023-06-20T11:15:42,15,0,2,15
2023-06-20T11:27:58,15,0,2,15
2023-06-20T11:40:26,15,0,2,15
2023-06-20T11:52:42,15,0,2,15
2023-06-20T12:04:59,15,0,2,15
2023-06-20T12:17:15,15,0,2,15
2023-06-20T12:29:44,15,0,2,15
2023-06-20T12:42:00,15,0,2,15
2023-06-20T12:54:16,15,0,2,15
2023-06-20T13:06:33,15,0,2,15
2023-06-20T13:18:49,15,0,2,15
2023-06-20T13:31:16,15,0,2,15
2023-06-20T13:43:32,15,0,2,15
2023-06-20T13:55:48,15,0,2,15
2023-06-20T14:08:04,15,0,2,15
2023-06-20T14:20:20,15,0,2,15
2023-06-20T14:32:47,15,0,2,15
2023-06-20T14:45:03,15,0,2,15
2023-06-20T14:57:20,15,0,2,15
2023-06-20T15:09:36,15,0,2,15
2023-06-20T15:21:53,15,0,2,15
2023-06-20T15:34:22,15,0,2,15
2023-06-20T15:46:39,15,0,2,15
2023-06-20T15:58:56,15,0,2,15
2023-06-20T16:11:13,15,0,2,15
2023-06-20T16:23:32,15,0,2,15
2023-06-20T16:35:58,15,0,2,15
2023-06-20T16:48:15,15,0,2,15
2023-06-20T17:00:31,15,0,2,15
2023-06-20T17:12:48,15,0,2,15
2023-06-20T17:25:05,15,0,2,15
2023-06-20T17:37:34,15,0,2,15
2023-06-20T17:49:50,15,0,2,15
2023-06-20T18:02:06,15,0,2,15
2023-06-20T18:14:23,15,0,2,15
2023-06-20T18:26:41,15,0,2,15
2023-06-20T18:39:11,15,0,2,15
2023-06-20T18:51:28,15,0,2,15
2023-06-20T19:03:45,15,0,2,15
2023-06-20T19:16:01,15,0,2,15
2023-06-20T19:28:18,15,0,2,15
2023-06-20T19:40:47,15,0,2,15
2023-06-20T19:53:04,15,0,2,15
2023-06-20T20:05:21,15,0,2,15
2023-06-20T20:17:38,15,0,2,15
2023-06-20T20:29:55,15,0,2,15
2023-06-20T20:42:12,15,0,2,15
2023-06-20T20:54:43,15,0,2,15
2023-06-20T21:07:00,15,0,2,15
2023-06-20T21:19:16,15,0,2,15
2023-06-20T21:31:33,15,0,2,15
2023-06-20T21:44:01,15,0,2,15
2023-06-20T21:56:17,15,0,2,15
2023-06-20T22:08:34,15,0,2,15
2023-06-20T22:20:51,15,0,2,15
2023-06-20T22:33:07,15,0,2,15
2023-06-20T22:45:24,15,0,2,15
2023-06-20T22:57:53,15,0,2,15
2023-06-20T23:10:12,15,0,2,15
2023-06-20T23:22:29,15,0,2,15
2023-06-20T23:34:46,15,0,2,15
2023-06-20T23:47:03,15,0,2,15
2023-06-20T23:59:20,15,0,2,15
2023-06-21T00:11:58,15,0,2,15
2023-06-21T00:24:24,15,0,2,15
2023-06-21T00:36:45,15,0,2,15
2023-06-21T00:49:06,15,0,2,15
2023-06-21T01:01:27,15,0,2,15
2023-06-21T01:13:48,15,0,2,15
2023-06-21T01:26:09,15,0,2,15
2023-06-21T01:38:43,15,0,2,15
2023-06-21T01:51:04,15,0,2,15
2023-06-21T02:03:28,15,0,2,15
2023-06-21T02:15:48,15,0,2,15
2023-06-21T02:28:08,15,0,2,15
2023-06-21T02:40:26,15,0,2,15
2023-06-21T02:52:43,15,0,2,15
2023-06-21T03:05:00,15,0,2,15
2023-06-21T03:17:19,15,0,2,15
2023-06-21T03:29:49,15,0,2,15
2023-06-21T03:42:07,15,0,2,15
2023-06-21T03:54:26,15,0,2,15
2023-06-21T04:06:44,15,0,2,15
2023-06-21T04:19:34,15,0,2,15
2023-06-21T04:33:26,15,0,2,15
2023-06-21T04:46:08,15,0,2,15
2023-06-21T04:58:28,15,0,2,15
2023-06-21T05:10:48,15,0,2,15
2023-06-21T05:23:06,15,0,2,15
2023-06-21T05:35:23,15,0,2,15
2023-06-21T05:47:42,15,0,2,15
2023-06-21T05:59:58,15,0,2,15
2023-06-21T06:12:16,15,0,2,15
2023-06-21T06:24:32,15,0,2,15
2023-06-21T06:36:53,15,0,2,15
2023-06-21T06:49:30,15,0,2,15
2023-06-21T07:01:49,15,0,2,15
2023-06-21T07:14:09,15,0,2,15
2023-06-21T07:26:28,15,0,2,15
2023-06-21T07:38:45,15,0,2,15
2023-06-21T07:51:03,15,0,2,15
2023-06-21T08:03:23,15,0,2,15
2023-06-21T08:15:54,15,0,2,15
2023-06-21T08:28:14,15,0,2,15
2023-06-21T08:40:34,15,0,2,15
2023-06-21T08:52:53,15,0,2,15
2023-06-21T09:05:11,15,0,2,15
2023-06-21T09:17:31,15,0,2,15
2023-06-21T09:30:02,15,0,2,15
2023-06-21T09:42:21,15,0,2,15
2023-06-21T09:54:42,15,0,2,15
2023-06-21T10:07:02,15,0,2,15
2023-06-21T10:19:35,15,0,2,15
2023-06-21T10:31:55,15,0,2,15
2023-06-21T10:44:15,15,0,2,15
2023-06-21T10:56:39,15,0,2,15
2023-06-21T11:09:11,15,0,2,15
2023-06-21T11:21:33,15,0,2,15
2023-06-21T11:33:56,15,0,2,15
2023-06-21T11:46:29,15,0,2,15
2023-06-21T11:58:49,15,0,2,15
2023-06-21T12:11:08,15,0,2,15
2023-06-21T12:23:28,15,0,2,15
2023-06-21T12:35:56,15,0,2,15
2023-06-21T12:48:14,15,0,2,15
2023-06-21T13:00:31,15,0,2,15
2023-06-21T13:12:49,15,0,2,15
2023-06-21T13:25:17,15,0,2,15
2023-06-21T13:37:36,15,0,2,15
2023-06-21T13:49:56,15,0,2,15
2023-06-21T14:02:13,15,0,2,15
2023-06-21T14:14:41,15,0,2,15
2023-06-21T14:27:00,15,0,2,15
2023-06-21T14:39:18,15,0,2,15
2023-06-21T14:51:37,15,0,2,15
2023-06-21T15:04:09,15,0,2,15
2023-06-21T15:16:28,15,0,2,15
2023-06-21T15:28:47,15,0,2,15
2023-06-21T15:41:06,15,0,2,15
2023-06-21T15:53:37,15,0,2,15
2023-06-21T16:05:56,15,0,2,15
2023-06-21T16:18:15,15,0,2,15
2023-06-21T16:30:35,15,0,2,15
2023-06-21T16:42:53,15,0,2,15
2023-06-21T16:55:24,15,0,2,15
2023-06-21T17:07:44,15,0,2,15
2023-06-21T17:20:05,15,0,2,15
2023-06-21T17:32:24,15,0,2,15
2023-06-21T17:44:56,15,0,2,15
2023-06-21T17:57:15,15,0,2,15
2023-06-21T18:09:35,15,0,2,15
2023-06-21T18:21:57,15,0,2,15
2023-06-21T18:34:27,15,0,2,15
2023-06-21T18:46:46,15,0,2,15
2023-06-21T18:59:05,15,0,2,15
2023-06-21T19:11:25,15,0,2,15
2023-06-21T19:23:44,15,0,2,15
2023-06-21T19:36:03,15,0,2,15
2023-06-21T19:48:32,15,0,2,15
2023-06-21T20:00:51,15,0,2,15
2023-06-21T20:13:10,15,0,2,15
2023-06-21T20:25:30,15,0,2,15
2023-06-21T20:37:49,15,0,2,15
2023-06-21T20:50:22,15,0,2,15
2023-06-21T21:02:42,15,0,2,15
2023-06-21T21:15:02,15,0,2,15
2023-06-21T21:27:22,15,0,2,15
2023-06-21T21:39:42,15,0,2,15
2023-06-21T21:52:12,15,0,2,15
2023-06-21T22:04:32,15,0,2,15
2023-06-21T22:16:51,15,0,2,15
2023-06-21T22:29:11,15,0,2,15
2023-06-21T22:41:30,15,0,2,15
2023-06-21T22:54:01,15,0,2,15
2023-06-21T23:06:25,15,0,2,15
2023-06-21T23:18:44,15,0,2,15
2023-06-21T23:31:04,15,0,2,15
2023-06-21T23:43:24,15,0,2,15
2023-06-21T23:55:42,15,0,2,15
2023-06-22T00:08:05,15,0,2,15
2023-06-22T00:20:45,15,0,2,15
2023-06-22T00:33:07,15,0,2,15
2023-06-22T00:45:30,15,0,2,15
2023-06-22T00:57:53,15,0,2,15
2023-06-22T01:10:15,15,0,2,15
2023-06-22T01:22:52,15,0,2,15
2023-06-22T01:35:14,15,0,2,15
2023-06-22T01:47:37,15,0,2,15
2023-06-22T02:00:02,15,0,2,15
2023-06-22T02:12:23,15,0,2,15
2023-06-22T02:24:42,15,0,2,15
2023-06-22T02:37:04,15,0,2,15
2023-06-22T02:49:38,15,0,2,15
2023-06-22T03:01:58,15,0,2,15
2023-06-22T03:14:20,15,0,2,15
2023-06-22T03:26:43,15,0,2,15
2023-06-22T03:39:04,15,0,2,15
2023-06-22T03:51:26,15,0,2,15
2023-06-22T04:03:47,15,0,2,15
2023-06-22T04:16:08,15,0,2,15
2023-06-22T04:28:55,15,0,2,15
2023-06-22T04:41:45,15,0,2,15
2023-06-22T04:54:08,15,0,2,15
2023-06-22T05:06:30,15,0,2,15
2023-06-22T05:18:51,15,0,2,15
2023-06-22T05:31:10,15,0,2,15
2023-06-22T05:43:31,15,0,2,15
2023-06-22T05:55:54,15,0,2,15
2023-06-22T06:08:16,15,0,2,15
2023-06-22T06:20:41,15,0,2,15
2023-06-22T06:33:04,15,0,2,15
2023-06-22T06:45:25,15,0,2,15
2023-06-22T06:57:46,15,0,2,15
2023-06-22T07:10:20,15,0,2,15
2023-06-22T07:22:42,15,0,2,15
2023-06-22T07:35:03,15,0,2,15
2023-06-22T07:47:23,15,0,2,15
2023-06-22T07:59:44,15,0,2,15
2023-06-22T08:12:03,15,0,2,15
2023-06-22T08:24:24,15,0,2,15
2023-06-22T08:36:54,15,0,2,15
2023-06-22T08:49:14,15,0,2,15
2023-06-22T09:01:34,15,0,2,15
2023-06-22T09:13:54,15,0,2,15
2023-06-22T09:26:14,15,0,2,15
2023-06-22T09:38:37,15,0,2,15
2023-06-22T09:51:08,15,0,2,15
2023-06-22T10:03:28,15,0,2,15
2023-06-22T10:15:48,15,0,2,15
2023-06-22T10:28:09,15,0,2,15
2023-06-22T10:40:43,15,0,2,15
2023-06-22T10:53:04,15,0,2,15
2023-06-22T11:05:24,15,0,2,15
2023-06-22T11:17:46,15,0,2,15
2023-06-22T11:30:05,15,0,2,15
2023-06-22T11:42:37,15,0,2,15
2023-06-22T11:54:56,15,0,2,15
2023-06-22T12:07:16,15,0,2,15
2023-06-22T12:19:35,15,0,2,15
2023-06-22T12:32:06,15,0,2,15
2023-06-22T12:44:26,15,0,2,15
2023-06-22T12:56:45,15,0,2,15
2023-06-22T13:09:05,15,0,2,15
2023-06-22T13:21:25,15,0,2,15
2023-06-22T13:33:59,15,0,2,15
2023-06-22T13:46:22,15,0,2,15
2023-06-22T13:58:41,15,0,2,15
2023-06-22T14:11:13,15,0,2,15
2023-06-22T14:23:32,15,0,2,15
2023-06-22T14:35:51,15,0,2,15
2023-06-22T14:48:13,15,0,2,15
2023-06-22T15:00:32,15,0,2,15
2023-06-22T15:12:52,15,0,2,15
2023-06-22T15:25:26,15,0,2,15
2023-06-22T15:37:45,15,0,2,15
2023-06-22T15:50:04,15,0,2,15
2023-06-22T16:02:24,15,0,2,15
2023-06-22T16:14:44,15,0,2,15
2023-06-22T16:27:14,15,0,2,15
2023-06-22T16:39:33,15,0,2,15
2023-06-22T16:51:52,15,0,2,15
2023-06-22T17:04:11,15,0,2,15
2023-06-22T17:16:32,15,0,2,15
2023-06-22T17:28:51,15,0,2,15
2023-06-22T17:41:22,15,0,2,15
2023-06-22T17:53:42,15,0,2,15
2023-06-22T18:06:01,15,0,2,15
2023-06-22T18:18:22,15,0,2,15
2023-06-22T18:30:42,15,0,2,15
2023-06-22T18:43:01,15,0,2,15
2023-06-22T18:55:35,15,0,2,15
2023-06-22T19:07:54,15,0,2,15
2023-06-22T19:20:13,15,0,2,15
2023-06-22T19:32:32,15,0,2,15
2023-06-22T19:44:51,15,0,2,15
2023-06-22T19:57:11,15,0,2,15
2023-06-22T20:09:30,15,0,2,15
2023-06-22T20:22:02,15,0,2,15
2023-06-22T20:34:21,15,0,2,15
2023-06-22T20:46:39,15,0,2,15
2023-06-22T20:58:59,15,0,2,15
2023-06-22T21:11:18,15,0,2,15
2023-06-22T21:23:37,15,0,2,15
2023-06-22T21:35:56,15,0,2,15
2023-06-22T21:48:27,15,0,2,15
2023-06-22T22:00:46,15,0,2,15
2023-06-22T22:13:05,15,0,2,15
2023-06-22T22:25:25,15,0,2,15
2023-06-22T22:37:45,15,0,2,15
2023-06-22T22:50:04,15,0,2,15
2023-06-22T23:02:23,15,0,2,15
2023-06-22T23:14:57,15,0,2,15
2023-06-22T23:27:17,15,0,2,15
2023-06-22T23:39:37,15,0,2,15
2023-06-22T23:51:57,15,0,2,15
2023-06-23T00:04:17,15,0,2,15
2023-06-23T00:16:38,15,0,2,15
2023-06-23T00:29:00,15,0,2,15
2023-06-23T00:41:35,15,0,2,15
2023-06-23T00:53:58,15,0,2,15
2023-06-23T01:06:22,15,0,2,15
2023-06-23T01:18:45,15,0,2,15
2023-06-23T01:31:21,15,0,2,15
2023-06-23T01:43:47,15,0,2,15
2023-06-23T01:56:11,15,0,2,15
2023-06-23T02:08:33,15,0,2,15
2023-06-23T02:20:54,15,0,2,15
2023-06-23T02:33:17,15,0,2,15
2023-06-23T02:45:38,15,0,2,15
2023-06-23T02:57:58,15,0,2,15
2023-06-23T03:10:17,15,0,2,15
2023-06-23T03:22:36,15,0,2,15
2023-06-23T03:35:07,15,0,2,15
2023-06-23T03:47:25,15,0,2,15
2023-06-23T03:59:43,15,0,2,15
2023-06-23T04:18:06,15,0,2,15
2023-06-23T04:30:51,15,0,2,15
2023-06-23T04:43:11,15,0,2,15
2023-06-23T04:55:34,15,0,2,15
2023-06-23T05:07:57,15,0,2,15
2023-06-23T05:20:29,15,0,2,15
2023-06-23T05:32:56,15,0,2,15
2023-06-23T05:45:20,15,0,2,15
2023-06-23T05:57:43,15,0,2,15
2023-06-23T06:10:06,15,0,2,15
2023-06-23T06:22:37,15,0,2,15
2023-06-23T06:35:00,15,0,2,15
2023-06-23T06:47:22,15,0,2,15
2023-06-23T06:59:44,15,0,2,15
2023-06-23T07:12:08,15,0,2,15
2023-06-23T07:24:30,15,0,2,15
2023-06-23T07:36:52,15,0,2,15
2023-06-23T07:49:13,15,0,2,15
2023-06-23T08:01:35,15,0,2,15
2023-06-23T08:13:56,15,0,2,15
2023-06-23T08:26:19,15,0,2,15
2023-06-23T08:38:40,15,0,2,15
2023-06-23T08:51:00,15,0,2,15
2023-06-23T09:03:31,15,0,2,15
2023-06-23T09:15:51,15,0,2,15
2023-06-23T09:28:10,15,0,2,15
2023-06-23T09:40:29,15,0,2,15
2023-06-23T09:52:48,15,0,2,15
2023-06-23T10:05:09,15,0,2,15
2023-06-23T10:17:28,15,0,2,15
2023-06-23T10:29:48,15,0,2,15
2023-06-23T10:42:18,15,0,2,15
2023-06-23T10:54:37,15,0,2,15
2023-06-23T11:06:56,15,0,2,15
2023-06-23T11:19:16,15,0,2,15
2023-06-23T11:31:36,15,0,2,15
2023-06-23T11:43:56,15,0,2,15
2023-06-23T11:56:25,15,0,2,15
2023-06-23T12:08:44,15,0,2,15
2023-06-23T12:21:04,15,0,2,15
2023-06-23T12:33:23,15,0,2,15
2023-06-23T12:45:43,15,0,2,15
2023-06-23T12:58:03,15,0,2,15
2023-06-23T13:10:33,15,0,2,15
2023-06-23T13:22:54,15,0,2,15
2023-06-23T13:35:13,15,0,2,15
2023-06-23T13:47:33,15,0,2,15
2023-06-23T13:59:54,15,0,2,15
2023-06-23T14:12:14,15,0,2,15
2023-06-23T14:24:48,15,0,2,15
2023-06-23T14:37:08,15,0,2,15
2023-06-23T14:49:28,15,0,2,15
2023-06-23T15:01:47,15,0,2,15
2023-06-23T15:14:06,15,0,2,15
2023-06-23T15:26:26,15,0,2,15
2023-06-23T15:38:46,15,0,2,15
2023-06-23T15:51:18,15,0,2,15
2023-06-23T16:03:38,15,0,2,15
2023-06-23T16:15:58,15,0,2,15
2023-06-23T16:28:17,15,0,2,15
2023-06-23T16:40:37,15,0,2,15
2023-06-23T16:52:56,15,0,2,15
2023-06-23T17:05:28,15,0,2,15
2023-06-23T17:17:48,15,0,2,15
2023-06-23T17:30:07,15,0,2,15
2023-06-23T17:42:27,15,0,2,15
2023-06-23T17:54:46,15,0,2,15
2023-06-23T18:07:06,15,0,2,15
2023-06-23T18:19:25,15,0,2,15
2023-06-23T18:31:55,15,0,2,15
2023-06-23T18:44:14,15,0,2,15
2023-06-23T18:56:33,15,0,2,15
2023-06-23T19:08:54,15,0,2,15
2023-06-23T19:21:14,15,0,2,15
2023-06-23T19:33:33,15,0,2,15
2023-06-23T19:46:04,15,0,2,15
2023-06-23T19:58:24,15,0,2,15
2023-06-23T20:10:44,15,0,2,15
2023-06-23T20:23:03,15,0,2,15
2023-06-23T20:35:23,15,0,2,15
2023-06-23T20:47:42,15,0,2,15
2023-06-23T21:00:13,15,0,2,15
2023-06-23T21:12:33,15,0,2,15
2023-06-23T21:24:52,15,0,2,15
2023-06-23T21:37:12,15,0,2,15
2023-06-23T21:49:32,15,0,2,15
2023-06-23T22:01:52,15,0,2,15
2023-06-23T22:14:14,15,0,2,15
2023-06-23T22:26:44,15,0,2,15
2023-06-23T22:39:04,15,0,2,15
2023-06-23T22:51:24,15,0,2,15
2023-06-23T23:03:44,15,0,2,15
2023-06-23T23:16:05,15,0,2,15
2023-06-23T23:28:25,15,0,2,15
2023-06-23T23:40:46,15,0,2,15
2023-06-23T23:53:18,15,0,2,15
2023-06-24T00:05:40,15,0,2,15
2023-06-24T00:18:05,15,0,2,15
2023-06-24T00:30:29,15,0,2,15
2023-06-24T00:42:52,15,0,2,15
2023-06-24T00:55:16,15,0,2,15
2023-06-24T01:07:40,15,0,2,15
2023-06-24T01:20:04,15,0,2,15
2023-06-24T01:32:28,15,0,2,15
2023-06-24T01:44:54,15,0,2,15
2023-06-24T01:57:30,15,0,2,15
2023-06-24T02:09:53,15,0,2,15
2023-06-24T02:22:17,15,0,2,15
2023-06-24T02:34:40,15,0,2,15
2023-06-24T02:47:00,15,0,2,15
2023-06-24T02:59:20,15,0,2,15
2023-06-24T03:11:41,15,0,2,15
2023-06-24T03:24:03,15,0,2,15
2023-06-24T03:36:25,15,0,2,15
2023-06-24T03:48:46,15,0,2,15
2023-06-24T04:01:08,15,0,2,15
2023-06-24T04:20:57,15,0,2,15
2023-06-24T04:33:44,15,0,2,15
2023-06-24T04:46:08,15,0,2,15
2023-06-24T04:58:33,15,0,2,15
2023-06-24T05:10:55,15,0,2,15
2023-06-24T05:23:17,15,0,2,15
2023-06-24T05:35:46,15,0,2,15
2023-06-24T05:48:10,15,0,2,15
2023-06-24T06:00:33,15,0,2,15
2023-06-24T06:12:55,15,0,2,15
2023-06-24T06:25:17,15,0,2,15
2023-06-24T06:37:40,15,0,2,15
2023-06-24T06:50:02,15,0,2,15
2023-06-24T07:02:24,15,0,2,15
2023-06-24T07:14:57,15,0,2,15
2023-06-24T07:27:20,15,0,2,15
2023-06-24T07:39:41,15,0,2,15
2023-06-24T07:52:04,15,0,2,15
2023-06-24T08:04:26,15,0,2,15
2023-06-24T08:16:49,15,0,2,15
2023-06-24T08:29:11,15,0,2,15
2023-06-24T08:41:33,15,0,2,15
2023-06-24T08:53:54,15,0,2,15
2023-06-24T09:06:26,15,0,2,15
2023-06-24T09:18:48,15,0,2,15
2023-06-24T09:31:10,15,0,2,15
2023-06-24T09:43:32,15,0,2,15
2023-06-24T09:55:55,15,0,2,15
2023-06-24T10:08:18,15,0,2,15
2023-06-24T10:20:40,15,0,2,15
2023-06-24T10:33:02,15,0,2,15
2023-06-24T10:45:26,15,0,2,15
2023-06-24T10:57:48,15,0,2,15
2023-06-24T11:10:20,15,0,2,15
2023-06-24T11:22:42,15,0,2,15
2023-06-24T11:35:03,15,0,2,15
2023-06-24T11:47:24,15,0,2,15
2023-06-24T11:59:45,15,0,2,15
2023-06-24T12:12:06,15,0,2,15
2023-06-24T12:24:26,15,0,2,15
2023-06-24T12:36:46,15,0,2,15
2023-06-24T12:49:06,15,0,2,15
2023-06-24T13:01:25,15,0,2,15
2023-06-24T13:13:56,15,0,2,15
2023-06-24T13:26:15,15,0,2,15
2023-06-24T13:38:34,15,0,2,15
2023-06-24T13:50:53,15,0,2,15
2023-06-24T14:03:12,15,0,2,15
2023-06-24T14:15:30,15,0,2,15
2023-06-24T14:27:50,15,0,2,15
2023-06-24T14:40:09,15,0,2,15
2023-06-24T14:52:28,15,0,2,15
2023-06-24T15:04:56,15,0,2,15
2023-06-24T15:17:15,15,0,2,15
2023-06-24T15:29:34,15,0,2,15
2023-06-24T15:41:53,15,0,2,15
2023-06-24T15:54:12,15,0,2,15
2023-06-24T16:06:31,15,0,2,15
2023-06-24T16:18:50,15,0,2,15
2023-06-24T16:31:09,15,0,2,15
2023-06-24T16:43:28,15,0,2,15
2023-06-24T16:55:57,15,0,2,15
2023-06-24T17:08:17,15,0,2,15
2023-06-24T17:20:37,15,0,2,15
2023-06-24T17:32:57,15,0,2,15
2023-06-24T17:45:16,15,0,2,15
2023-06-24T17:57:35,15,0,2,15
2023-06-24T18:09:56,15,0,2,15
2023-06-24T18:22:16,15,0,2,15
2023-06-24T18:34:46,15,0,2,15
2023-06-24T18:47:05,15,0,2,15
2023-06-24T18:59:25,15,0,2,15
2023-06-24T19:11:45,15,0,2,15
2023-06-24T19:24:04,15,0,2,15
2023-06-24T19:36:24,15,0,2,15
2023-06-24T19:48:43,15,0,2,15
2023-06-24T20:01:03,15,0,2,15
2023-06-24T20:13:33,15,0,2,15
2023-06-24T20:25:52,15,0,2,15
2023-06-24T20:38:12,15,0,2,15
2023-06-24T20:50:31,15,0,2,15
2023-06-24T21:02:50,15,0,2,15
2023-06-24T21:15:09,15,0,2,15
2023-06-24T21:27:28,15,0,2,15
2023-06-24T21:39:47,15,0,2,15
2023-06-24T21:52:07,15,0,2,15
2023-06-24T22:04:38,15,0,2,15
2023-06-24T22:16:57,15,0,2,15
2023-06-24T22:29:17,15,0,2,15
2023-06-24T22:41:36,15,0,2,15
2023-06-24T22:53:55,15,0,2,15
2023-06-24T23:06:15,15,0,2,15
2023-06-24T23:18:35,15,0,2,15
2023-06-24T23:30:55,15,0,2,15
2023-06-24T23:43:16,15,0,2,15
2023-06-24T23:55:47,15,0,2,15
2023-06-25T00:08:08,15,0,2,15
2023-06-25T00:20:34,15,0,2,15
2023-06-25T00:32:57,15,0,2,15
2023-06-25T00:45:20,15,0,2,15
2023-06-25T00:57:44,15,0,2,15
2023-06-25T01:10:06,15,0,2,15
2023-06-25T01:22:39,15,0,2,15
2023-06-25T01:35:02,15,0,2,15
2023-06-25T01:47:25,15,0,2,15
2023-06-25T01:59:47,15,0,2,15
2023-06-25T02:12:18,15,0,2,15
2023-06-25T02:24:41,15,0,2,15
2023-06-25T02:37:06,15,0,2,15
2023-06-25T02:49:28,15,0,2,15
2023-06-25T03:01:50,15,0,2,15
2023-06-25T03:14:12,15,0,2,15
2023-06-25T03:26:35,15,0,2,15
2023-06-25T03:39:08,15,0,2,15
2023-06-25T03:51:31,15,0,2,15
2023-06-25T04:03:53,15,0,2,15
2023-06-25T04:21:32,15,0,2,15
2023-06-25T04:33:57,15,0,2,15
2023-06-25T04:47:47,15,0,2,15
2023-06-25T05:00:30,15,0,2,15
2023-06-25T05:12:53,15,0,2,15
2023-06-25T05:25:15,15,0,2,15
2023-06-25T05:37:38,15,0,2,15
2023-06-25T05:50:02,15,0,2,15
2023-06-25T06:02:24,15,0,2,15
2023-06-25T06:14:47,15,0,2,15
2023-06-25T06:27:09,15,0,2,15
2023-06-25T06:39:32,15,0,2,15
2023-06-25T06:52:01,15,0,2,15
2023-06-25T07:04:22,15,0,2,15
2023-06-25T07:16:43,15,0,2,15
2023-06-25T07:29:03,15,0,2,15
2023-06-25T07:41:23,15,0,2,15
2023-06-25T07:53:42,15,0,2,15
2023-06-25T08:06:02,15,0,2,15
2023-06-25T08:18:22,15,0,2,15
2023-06-25T08:30:43,15,0,2,15
2023-06-25T08:43:11,15,0,2,15
2023-06-25T08:55:30,15,0,2,15
2023-06-25T09:07:50,15,0,2,15
2023-06-25T09:20:10,15,0,2,15
2023-06-25T09:32:30,15,0,2,15
2023-06-25T09:44:51,15,0,2,15
2023-06-25T09:57:10,15,0,2,15
2023-06-25T10:09:30,15,0,2,15
2023-06-25T10:21:49,15,0,2,15
2023-06-25T10:34:19,15,0,2,15
2023-06-25T10:46:40,15,0,2,15
2023-06-25T10:59:03,15,0,2,15
2023-06-25T11:11:23,15,0,2,15
2023-06-25T11:23:43,15,0,2,15
2023-06-25T11:36:03,15,0,2,15
2023-06-25T11:48:25,15,0,2,15
2023-06-25T12:00:46,15,0,2,15
2023-06-25T12:13:08,15,0,2,15
2023-06-25T12:25:31,15,0,2,15
2023-06-25T12:37:52,15,0,2,15
2023-06-25T12:50:23,15,0,2,15
2023-06-25T13:02:43,15,0,2,15
2023-06-25T13:15:02,15,0,2,15
2023-06-25T13:27:22,15,0,2,15
2023-06-25T13:39:41,15,0,2,15
2023-06-25T13:52:01,15,0,2,15
2023-06-25T14:04:20,15,0,2,15
2023-06-25T14:16:49,15,0,2,15
2023-06-25T14:29:08,15,0,2,15
2023-06-25T14:41:27,15,0,2,15
2023-06-25T14:53:46,15,0,2,15
2023-06-25T15:06:05,15,0,2,15
2023-06-25T15:18:36,15,0,2,15
2023-06-25T15:30:55,15,0,2,15
2023-06-25T15:43:14,15,0,2,15
2023-06-25T15:55:33,15,0,2,15
2023-06-25T16:07:53,15,0,2,15
2023-06-25T16:20:13,15,0,2,15
2023-06-25T16:32:43,15,0,2,15
2023-06-25T16:45:03,15,0,2,15
2023-06-25T16:57:22,15,0,2,15
2023-06-25T17:09:42,15,0,2,15
2023-06-25T17:22:02,15,0,2,15
2023-06-25T17:34:21,15,0,2,15
2023-06-25T17:46:41,15,0,2,15
2023-06-25T17:59:10,15,0,2,15
2023-06-25T18:11:29,15,0,2,15
2023-06-25T18:23:49,15,0,2,15
2023-06-25T18:36:08,15,0,2,15
2023-06-25T18:48:27,15,0,2,15
2023-06-25T19:00:47,15,0,2,15
2023-06-25T19:13:18,15,0,2,15
2023-06-25T19:25:38,15,0,2,15
2023-06-25T19:37:57,15,0,2,15
2023-06-25T19:50:17,15,0,2,15
2023-06-25T20:02:36,15,0,2,15
2023-06-25T20:14:56,15,0,2,15
2023-06-25T20:27:15,15,0,2,15
2023-06-25T20:39:44,15,0,2,15
2023-06-25T20:52:04,15,0,2,15
2023-06-25T21:04:23,15,0,2,15
2023-06-25T21:16:43,15,0,2,15
2023-06-25T21:29:02,15,0,2,15
2023-06-25T21:41:22,15,0,2,15
2023-06-25T21:53:42,15,0,2,15
2023-06-25T22:06:11,15,0,2,15
2023-06-25T22:18:31,15,0,2,15
2023-06-25T22:30:50,15,0,2,15
2023-06-25T22:43:11,15,0,2,15
2023-06-25T22:55:30,15,0,2,15
2023-06-25T23:07:50,15,0,2,15
2023-06-25T23:20:10,15,0,2,15
2023-06-25T23:32:31,15,0,2,15
2023-06-25T23:44:52,15,0,2,15
2023-06-25T23:57:23,15,0,2,15
2023-06-26T00:09:46,15,0,2,15
2023-06-26T00:22:16,15,0,2,15
2023-06-26T00:34:52,15,0,2,15
2023-06-26T00:47:17,15,0,2,15
2023-06-26T00:59:38,15,0,2,15
2023-06-26T01:12:06,15,0,2,15
2023-06-26T01:24:29,15,0,2,15
2023-06-26T01:37:07,15,0,2,15
2023-06-26T01:49:30,15,0,2,15
2023-06-26T02:01:58,15,0,2,15
2023-06-26T02:14:32,15,0,2,15
2023-06-26T02:26:54,15,0,2,15
2023-06-26T02:39:17,15,0,2,15
2023-06-26T02:51:39,15,0,2,15
2023-06-26T03:04:01,15,0,2,15
2023-06-26T03:16:24,15,0,2,15
2023-06-26T03:28:47,15,0,2,15
2023-06-26T03:41:09,15,0,2,15
2023-06-26T03:53:31,15,0,2,15
2023-06-26T04:06:32,15,0,2,15
2023-06-26T04:33:45,15,0,2,15
2023-06-26T04:46:38,15,0,2,15
2023-06-26T04:59:03,15,0,2,15
2023-06-26T05:11:30,15,0,2,15
2023-06-26T05:23:53,15,0,2,15
2023-06-26T05:36:17,15,0,2,15
2023-06-26T05:48:40,15,0,2,15
2023-06-26T06:01:03,15,0,2,15
2023-06-26T06:13:25,15,0,2,15
2023-06-26T06:25:48,15,0,2,15
2023-06-26T06:38:11,15,0,2,15
2023-06-26T06:50:34,15,0,2,15
2023-06-26T07:03:06,15,0,2,15
2023-06-26T07:15:28,15,0,2,15
2023-06-26T07:27:49,15,0,2,15
2023-06-26T07:40:09,15,0,2,15
2023-06-26T07:52:29,15,0,2,15
2023-06-26T08:04:48,15,0,2,15
2023-06-26T08:17:08,15,0,2,15
2023-06-26T08:29:28,15,0,2,15
2023-06-26T08:41:48,15,0,2,15
2023-06-26T08:54:24,15,0,2,15
2023-06-26T09:06:45,15,0,2,15
2023-06-26T09:19:05,15,0,2,15
2023-06-26T09:31:25,15,0,2,15
2023-06-26T09:43:44,15,0,2,15
2023-06-26T09:56:05,15,0,2,15
2023-06-26T10:08:37,15,0,2,15
2023-06-26T10:20:57,15,0,2,15
2023-06-26T10:33:17,15,0,2,15
2023-06-26T10:45:38,15,0,2,15
2023-06-26T10:57:58,15,0,2,15
2023-06-26T11:10:18,15,0,2,15
2023-06-26T11:22:39,15,0,2,15
2023-06-26T11:35:13,15,0,2,15
2023-06-26T11:47:33,15,0,2,15
2023-06-26T11:59:53,15,0,2,15
2023-06-26T12:12:13,15,0,2,15
2023-06-26T12:24:33,15,0,2,15
2023-06-26T12:36:53,15,0,2,15
2023-06-26T12:49:13,15,0,2,15
2023-06-26T13:01:44,15,0,2,15
2023-06-26T13:14:05,15,0,2,15
2023-06-26T13:26:25,15,0,2,15
2023-06-26T13:38:48,15,0,2,15
2023-06-26T13:51:08,15,0,2,15
2023-06-26T14:03:29,15,0,2,15
2023-06-26T14:16:01,15,0,2,15
2023-06-26T14:28:23,15,0,2,15
2023-06-26T14:40:46,15,0,2,15
2023-06-26T14:53:08,15,0,2,15
2023-06-26T15:05:29,15,0,2,15
2023-06-26T15:17:50,15,0,2,15
2023-06-26T15:30:11,15,0,2,15
2023-06-26T15:42:33,15,0,2,15
2023-06-26T15:55:06,15,0,2,15
2023-06-26T16:07:28,15,0,2,15
2023-06-26T16:19:49,15,0,2,15
2023-06-26T16:32:11,15,0,2,15
2023-06-26T16:44:32,15,0,2,15
2023-06-26T16:56:53,15,0,2,15
2023-06-26T17:09:26,15,0,2,15
2023-06-26T17:21:48,15,0,2,15
2023-06-26T17:34:09,15,0,2,15
2023-06-26T17:46:30,15,0,2,15
2023-06-26T17:58:51,15,0,2,15
2023-06-26T18:11:12,15,0,2,15
2023-06-26T18:23:34,15,0,2,15
2023-06-26T18:35:54,15,0,2,15
2023-06-26T18:48:15,15,0,2,15
2023-06-26T19:00:47,15,0,2,15
2023-06-26T19:13:09,15,0,2,15
2023-06-26T19:25:30,15,0,2,15
2023-06-26T19:37:51,15,0,2,15
2023-06-26T19:50:12,15,0,2,15
2023-06-26T20:02:33,15,0,2,15
2023-06-26T20:14:54,15,0,2,15
2023-06-26T20:27:17,15,0,2,15
2023-06-26T20:39:38,15,0,2,15
2023-06-26T20:51:59,15,0,2,15
2023-06-26T21:04:31,15,0,2,15
2023-06-26T21:16:52,15,0,2,15
2023-06-26T21:29:13,15,0,2,15
2023-06-26T21:41:35,15,0,2,15
2023-06-26T21:53:56,15,0,2,15
2023-06-26T22:06:17,15,0,2,15
2023-06-26T22:18:38,15,0,2,15
2023-06-26T22:31:00,15,0,2,15
2023-06-26T22:43:21,15,0,2,15
2023-06-26T22:55:42,15,0,2,15
2023-06-26T23:08:04,15,0,2,15
2023-06-26T23:20:37,15,0,2,15
2023-06-26T23:33:00,15,0,2,15
2023-06-26T23:45:22,15,0,2,15
2023-06-26T23:57:44,15,0,2,15
2023-06-27T00:10:09,15,0,2,15
2023-06-27T00:22:35,15,0,2,15
2023-06-27T00:35:00,15,0,2,15
2023-06-27T00:47:24,15,0,2,15
2023-06-27T00:59:49,15,0,2,15
2023-06-27T01:12:15,15,0,2,15
2023-06-27T01:24:40,15,0,2,15
2023-06-27T01:37:06,15,0,2,15
2023-06-27T01:49:30,15,0,2,15
2023-06-27T02:02:04,15,0,2,15
2023-06-27T02:14:27,15,0,2,15
2023-06-27T02:26:51,15,0,2,15
2023-06-27T02:39:15,15,0,2,15
2023-06-27T02:51:37,15,0,2,15
2023-06-27T03:03:59,15,0,2,15
2023-06-27T03:16:23,15,0,2,15
2023-06-27T03:28:46,15,0,2,15
2023-06-27T03:41:09,15,0,2,15
2023-06-27T03:53:33,15,0,2,15
2023-06-27T04:05:57,15,0,2,15
2023-06-27T04:21:01,15,0,2,15
2023-06-27T04:34:47,15,0,2,15
2023-06-27T04:47:32,15,0,2,15
2023-06-27T05:00:00,15,0,2,15
2023-06-27T05:12:43,15,0,2,15
2023-06-27T05:25:08,15,0,2,15
2023-06-27T05:37:33,15,0,2,15
2023-06-27T05:49:57,15,0,2,15
2023-06-27T06:02:21,15,0,2,15
2023-06-27T06:14:45,15,0,2,15
2023-06-27T06:27:09,15,0,2,15
2023-06-27T06:39:33,15,0,2,15
2023-06-27T06:51:58,15,0,2,15
2023-06-27T07:04:22,15,0,2,15
2023-06-27T07:16:45,15,0,2,15
2023-06-27T07:29:11,15,0,2,15
2023-06-27T07:41:33,15,0,2,15
2023-06-27T07:53:57,15,0,2,15
2023-06-27T08:06:20,15,0,2,15
2023-06-27T08:18:43,15,0,2,15
2023-06-27T08:31:06,15,0,2,15
2023-06-27T08:43:37,15,0,2,15
2023-06-27T08:56:00,15,0,2,15
2023-06-27T09:08:23,15,0,2,15
2023-06-27T09:20:45,15,0,2,15
2023-06-27T09:33:08,15,0,2,15
2023-06-27T09:45:32,15,0,2,15
2023-06-27T09:57:55,15,0,2,15
2023-06-27T10:10:18,15,0,2,15
2023-06-27T10:22:42,15,0,2,15
2023-06-27T10:35:06,15,0,2,15
2023-06-27T10:47:27,15,0,2,15
2023-06-27T11:00:03,15,0,2,15
2023-06-27T11:12:26,15,0,2,15
2023-06-27T11:24:48,15,0,2,15
2023-06-27T11:37:10,15,0,2,15
2023-06-27T11:49:32,15,0,2,15
2023-06-27T12:01:54,15,0,2,15
2023-06-27T12:14:15,15,0,2,15
2023-06-27T12:26:38,15,0,2,15
2023-06-27T12:39:00,15,0,2,15
2023-06-27T12:51:35,15,0,2,15
2023-06-27T13:03:57,15,0,2,15
2023-06-27T13:16:19,15,0,2,15
2023-06-27T13:28:42,15,0,2,15
2023-06-27T13:41:05,15,0,2,15
2023-06-27T13:53:27,15,0,2,15
2023-06-27T14:05:49,15,0,2,15
2023-06-27T14:18:10,15,0,2,15
2023-06-27T14:30:43,15,0,2,15
2023-06-27T14:43:05,15,0,2,15
2023-06-27T14:55:27,15,0,2,15
2023-06-27T15:07:49,15,0,2,15
2023-06-27T15:20:11,15,0,2,15
2023-06-27T15:32:34,15,0,2,15
2023-06-27T15:44:57,15,0,2,15
2023-06-27T15:57:21,15,0,2,15
2023-06-27T16:09:54,15,0,2,15
2023-06-27T16:22:17,15,0,2,15
2023-06-27T16:34:40,15,0,2,15
2023-06-27T16:47:03,15,0,2,15
2023-06-27T16:59:27,15,0,2,15
2023-06-27T17:11:51,15,0,2,15
2023-06-27T17:24:15,15,0,2,15
2023-06-27T17:36:38,15,0,2,15
2023-06-27T17:49:00,15,0,2,15
2023-06-27T18:01:22,15,0,2,15
2023-06-27T18:13:55,15,0,2,15
2023-06-27T18:26:17,15,0,2,15
2023-06-27T18:38:39,15,0,2,15
2023-06-27T18:51:01,15,0,2,15
2023-06-27T19:03:23,15,0,2,15
2023-06-27T19:15:46,15,0,2,15
2023-06-27T19:28:08,15,0,2,15
2023-06-27T19:40:30,15,0,2,15
2023-06-27T19:52:53,15,0,2,15
2023-06-27T20:05:14,15,0,2,15
2023-06-27T20:17:36,15,0,2,15
2023-06-27T20:29:59,15,0,2,15
2023-06-27T20:42:32,15,0,2,15
2023-06-27T20:54:54,15,0,2,15
2023-06-27T21:07:16,15,0,2,15
2023-06-27T21:19:38,15,0,2,15
2023-06-27T21:32:00,15,0,2,15
2023-06-27T21:44:23,15,0,2,15
2023-06-27T21:56:45,15,0,2,15
2023-06-27T22:09:06,15,0,2,15
2023-06-27T22:21:28,15,0,2,15
2023-06-27T22:33:51,15,0,2,15
2023-06-27T22:46:12,15,0,2,15
2023-06-27T22:58:45,15,0,2,15
2023-06-27T23:11:08,15,0,2,15
2023-06-27T23:23:31,15,0,2,15
2023-06-27T23:35:53,15,0,2,15
2023-06-27T23:48:16,15,0,2,15
2023-06-28T00:00:39,15,0,2,15
2023-06-28T00:13:04,15,0,2,15
2023-06-28T00:25:30,15,0,2,15
2023-06-28T00:37:55,15,0,2,15
2023-06-28T00:50:21,15,0,2,15
2023-06-28T01:02:48,15,0,2,15
2023-06-28T01:15:15,15,0,2,15
2023-06-28T01:27:52,15,0,2,15
2023-06-28T01:40:19,15,0,2,15
2023-06-28T01:52:45,15,0,2,15
2023-06-28T02:05:10,15,0,2,15
2023-06-28T02:17:33,15,0,2,15
2023-06-28T02:29:55,15,0,2,15
2023-06-28T02:42:17,15,0,2,15
2023-06-28T02:54:39,15,0,2,15
2023-06-28T03:07:03,15,0,2,15
2023-06-28T03:19:29,15,0,2,15
2023-06-28T03:31:57,15,0,2,15
2023-06-28T03:44:41,15,0,2,15
2023-06-28T03:57:08,15,0,2,15
2023-06-28T04:09:45,15,0,2,15
2023-06-28T04:32:35,15,0,2,15
2023-06-28T04:46:41,15,0,2,15
2023-06-28T04:59:08,15,0,2,15
2023-06-28T05:11:35,15,0,2,15
2023-06-28T05:24:00,15,0,2,15
2023-06-28T05:36:25,15,0,2,15
2023-06-28T05:48:51,15,0,2,15
2023-06-28T06:01:16,15,0,2,15
2023-06-28T06:13:41,15,0,2,15
2023-06-28T06:26:07,15,0,2,15
2023-06-28T06:38:33,15,0,2,15
2023-06-28T06:51:01,15,0,2,15
2023-06-28T07:03:28,15,0,2,15
2023-06-28T07:15:52,15,0,2,15
2023-06-28T07:28:16,15,0,2,15
2023-06-28T07:40:39,15,0,2,15
2023-06-28T07:53:10,15,0,2,15
2023-06-28T08:05:34,15,0,2,15
2023-06-28T08:17:57,15,0,2,15
2023-06-28T08:30:21,15,0,2,15
2023-06-28T08:42:45,15,0,2,15
2023-06-28T08:55:08,15,0,2,15
2023-06-28T09:07:31,15,0,2,15
2023-06-28T09:19:53,15,0,2,15
2023-06-28T09:32:15,15,0,2,15
2023-06-28T09:44:37,15,0,2,15
2023-06-28T09:56:59,15,0,2,15
2023-06-28T10:09:32,15,0,2,15
2023-06-28T10:21:54,15,0,2,15
2023-06-28T10:34:16,15,0,2,15
2023-06-28T10:46:38,15,0,2,15
2023-06-28T10:59:00,15,0,2,15
2023-06-28T11:11:24,15,0,2,15
2023-06-28T11:23:46,15,0,2,15
2023-06-28T11:36:09,15,0,2,15
2023-06-28T11:48:31,15,0,2,15
2023-06-28T12:00:54,15,0,2,15
2023-06-28T12:13:27,15,0,2,15
2023-06-28T12:25:50,15,0,2,15
2023-06-28T12:38:12,15,0,2,15
2023-06-28T12:50:35,15,0,2,15
2023-06-28T13:02:57,15,0,2,15
2023-06-28T13:15:19,15,0,2,15
2023-06-28T13:27:42,15,0,2,15
2023-06-28T13:40:04,15,0,2,15
2023-06-28T13:52:39,15,0,2,15
2023-06-28T14:05:01,15,0,2,15
2023-06-28T14:17:24,15,0,2,15
2023-06-28T14:29:47,15,0,2,15
2023-06-28T14:42:10,15,0,2,15
2023-06-28T14:54:33,15,0,2,15
2023-06-28T15:06:56,15,0,2,15
2023-06-28T15:19:20,15,0,2,15
2023-06-28T15:31:42,15,0,2,15
2023-06-28T15:44:18,15,0,2,15
2023-06-28T15:56:41,15,0,2,15
2023-06-28T16:09:03,15,0,2,15
2023-06-28T16:21:26,15,0,2,15
2023-06-28T16:33:48,15,0,2,15
2023-06-28T16:46:11,15,0,2,15
2023-06-28T16:58:33,15,0,2,15
2023-06-28T17:10:56,15,0,2,15
2023-06-28T17:23:29,15,0,2,15
2023-06-28T17:35:52,15,0,2,15
2023-06-28T17:48:15,15,0,2,15
2023-06-28T18:00:38,15,0,2,15
2023-06-28T18:13:00,15,0,2,15
2023-06-28T18:25:23,15,0,2,15
2023-06-28T18:37:45,15,0,2,15
2023-06-28T18:50:07,15,0,2,15
2023-06-28T19:02:29,15,0,2,15
2023-06-28T19:15:03,15,0,2,15
2023-06-28T19:27:25,15,0,2,15
2023-06-28T19:39:48,15,0,2,15
2023-06-28T19:52:11,15,0,2,15
2023-06-28T20:04:34,15,0,2,15
2023-06-28T20:16:56,15,0,2,15
2023-06-28T20:29:19,15,0,2,15
2023-06-28T20:41:41,15,0,2,15
2023-06-28T20:54:04,15,0,2,15
2023-06-28T21:06:27,15,0,2,15
2023-06-28T21:18:49,15,0,2,15
2023-06-28T21:31:23,15,0,2,15
2023-06-28T21:43:45,15,0,2,15
2023-06-28T21:56:08,15,0,2,15
2023-06-28T22:08:32,15,0,2,15
2023-06-28T22:20:55,15,0,2,15
2023-06-28T22:33:18,15,0,2,15
2023-06-28T22:45:40,15,0,2,15
2023-06-28T22:58:03,15,0,2,15
2023-06-28T23:10:27,15,0,2,15
2023-06-28T23:22:50,15,0,2,15
2023-06-28T23:35:24,15,0,2,15
2023-06-28T23:47:48,15,0,2,15
2023-06-29T00:00:10,15,0,2,15
2023-06-29T00:12:39,15,0,2,15
2023-06-29T00:25:07,15,0,2,15
2023-06-29T00:37:33,15,0,2,15
2023-06-29T00:50:01,15,0,2,15
2023-06-29T01:02:28,15,0,2,15
2023-06-29T01:14:57,15,0,2,15
2023-06-29T01:27:23,15,0,2,15
2023-06-29T01:39:48,15,0,2,15
2023-06-29T01:52:14,15,0,2,15
2023-06-29T02:04:51,15,0,2,15
2023-06-29T02:17:15,15,0,2,15
2023-06-29T02:29:39,15,0,2,15
2023-06-29T02:42:02,15,0,2,15
2023-06-29T02:54:25,15,0,2,15
2023-06-29T03:06:48,15,0,2,15
2023-06-29T03:19:11,15,0,2,15
2023-06-29T03:31:33,15,0,2,15
2023-06-29T03:43:56,15,0,2,15
2023-06-29T03:56:18,15,0,2,15
2023-06-29T04:19:03,15,0,2,15
2023-06-29T04:31:28,15,0,2,15
2023-06-29T04:45:27,15,0,2,15
2023-06-29T04:58:11,15,0,2,15
2023-06-29T05:10:34,15,0,2,15
2023-06-29T05:23:00,15,0,2,15
2023-06-29T05:35:27,15,0,2,15
2023-06-29T05:47:54,15,0,2,15
2023-06-29T06:00:21,15,0,2,15
2023-06-29T06:12:49,15,0,2,15
2023-06-29T06:25:17,15,0,2,15
2023-06-29T06:37:43,15,0,2,15
2023-06-29T06:50:10,15,0,2,15
2023-06-29T07:02:53,15,0,2,15
2023-06-29T07:15:20,15,0,2,15
2023-06-29T07:27:47,15,0,2,15
2023-06-29T07:40:21,15,0,2,15
2023-06-29T07:52:47,15,0,2,15
2023-06-29T08:05:14,15,0,2,15
2023-06-29T08:17:39,15,0,2,15
2023-06-29T08:30:03,15,0,2,15
2023-06-29T08:42:28,15,0,2,15
2023-06-29T08:54:52,15,0,2,15
2023-06-29T09:07:18,15,0,2,15
2023-06-29T09:19:42,15,0,2,15
2023-06-29T09:32:06,15,0,2,15
2023-06-29T09:44:41,15,0,2,15
2023-06-29T09:57:05,15,0,2,15
2023-06-29T10:09:29,15,0,2,15
2023-06-29T10:21:54,15,0,2,15
2023-06-29T10:34:18,15,0,2,15
2023-06-29T10:46:42,15,0,2,15
2023-06-29T10:59:06,15,0,2,15
2023-06-29T11:11:31,15,0,2,15
2023-06-29T11:23:55,15,0,2,15
2023-06-29T11:36:20,15,0,2,15
2023-06-29T11:48:56,15,0,2,15
2023-06-29T12:01:19,15,0,2,15
2023-06-29T12:13:42,15,0,2,15
2023-06-29T12:26:05,15,0,2,15
2023-06-29T12:38:28,15,0,2,15
2023-06-29T12:50:51,15,0,2,15
2023-06-29T13:03:13,15,0,2,15
2023-06-29T13:15:36,15,0,2,15
2023-06-29T13:27:58,15,0,2,15
2023-06-29T13:40:32,15,0,2,15
2023-06-29T13:52:54,15,0,2,15
2023-06-29T14:05:16,15,0,2,15
2023-06-29T14:17:39,15,0,2,15
2023-06-29T14:30:02,15,0,2,15
2023-06-29T14:42:25,15,0,2,15
2023-06-29T14:54:47,15,0,2,15
2023-06-29T15:07:10,15,0,2,15
2023-06-29T15:19:43,15,0,2,15
2023-06-29T15:32:06,15,0,2,15
2023-06-29T15:44:29,15,0,2,15
2023-06-29T15:56:53,15,0,2,15
2023-06-29T16:09:16,15,0,2,15
2023-06-29T16:21:39,15,0,2,15
2023-06-29T16:34:01,15,0,2,15
2023-06-29T16:46:24,15,0,2,15
2023-06-29T16:58:47,15,0,2,15
2023-06-29T17:11:21,15,0,2,15
2023-06-29T17:23:44,15,0,2,15
2023-06-29T17:36:07,15,0,2,15
2023-06-29T17:48:30,15,0,2,15
2023-06-29T18:00:53,15,0,2,15
2023-06-29T18:13:15,15,0,2,15
2023-06-29T18:25:39,15,0,2,15
2023-06-29T18:38:02,15,0,2,15
2023-06-29T18:50:25,15,0,2,15
2023-06-29T19:02:59,15,0,2,15
2023-06-29T19:15:22,15,0,2,15
2023-06-29T19:27:45,15,0,2,15
2023-06-29T19:40:09,15,0,2,15
2023-06-29T19:52:33,15,0,2,15
2023-06-29T20:04:56,15,0,2,15
2023-06-29T20:17:19,15,0,2,15
2023-06-29T20:29:43,15,0,2,15
2023-06-29T20:42:19,15,0,2,15
2023-06-29T20:54:42,15,0,2,15
2023-06-29T21:07:05,15,0,2,15
2023-06-29T21:19:28,15,0,2,15
2023-06-29T21:31:51,15,0,2,15
2023-06-29T21:44:15,15,0,2,15
2023-06-29T21:56:38,15,0,2,15
2023-06-29T22:09:04,15,0,2,15
2023-06-29T22:21:27,15,0,2,15
2023-06-29T22:33:51,15,0,2,15
2023-06-29T22:46:15,15,0,2,15
2023-06-29T22:58:49,15,0,2,15
2023-06-29T23:11:13,15,0,2,15
2023-06-29T23:23:37,15,0,2,15
2023-06-29T23:36:01,15,0,2,15
2023-06-29T23:48:25,15,0,2,15
2023-06-30T00:00:49,15,0,2,15
2023-06-30T00:13:19,15,0,2,15
2023-06-30T00:25:47,15,0,2,15
2023-06-30T00:38:15,15,0,2,15
2023-06-30T00:50:41,15,0,2,15
2023-06-30T01:03:10,15,0,2,15
2023-06-30T01:15:50,15,0,2,15
2023-06-30T01:28:18,15,0,2,15
2023-06-30T01:40:46,15,0,2,15
2023-06-30T01:53:13,15,0,2,15
2023-06-30T02:05:38,15,0,2,15
2023-06-30T02:18:04,15,0,2,15
2023-06-30T02:30:30,15,0,2,15
2023-06-30T02:42:55,15,0,2,15
2023-06-30T02:55:21,15,0,2,15
2023-06-30T03:07:48,15,0,2,15
2023-06-30T03:20:16,15,0,2,15
2023-06-30T03:32:43,15,0,2,15
2023-06-30T03:45:27,15,0,2,15
2023-06-30T03:57:54,15,0,2,15
2023-06-30T04:10:23,15,0,2,15
2023-06-30T04:23:18,15,0,2,15
2023-06-30T04:35:46,15,0,2,15
2023-06-30T04:49:55,15,0,2,15
2023-06-30T05:02:21,15,0,2,15
2023-06-30T05:14:50,15,0,2,15
2023-06-30T05:27:18,15,0,2,15
2023-06-30T05:39:45,15,0,2,15
2023-06-30T05:52:11,15,0,2,15
2023-06-30T06:04:37,15,0,2,15
2023-06-30T06:17:04,15,0,2,15
2023-06-30T06:29:30,15,0,2,15
2023-06-30T06:41:57,15,0,2,15
2023-06-30T06:54:26,15,0,2,15
2023-06-30T07:06:54,15,0,2,15
2023-06-30T07:19:26,15,0,2,15
2023-06-30T07:31:52,15,0,2,15
2023-06-30T07:44:16,15,0,2,15
2023-06-30T07:56:41,15,0,2,15
2023-06-30T08:09:06,15,0,2,15
2023-06-30T08:21:31,15,0,2,15
2023-06-30T08:33:57,15,0,2,15
2023-06-30T08:46:21,15,0,2,15
2023-06-30T08:58:46,15,0,2,15
2023-06-30T09:11:09,15,0,2,15
2023-06-30T09:23:33,15,0,2,15
2023-06-30T09:35:56,15,0,2,15
2023-06-30T09:48:19,15,0,2,15
2023-06-30T10:00:42,15,0,2,15
2023-06-30T10:13:17,15,0,2,15
2023-06-30T10:25:40,15,0,2,15
2023-06-30T10:38:03,15,0,2,15
2023-06-30T10:50:26,15,0,2,15
2023-06-30T11:02:49,15,0,2,15
2023-06-30T11:15:12,15,0,2,15
2023-06-30T11:27:36,15,0,2,15
2023-06-30T11:40:00,15,0,2,15
2023-06-30T11:52:24,15,0,2,15
2023-06-30T12:04:59,15,0,2,15
2023-06-30T12:17:23,15,0,2,15
2023-06-30T12:29:47,15,0,2,15
2023-06-30T12:42:11,15,0,2,15
2023-06-30T12:54:34,15,0,2,15
2023-06-30T13:06:57,15,0,2,15
2023-06-30T13:19:21,15,0,2,15
2023-06-30T13:31:45,15,0,2,15
2023-06-30T13:44:20,15,0,2,15
2023-06-30T13:56:43,15,0,2,15
2023-06-30T14:09:07,15,0,2,15
2023-06-30T14:21:30,15,0,2,15
2023-06-30T14:33:54,15,0,2,15
2023-06-30T14:46:16,15,0,2,15
2023-06-30T14:58:39,15,0,2,15
2023-06-30T15:11:13,15,0,2,15
2023-06-30T15:23:37,15,0,2,15
2023-06-30T15:36:00,15,0,2,15
2023-06-30T15:48:24,15,0,2,15
2023-06-30T16:00:48,15,0,2,15
2023-06-30T16:13:11,15,0,2,15
2023-06-30T16:25:35,15,0,2,15
2023-06-30T16:37:58,15,0,2,15
2023-06-30T16:50:21,15,0,2,15
2023-06-30T17:02:54,15,0,2,15
2023-06-30T17:15:18,15,0,2,15
2023-06-30T17:27:41,15,0,2,15
2023-06-30T17:40:04,15,0,2,15
2023-06-30T17:52:27,15,0,2,15
2023-06-30T18:04:50,15,0,2,15
2023-06-30T18:17:14,15,0,2,15
2023-06-30T18:29:37,15,0,2,15
2023-06-30T18:42:00,15,0,2,15
2023-06-30T18:54:23,15,0,2,15
2023-06-30T19:06:59,15,0,2,15
2023-06-30T19:19:22,15,0,2,15
2023-06-30T19:31:45,15,0,2,15
2023-06-30T19:44:09,15,0,2,15
2023-06-30T19:56:32,15,0,2,15
2023-06-30T20:08:55,15,0,2,15
2023-06-30T20:21:19,15,0,2,15
2023-06-30T20:33:42,15,0,2,15
2023-06-30T20:46:05,15,0,2,15
2023-06-30T20:58:40,15,0,2,15
2023-06-30T21:11:03,15,0,2,15
2023-06-30T21:23:26,15,0,2,15
2023-06-30T21:35:49,15,0,2,15
2023-06-30T21:48:12,15,0,2,15
2023-06-30T22:00:36,15,0,2,15
2023-06-30T22:12:59,15,0,2,15
2023-06-30T22:33:29,15,0,2,15
2023-06-30T22:46:28,15,0,2,15
2023-06-30T22:58:52,15,0,2,15
2023-06-30T23:11:17,15,0,2,15
2023-06-30T23:23:41,15,0,2,15
2023-06-30T23:36:09,15,0,2,15
2023-06-30T23:48:33,15,0,2,15
2023-07-01T00:00:57,15,0,2,15
2023-07-01T00:13:25,15,0,2,15
2023-07-01T00:25:54,15,0,2,15
2023-07-01T00:38:29,15,0,2,15
2023-07-01T00:50:57,15,0,2,15
2023-07-01T01:03:25,15,0,2,15
2023-07-01T01:15:54,15,0,2,15
2023-07-01T01:28:22,15,0,2,15
2023-07-01T01:40:50,15,0,2,15
2023-07-01T01:53:17,15,0,2,15
2023-07-01T02:05:44,15,0,2,15
2023-07-01T02:18:10,15,0,2,15
2023-07-01T02:30:35,15,0,2,15
2023-07-01T02:43:01,15,0,2,15
2023-07-01T02:55:25,15,0,2,15
2023-07-01T03:07:50,15,0,2,15
2023-07-01T03:20:16,15,0,2,15
2023-07-01T03:32:42,15,0,2,15
2023-07-01T03:45:07,15,0,2,15
2023-07-01T03:57:42,15,0,2,15
2023-07-01T04:20:49,15,0,2,15
2023-07-01T04:33:42,15,0,2,15
2023-07-01T04:46:09,15,0,2,15
2023-07-01T04:58:35,15,0,2,15
2023-07-01T05:11:04,15,0,2,15
2023-07-01T05:23:37,15,0,2,15
2023-07-01T05:36:04,15,0,2,15
2023-07-01T05:48:35,15,0,2,15
2023-07-01T06:01:01,15,0,2,15
2023-07-01T06:13:28,15,0,2,15
2023-07-01T06:25:54,15,0,2,15
2023-07-01T06:38:20,15,0,2,15
2023-07-01T06:50:46,15,0,2,15
2023-07-01T07:03:16,15,0,2,15
2023-07-01T07:15:42,15,0,2,15
2023-07-01T07:28:08,15,0,2,15
2023-07-01T07:40:50,15,0,2,15
2023-07-01T07:53:16,15,0,2,15
2023-07-01T08:05:43,15,0,2,15
2023-07-01T08:18:09,15,0,2,15
2023-07-01T08:30:37,15,0,2,15
2023-07-01T08:43:03,15,0,2,15
2023-07-01T08:55:29,15,0,2,15
2023-07-01T09:07:56,15,0,2,15
2023-07-01T09:20:32,15,0,2,15
2023-07-01T09:32:57,15,0,2,15
2023-07-01T09:45:24,15,0,2,15
2023-07-01T09:57:51,15,0,2,15
2023-07-01T10:10:17,15,0,2,15
2023-07-01T10:22:43,15,0,2,15
2023-07-01T10:35:09,15,0,2,15
2023-07-01T10:47:35,15,0,2,15
2023-07-01T11:00:01,15,0,2,15
2023-07-01T11:12:24,15,0,2,15
2023-07-01T11:24:47,15,0,2,15
2023-07-01T11:37:31,15,0,2,15
2023-07-01T11:49:54,15,0,2,15
2023-07-01T12:02:17,15,0,2,15
2023-07-01T12:14:41,15,0,2,15
2023-07-01T12:27:04,15,0,2,15
2023-07-01T12:39:27,15,0,2,15
2023-07-01T12:51:50,15,0,2,15
2023-07-01T13:04:13,15,0,2,15
2023-07-01T13:16:35,15,0,2,15
2023-07-01T13:28:58,15,0,2,15
2023-07-01T13:41:21,15,0,2,15
2023-07-01T13:53:44,15,0,2,15
2023-07-01T14:06:07,15,0,2,15
2023-07-01T14:18:30,15,0,2,15
2023-07-01T14:31:04,15,0,2,15
2023-07-01T14:43:27,15,0,2,15
2023-07-01T14:55:50,15,0,2,15
2023-07-01T15:08:12,15,0,2,15
2023-07-01T15:20:35,15,0,2,15
2023-07-01T15:32:58,15,0,2,15
2023-07-01T15:45:21,15,0,2,15
2023-07-01T15:57:44,15,0,2,15
2023-07-01T16:10:07,15,0,2,15
2023-07-01T16:22:30,15,0,2,15
2023-07-01T16:34:54,15,0,2,15
2023-07-01T16:47:16,15,0,2,15
2023-07-01T16:59:39,15,0,2,15
2023-07-01T17:12:21,15,0,2,15
2023-07-01T17:24:44,15,0,2,15
2023-07-01T17:37:07,15,0,2,15
2023-07-01T17:49:30,15,0,2,15
2023-07-01T18:01:54,15,0,2,15
2023-07-01T18:14:18,15,0,2,15
2023-07-01T18:26:41,15,0,2,15
2023-07-01T18:39:04,15,0,2,15
2023-07-01T18:51:27,15,0,2,15
2023-07-01T19:03:51,15,0,2,15
2023-07-01T19:16:15,15,0,2,15
2023-07-01T19:28:38,15,0,2,15
2023-07-01T19:41:01,15,0,2,15
2023-07-01T19:53:24,15,0,2,15
2023-07-01T20:05:52,15,0,2,15
2023-07-01T20:18:16,15,0,2,15
2023-07-01T20:30:49,15,0,2,15
2023-07-01T20:43:13,15,0,2,15
2023-07-01T20:55:37,15,0,2,15
2023-07-01T21:08:00,15,0,2,15
2023-07-01T21:20:24,15,0,2,15
2023-07-01T21:32:47,15,0,2,15
2023-07-01T21:45:10,15,0,2,15
2023-07-01T21:57:34,15,0,2,15
2023-07-01T22:09:57,15,0,2,15
2023-07-01T22:22:20,15,0,2,15
2023-07-01T22:34:44,15,0,2,15
2023-07-01T22:47:28,15,0,2,15
2023-07-01T22:59:51,15,0,2,15
2023-07-01T23:12:15,15,0,2,15
2023-07-01T23:24:39,15,0,2,15
2023-07-01T23:37:02,15,0,2,15
2023-07-01T23:49:25,15,0,2,15
2023-07-02T00:02:10,15,0,2,15
2023-07-02T00:14:35,15,0,2,15
2023-07-02T00:27:01,15,0,2,15
2023-07-02T00:39:27,15,0,2,15
2023-07-02T00:51:50,15,0,2,15
2023-07-02T01:04:14,15,0,2,15
2023-07-02T01:16:39,15,0,2,15
2023-07-02T01:29:02,15,0,2,15
2023-07-02T01:41:26,15,0,2,15
2023-07-02T01:53:50,15,0,2,15
2023-07-02T02:06:14,15,0,2,15
2023-07-02T02:18:49,15,0,2,15
2023-07-02T02:31:17,15,0,2,15
2023-07-02T02:43:50,15,0,2,15
2023-07-02T02:56:16,15,0,2,15
2023-07-02T03:08:48,15,0,2,15
2023-07-02T03:21:18,15,0,2,15
2023-07-02T03:33:46,15,0,2,15
2023-07-02T03:46:13,15,0,2,15
2023-07-02T03:58:42,15,0,2,15
2023-07-02T04:18:32,15,0,2,15
2023-07-02T04:32:18,15,0,2,15
2023-07-02T04:45:08,15,0,2,15
2023-07-02T04:57:37,15,0,2,15
2023-07-02T05:10:06,15,0,2,15
2023-07-02T05:22:33,15,0,2,15
2023-07-02T05:34:59,15,0,2,15
2023-07-02T05:47:26,15,0,2,15
2023-07-02T05:59:53,15,0,2,15
2023-07-02T06:12:23,15,0,2,15
2023-07-02T06:24:54,15,0,2,15
2023-07-02T06:37:36,15,0,2,15
2023-07-02T06:50:02,15,0,2,15
2023-07-02T07:02:32,15,0,2,15
2023-07-02T07:14:58,15,0,2,15
2023-07-02T07:27:24,15,0,2,15
2023-07-02T07:39:51,15,0,2,15
2023-07-02T07:52:17,15,0,2,15
2023-07-02T08:04:45,15,0,2,15
2023-07-02T08:17:14,15,0,2,15
2023-07-02T08:29:54,15,0,2,15
2023-07-02T08:42:23,15,0,2,15
2023-07-02T08:54:51,15,0,2,15
2023-07-02T09:07:20,15,0,2,15
2023-07-02T09:19:48,15,0,2,15
2023-07-02T09:32:15,15,0,2,15
2023-07-02T09:44:45,15,0,2,15
2023-07-02T09:57:24,15,0,2,15
2023-07-02T10:09:54,15,0,2,15
2023-07-02T10:22:24,15,0,2,15
2023-07-02T10:34:54,15,0,2,15
2023-07-02T10:47:20,15,0,2,15
2023-07-02T10:59:45,15,0,2,15
2023-07-02T11:12:10,15,0,2,15
2023-07-02T11:24:35,15,0,2,15
2023-07-02T11:36:58,15,0,2,15
2023-07-02T11:49:21,15,0,2,15
2023-07-02T12:01:44,15,0,2,15
2023-07-02T12:14:07,15,0,2,15
2023-07-02T12:26:41,15,0,2,15
2023-07-02T12:39:04,15,0,2,15
2023-07-02T12:51:27,15,0,2,15
2023-07-02T13:03:50,15,0,2,15
2023-07-02T13:16:13,15,0,2,15
2023-07-02T13:28:36,15,0,2,15
2023-07-02T13:40:59,15,0,2,15
2023-07-02T13:53:22,15,0,2,15
2023-07-02T14:05:45,15,0,2,15
2023-07-02T14:18:08,15,0,2,15
2023-07-02T14:30:42,15,0,2,15
2023-07-02T14:43:05,15,0,2,15
2023-07-02T14:55:29,15,0,2,15
2023-07-02T15:07:52,15,0,2,15
2023-07-02T15:20:16,15,0,2,15
2023-07-02T15:32:39,15,0,2,15
2023-07-02T15:45:03,15,0,2,15
2023-07-02T15:57:27,15,0,2,15
2023-07-02T16:09:50,15,0,2,15
2023-07-02T16:22:15,15,0,2,15
2023-07-02T16:34:50,15,0,2,15
2023-07-02T16:47:13,15,0,2,15
2023-07-02T16:59:35,15,0,2,15
2023-07-02T17:11:59,15,0,2,15
2023-07-02T17:24:22,15,0,2,15
2023-07-02T17:36:45,15,0,2,15
2023-07-02T17:49:08,15,0,2,15
2023-07-02T18:01:31,15,0,2,15
2023-07-02T18:13:55,15,0,2,15
2023-07-02T18:26:18,15,0,2,15
2023-07-02T18:38:42,15,0,2,15
2023-07-02T18:51:06,15,0,2,15
2023-07-02T19:03:43,15,0,2,15
2023-07-02T19:16:07,15,0,2,15
2023-07-02T19:28:30,15,0,2,15
2023-07-02T19:40:53,15,0,2,15
2023-07-02T19:53:16,15,0,2,15
2023-07-02T20:05:40,15,0,2,15
2023-07-02T20:18:03,15,0,2,15
2023-07-02T20:30:26,15,0,2,15
2023-07-02T20:42:49,15,0,2,15
2023-07-02T20:55:14,15,0,2,15
2023-07-02T21:07:47,15,0,2,15
2023-07-02T21:20:10,15,0,2,15
2023-07-02T21:32:33,15,0,2,15
2023-07-02T21:44:57,15,0,2,15
2023-07-02T21:57:19,15,0,2,15
2023-07-02T22:09:43,15,0,2,15
2023-07-02T22:22:05,15,0,2,15
2023-07-02T22:34:29,15,0,2,15
2023-07-02T22:46:52,15,0,2,15
2023-07-02T22:59:14,15,0,2,15
2023-07-02T23:11:48,15,0,2,15
2023-07-02T23:24:12,15,0,2,15
2023-07-02T23:36:36,15,0,2,15
2023-07-02T23:48:59,15,0,2,15
2023-07-03T00:01:24,15,0,2,15
2023-07-03T00:13:56,15,0,2,15
2023-07-03T00:26:30,15,0,2,15
2023-07-03T00:39:02,15,0,2,15
2023-07-03T00:51:29,15,0,2,15
2023-07-03T01:04:04,15,0,2,15
2023-07-03T01:16:36,15,0,2,15
2023-07-03T01:29:04,15,0,2,15
2023-07-03T01:41:32,15,0,2,15
2023-07-03T01:53:58,15,0,2,15
2023-07-03T02:06:40,15,0,2,15
2023-07-03T02:19:08,15,0,2,15
2023-07-03T02:31:34,15,0,2,15
2023-07-03T02:43:59,15,0,2,15
2023-07-03T02:56:25,15,0,2,15
2023-07-03T03:08:50,15,0,2,15
2023-07-03T03:21:17,15,0,2,15
2023-07-03T03:33:43,15,0,2,15
2023-07-03T03:46:10,15,0,2,15
2023-07-03T03:58:36,15,0,2,15
2023-07-03T04:11:13,15,0,2,15
2023-07-03T04:30:05,15,0,2,15
2023-07-03T04:42:34,15,0,2,15
2023-07-03T04:56:45,15,0,2,15
2023-07-03T05:09:15,15,0,2,15
2023-07-03T05:21:42,15,0,2,15
2023-07-03T05:34:09,15,0,2,15
2023-07-03T05:46:36,15,0,2,15
2023-07-03T05:59:02,15,0,2,15
2023-07-03T06:11:30,15,0,2,15
2023-07-03T06:23:56,15,0,2,15
2023-07-03T06:36:23,15,0,2,15
2023-07-03T06:48:52,15,0,2,15
2023-07-03T07:01:20,15,0,2,15
2023-07-03T07:13:47,15,0,2,15
2023-07-03T07:26:19,15,0,2,15
2023-07-03T07:38:42,15,0,2,15
2023-07-03T07:51:06,15,0,2,15
2023-07-03T08:03:29,15,0,2,15
2023-07-03T08:15:52,15,0,2,15
2023-07-03T08:28:16,15,0,2,15
2023-07-03T08:40:39,15,0,2,15
2023-07-03T08:53:03,15,0,2,15
2023-07-03T09:05:26,15,0,2,15
2023-07-03T09:18:03,15,0,2,15
2023-07-03T09:30:27,15,0,2,15
2023-07-03T09:42:50,15,0,2,15
2023-07-03T09:55:15,15,0,2,15
2023-07-03T10:07:39,15,0,2,15
2023-07-03T10:20:03,15,0,2,15
2023-07-03T10:32:28,15,0,2,15
2023-07-03T10:45:03,15,0,2,15
2023-07-03T10:57:28,15,0,2,15
2023-07-03T11:09:52,15,0,2,15
2023-07-03T11:22:16,15,0,2,15
2023-07-03T11:34:42,15,0,2,15
2023-07-03T11:47:18,15,0,2,15
2023-07-03T11:59:44,15,0,2,15
2023-07-03T12:12:10,15,0,2,15
2023-07-03T12:24:36,15,0,2,15
2023-07-03T12:37:02,15,0,2,15
2023-07-03T12:49:28,15,0,2,15
2023-07-03T13:01:54,15,0,2,15
2023-07-03T13:14:20,15,0,2,15
2023-07-03T13:26:57,15,0,2,15
2023-07-03T13:39:22,15,0,2,15
2023-07-03T13:51:48,15,0,2,15
2023-07-03T14:04:12,15,0,2,15
2023-07-03T14:16:38,15,0,2,15
2023-07-03T14:29:03,15,0,2,15
2023-07-03T14:41:27,15,0,2,15
2023-07-03T14:53:51,15,0,2,15
2023-07-03T15:06:26,15,0,2,15
2023-07-03T15:18:50,15,0,2,15
2023-07-03T15:31:14,15,0,2,15
2023-07-03T15:43:38,15,0,2,15
2023-07-03T15:56:02,15,0,2,15
2023-07-03T16:08:26,15,0,2,15
2023-07-03T16:20:50,15,0,2,15
2023-07-03T16:33:14,15,0,2,15
2023-07-03T16:45:38,15,0,2,15
2023-07-03T16:58:01,15,0,2,15
2023-07-03T17:10:26,15,0,2,15
2023-07-03T17:23:02,15,0,2,15
2023-07-03T17:35:26,15,0,2,15
2023-07-03T17:47:50,15,0,2,15
2023-07-03T18:00:14,15,0,2,15
2023-07-03T18:12:38,15,0,2,15
2023-07-03T18:25:01,15,0,2,15
2023-07-03T18:37:25,15,0,2,15
2023-07-03T18:49:51,15,0,2,15
2023-07-03T19:02:15,15,0,2,15
2023-07-03T19:14:39,15,0,2,15
2023-07-03T19:27:13,15,0,2,15
2023-07-03T19:39:37,15,0,2,15
2023-07-03T19:52:01,15,0,2,15
